Timestamp,FULL NAME,NICKNAME,GENDER,DATE OF BIRTH,PHONE NUMBER,EMAIL ADDRESS,INSTITUTION TYPE,PROGRAM SELECTED,BRANCH
12/1/2015 7:22,Participant 2005,Participant 2005,Pria,28/04/2008,85000002005,participant2005@email.com,Internal,Audio - Engineer,Solo (Open Class)
12/1/2015 15:03,Participant 2418,Participant 2418,Wanita,15/03/2014,85000002418,participant2418@email.com,Internal,Vocal - Choir,Jakarta (Open Class)
13/01/2015 14:22:25,Participant 2419,Participant 2419,Wanita,26/03/2005,85000002419,participant2419@email.com,Internal,Arts - Percussion,Jakarta (Open Class)
15/01/2015 13:49:16,Participant 2420,Participant 2420,Pria,1/15/2015,85000002420,participant2420@email.com,Internal,Arts - Flag,Yogyakarta (Open Class)
15/01/2015 14:07:03,Participant 2420,Participant 2420,Wanita,1/15/2015,85000002420,participant2420@email.com,Internal,Arts - Flag,Yogyakarta (Open Class)
17/01/2015 12:55:09,PARTICIPANT 2421,PARTICIPANT 2421,Pria,1/17/2015,85000002421,participant2421@email.com,External,Music - Guitar,Yogyakarta (Open Class)
17/01/2015 12:56:23,participant 2422,participant 2422,Pria,1/17/2015,85000002422,participant2422@email.com,External,Music - Guitar,Solo  (Open Class)
9/7/2015 16:54,Participant 2423,Participant 2423,Wanita,5/3/2002,85000002423,participant2423@email.com,Internal,Arts - Movement,Yogyakarta
11/7/2015 10:31,Participant 2424,Participant 2424,Pria,17/09/1985,85000002424,participant2424@email.com,Internal,Vocal - Singer,Yogyakarta
11/7/2015 10:37,Participant 2425,Participant 2425,Wanita,10/9/1991,85000002425,participant2425@email.com,Internal,Vocal - Singer,Yogyakarta
11/7/2015 10:42,Participant 2426,Participant 2426,Pria,8/6/1999,85000002426,participant2426@email.com,Internal,Music - Drum,Yogyakarta
11/7/2015 10:43,Participant 2427,Participant 2427,Pria,20/04/1996,85000002427,participant2427@email.com,Internal,Music - Drum,Yogyakarta
12/7/2015 11:07,Participant 2428,Participant 2428,Pria,12/11/1994,85000002428,participant2428@email.com,Internal,Music - Bass,Yogyakarta
19/07/2015 08:09:10,Participant 2429,Participant 2429,Wanita,6/12/1988,85000002429,participant2429@email.com,Internal,Vocal - Singer,Yogyakarta
19/07/2015 08:45:55,Participant 2430,Participant 2430,Pria,3/3/1980,85000002430,participant2430@email.com,Internal,Music - Guitar,Yogyakarta
19/07/2015 09:57:22,Participant 2431,Participant 2431,Wanita,8/10/1992,85000002431,participant2431@email.com,Internal,Vocal - Singer,Yogyakarta
19/07/2015 12:15:44,Participant 2432,Participant 2432,Pria,6/11/1981,85000002432,participant2432@email.com,Internal,Music - Keyboard,Yogyakarta
19/07/2015 18:10:23,Participant 2433,Participant 2433,Pria,7/8/1995,85000002433,participant2433@email.com,Internal,Music - Drum,Yogyakarta
20/07/2015 12:27:22,Participant 2434,Participant 2434,Pria,12/12/1991,85000002434,participant2434@email.com,Internal,Music - Drum,Yogyakarta
20/07/2015 12:52:59,Participant 2435,Participant 2435,Pria,24/03/1996,85000002435,participant2435@email.com,Internal,Music - Keyboard,Yogyakarta
23/07/2015 01:37:16,Participant 2436,Participant 2436,Pria,17/01/1992,85000002436,participant2436@email.com,Internal,Vocal - Singer,Yogyakarta
24/07/2015 13:15:26,Participant 2437,Participant 2437,Pria,16/11/2015,85000002437,participant2437@email.com,Internal,Audio - Engineer,Yogyakarta
26/07/2015 18:29:36,Participant 2438,Participant 2438,Pria,24/05/1996,85000002438,participant2438@email.com,Internal,Music - Guitar,Yogyakarta
26/07/2015 23:31:37,Participant 2439,Participant 2439,Wanita,1/3/1995,85000002439,participant2439@email.com,Internal,Arts - Percussion,Yogyakarta
28/07/2015 14:42:45,Participant 2440,Participant 2440,Wanita,29/05/1989,85000002440,participant2440@email.com,Internal,Vocal - Singer,Yogyakarta
28/07/2015 14:44:07,Participant 2441,Participant 2441,Pria,16/04/1989,85000002441,participant2441@email.com,Internal,Vocal - Singer,Yogyakarta
31/07/2015 21:18:03,Participant 2442,Participant 2442,Wanita,21/07/1993,85000002442,participant2442@email.com,Internal,Vocal - Singer,Yogyakarta
1/8/2015 18:43,Participant 2443,Participant 2443,Pria,29/03/1993,85000002443,participant2443@email.com,Internal,Vocal - Singer,Yogyakarta
2/8/2015 15:21,Participant 2444,Participant 2444,Wanita,14/10/1990,85000002444,participant2444@email.com,Internal,Arts - Percussion,Yogyakarta
3/8/2015 17:08,Participant 2445,Participant 2445,Wanita,16/09/1999,85000002445,participant2445@email.com,Internal,Arts - Percussion,Yogyakarta
3/8/2015 17:21,Participant 2446,Participant 2446,Pria,22/12/1991,85000002446,participant2446@email.com,Internal,Music - Bass,Yogyakarta
3/8/2015 20:26,Participant 2447,Participant 2447,Wanita,27/02/1997,85000002447,participant2447@email.com,Internal,Arts - Percussion,Yogyakarta
3/8/2015 20:45,Participant 2448,Participant 2448,Wanita,19/05/1998,85000002448,participant2448@email.com,Internal,Arts - Percussion,Yogyakarta
3/8/2015 20:57,Participant 2449,Participant 2449,Wanita,13/10/1998,85000002449,participant2449@email.com,Internal,Vocal - Singer,Yogyakarta
3/8/2015 23:17,Participant 2450,Participant 2450,Pria,2/7/1994,85000002450,participant2450@email.com,Internal,Music - Guitar,Yogyakarta
3/8/2015 23:30,Participant 2451,Participant 2451,Wanita,4/3/2002,85000002451,participant2451@email.com,Internal,Vocal - Singer,Yogyakarta
4/8/2015 14:21,Participant 2452,Participant 2452,Wanita,3/3/1979,85000002452,participant2452@email.com,Internal,Vocal - Body Voice,Yogyakarta
4/8/2015 16:09,Participant 2453,Participant 2453,Pria,28/05/1992,85000002453,participant2453@email.com,Internal,Music - Drum,Yogyakarta
5/8/2015 7:09,Participant 2454,Participant 2454,Pria,6/5/1984,85000002454,participant2454@email.com,Internal,Vocal - Singer,Yogyakarta
5/8/2015 10:36,Participant 2455,Participant 2455,Pria,28/12/1960,85000002455,participant2455@email.com,Internal,Music - Drum,Yogyakarta
5/8/2015 10:37,Participant 2456,Participant 2456,Wanita,3/10/1972,85000002456,participant2456@email.com,Internal,Vocal - Singer,Yogyakarta
5/8/2015 10:39,Participant 2457,Participant 2457,Wanita,27/10/2000,85000002457,participant2457@email.com,Internal,Arts - Percussion,Yogyakarta
5/8/2015 10:40,Participant 2458,Participant 2458,Pria,25/05/1989,85000002458,participant2458@email.com,Internal,Arts - Movement,Yogyakarta
5/8/2015 10:41,Participant 2459,Participant 2459,Pria,8/7/1996,85000002459,participant2459@email.com,Internal,Arts - Movement,Yogyakarta
5/8/2015 10:42,Participant 2460,Participant 2460,Pria,24/07/1987,85000002460,participant2460@email.com,Internal,Music - Drum,Yogyakarta
5/8/2015 10:44,Participant 2461,Participant 2461,Pria,10/10/1983,85000002461,participant2461@email.com,Internal,Vocal - Singer,Yogyakarta
5/8/2015 10:45,Participant 2462,Participant 2462,Pria,19/06/1988,85000002462,participant2462@email.com,Internal,Vocal - Singer,Yogyakarta
5/8/2015 10:46,Participant 2463,Participant 2463,Wanita,3/11/1988,85000002463,participant2463@email.com,Internal,Arts - Percussion,Yogyakarta
5/8/2015 10:46,Participant 2464,Participant 2464,Pria,18/11/1989,85000002464,participant2464@email.com,Internal,Vocal - Singer,Yogyakarta
5/8/2015 10:47,Participant 2465,Participant 2465,Wanita,20/12/1995,85000002465,participant2465@email.com,Internal,Arts - Percussion,Yogyakarta
5/8/2015 10:48,Participant 2466,Participant 2466,Pria,20/09/1996,85000002466,participant2466@email.com,Internal,Music - Bass,Yogyakarta
5/8/2015 10:50,Participant 2467,Participant 2467,Wanita,8/8/1994,85000002467,participant2467@email.com,Internal,Vocal - Singer,Yogyakarta
5/8/2015 10:52,Participant 2468,Participant 2468,Pria,26/08/1971,85000002468,participant2468@email.com,Internal,Music - Drum,Yogyakarta
5/8/2015 10:53,Participant 2469,Participant 2469,Wanita,8/3/1987,85000002469,participant2469@email.com,Internal,Vocal - Singer,Yogyakarta
5/8/2015 10:54,Participant 2470,Participant 2470,Pria,6/4/1993,85000002470,participant2470@email.com,Internal,Music - Drum,Yogyakarta
5/8/2015 11:04,Participant 2471,Participant 2471,Wanita,20/03/1997,85000002471,participant2471@email.com,Internal,Vocal - Singer,Yogyakarta
5/8/2015 11:05,Participant 2472,Participant 2472,Wanita,9/11/1996,85000002472,participant2472@email.com,Internal,Vocal - Singer,Yogyakarta
5/8/2015 11:06,Participant 2473,Participant 2473,Pria,3/10/1995,85000002473,participant2473@email.com,Internal,Music - Drum,Yogyakarta
5/8/2015 14:21,Participant 2222,Participant 2222,Pria,11/2/1984,85000002222,participant2222@email.com,Internal,Vocal - Body Voice,Yogyakarta (Open Class)
5/8/2015 17:11,Participant 2474,Participant 2474,Wanita,6/10/1992,85000002474,participant2474@email.com,Internal,Vocal - Singer,Yogyakarta
6/8/2015 14:21,Participant 2475,Participant 2475,Wanita,10/4/1990,85000002475,participant2475@email.com,Internal,Vocal - Body Voice,Yogyakarta
6/8/2015 16:07,Participant 2476,Participant 2476,Pria,31/12/1988,85000002476,participant2476@email.com,Internal,Vocal - Singer,Yogyakarta
6/8/2015 18:38,Participant 2477,Participant 2477,Pria,28/10/1986,85000002477,participant2477@email.com,Internal,Music - Keyboard,Yogyakarta
6/8/2015 20:24,Participant 2478,Participant 2478,Wanita,19/04/1995,85000002478,participant2478@email.com,Internal,Music - Guitar,Yogyakarta
6/8/2015 23:29,Participant 2479,Participant 2479,Wanita,19/11/1996,85000002479,participant2479@email.com,Internal,Vocal - Singer,Yogyakarta
7/8/2015 14:21,Participant 2480,Participant 2480,Wanita,20/07/1981,85000002480,participant2480@email.com,Internal,Vocal - Choir,Yogyakarta
9/8/2015 0:47,Participant 2481,Participant 2481,Pria,21/07/1994,85000002481,participant2481@email.com,Internal,Vocal - Singer,Yogyakarta
9/8/2015 15:07,Participant 2482,Participant 2482,Pria,6/6/1995,85000002482,participant2482@email.com,Internal,Music - Bass,Yogyakarta
10/8/2015 10:49,Participant 2483,Participant 2483,Wanita,15/05/1993,85000002483,participant2483@email.com,Internal,Vocal - Choir,Yogyakarta
10/8/2015 11:28,Participant 2484,Participant 2484,Wanita,11/8/1981,85000002484,participant2484@email.com,Internal,Vocal - Choir,Yogyakarta
10/8/2015 17:26,Participant 2485,Participant 2485,Wanita,8/6/1997,85000002485,participant2485@email.com,Internal,Music - Keyboard,Yogyakarta
10/8/2015 18:26,Participant 2486,Participant 2486,Pria,9/5/1979,85000002486,participant2486@email.com,Internal,Music - Drum,Yogyakarta
10/8/2015 19:41,Participant 2487,Participant 2487,Pria,25/12/1986,85000002487,participant2487@email.com,Internal,Vocal - Singer,Yogyakarta
11/8/2015 9:17,Participant 2488,Participant 2488,Pria,26/01/1996,85000002488,participant2488@email.com,Internal,Music - Drum,Yogyakarta
11/8/2015 9:22,Participant 2489,Participant 2489,Pria,1/1/1975,85000002489,participant2489@email.com,Internal,Vocal - Singer,Yogyakarta
11/8/2015 9:24,Participant 2490,Participant 2490,Wanita,19/11/1996,85000002490,participant2490@email.com,Internal,Music - Saxophone,Yogyakarta
11/8/2015 9:27,Participant 2491,Participant 2491,Wanita,3/12/1998,85000002491,participant2491@email.com,Internal,Vocal - Singer,Yogyakarta
11/8/2015 9:28,Participant 2492,Participant 2492,Pria,2/7/1993,85000002492,participant2492@email.com,Internal,Audio - Engineer,Yogyakarta
11/8/2015 9:29,Participant 2493,Participant 2493,Wanita,1/1/1996,85000002493,participant2493@email.com,Internal,Arts - Percussion,Yogyakarta
11/8/2015 9:30,Participant 2494,Participant 2494,Pria,20/05/1995,85000002494,participant2494@email.com,Internal,Vocal - Singer,Yogyakarta
11/8/2015 9:31,Participant 2495,Participant 2495,Wanita,24/10/1990,85000002495,participant2495@email.com,Internal,Music - Drum,Yogyakarta
11/8/2015 9:32,Participant 2496,Participant 2496,Wanita,19/03/1996,85000002496,participant2496@email.com,Internal,Arts - Percussion,Yogyakarta
11/8/2015 10:00,Participant 2497,Participant 2497,Wanita,30/01/1998,85000002497,participant2497@email.com,Internal,Vocal - Singer,Yogyakarta
11/8/2015 13:06,Participant 2498,Participant 2498,Wanita,01/01/1111,85000002498,participant2498@email.com,Internal,Vocal - Singer,Yogyakarta
11/8/2015 21:47,Participant 2499,Participant 2499,Wanita,29/08/1992,85000002499,participant2499@email.com,Internal,Vocal - Singer,Yogyakarta
12/8/2015 8:05,Participant 2500,Participant 2500,Pria,8/4/1996,85000002500,participant2500@email.com,Internal,Music - Drum,Yogyakarta
12/8/2015 10:24,Participant 2501,Participant 2501,Pria,10/1/1993,85000002501,participant2501@email.com,Internal,Music - Drum,Yogyakarta
12/8/2015 10:58,Participant 2502,Participant 2502,Wanita,27/02/1993,85000002502,participant2502@email.com,Internal,Vocal - Singer,Yogyakarta
12/8/2015 12:57,Participant 2503,Participant 2503,Wanita,17/05/1979,85000002503,participant2503@email.com,Internal,Vocal - Body Voice,Yogyakarta
12/8/2015 12:59,Participant 2504,Participant 2504,Wanita,10/9/1975,85000002504,participant2504@email.com,Internal,Vocal - Singer,Yogyakarta
12/8/2015 13:01,Participant 2505,Participant 2505,Pria,1/2/1986,85000002505,participant2505@email.com,Internal,Vocal - Singer,Yogyakarta
12/8/2015 14:13,Participant 2506,Participant 2506,Pria,4/11/1991,85000002506,participant2506@email.com,Internal,Music - Bass,Yogyakarta
12/8/2015 16:38,Participant 2507,Participant 2507,Pria,17/01/1998,85000002507,participant2507@email.com,Internal,Vocal - Singer,Yogyakarta
12/8/2015 17:45,Participant 2508,Participant 2508,Pria,18/07/1998,85000002508,participant2508@email.com,Internal,Music - Drum,Yogyakarta
12/8/2015 20:19,Participant 2509,Participant 2509,Wanita,17/06/1998,85000002509,participant2509@email.com,Internal,Music - Keyboard,Yogyakarta
13/08/2015 09:48:53,Participant 2510,Participant 2510,Wanita,30/04/1997,85000002510,participant2510@email.com,Internal,Arts - Percussion,Yogyakarta
17/08/2015 14:50:43,Participant 2511,Participant 2511,Pria,12/2/1990,85000002511,participant2511@email.com,Internal,Vocal - Singer,Yogyakarta
22/10/2015 15:36:56,Participant 59,Participant 59,Pria,8/1/1993,85000000059,participant59@email.com,Internal,Vocal - Singer,Ngawi
22/10/2015 15:48:29,Participant 20,Participant 20,Pria,30/04/1997,85000000020,participant20@email.com,Internal,Music - Bass,Yogyakarta
22/10/2015 15:57:39,Participant 60,Participant 60,Pria,10/3/1985,85000000060,participant60@email.com,Internal,Vocal - Singer,Solo
22/10/2015 16:07:16,Participant 54,Participant 54,Wanita,22/08/1995,85000000054,participant54@email.com,Internal,Vocal - Choir,Solo
22/10/2015 16:36:54,Participant 61,Participant 61,Pria,22/05/2002,85000000061,participant61@email.com,Internal,Vocal - Singer,Yogyakarta
22/10/2015 17:19:37,Participant 62,Participant 62,Pria,28/07/1992,85000000062,participant62@email.com,Internal,Vocal - Singer,Solo
22/10/2015 17:37:02,Participant 55,Participant 55,Wanita,5/2/1998,85000000055,participant55@email.com,Internal,Vocal - Choir,Solo
22/10/2015 17:41:01,Participant 56,Participant 56,Wanita,18/06/2001,85000000056,participant56@email.com,Internal,Vocal - Choir,Solo
22/10/2015 17:43:56,Participant 63,Participant 63,Wanita,20/01/1975,85000000063,participant63@email.com,Internal,Vocal - Singer,Yogyakarta
22/10/2015 17:55:49,Participant 65,Participant 65,Wanita,4/10/1998,85000000065,participant65@email.com,Internal,Vocal - Singer,Solo 
22/10/2015 17:59:42,Participant 64,Participant 64,Wanita,6/9/2002,85000000064,participant64@email.com,Internal,Vocal - Singer,Solo 
22/10/2015 18:13:53,PARTICIPANT 66,PARTICIPANT 66,Wanita,6/2/1997,85000000066,participant66@email.com,Internal,Vocal - Singer,Solo 
22/10/2015 18:41:12,Participant 4,Participant 4,Wanita,8/9/1994,85000000004,participant4@email.com,External,Arts - Percussion,Solo
22/10/2015 18:42:13,Participant 67,Participant 67,Wanita,29/08/1995,85000000067,participant67@email.com,Internal,Vocal - Singer,Solo
22/10/2015 18:51:57,Participant 5,Participant 5,Wanita,29/05/1994,85000000005,participant5@email.com,Internal,Arts - Percussion,Solo
22/10/2015 18:54:21,Participant 68,Participant 68,Wanita,1/9/1982,85000000068,participant68@email.com,Internal,Vocal - Singer,Madiun
22/10/2015 19:00:58,Participant 38,Participant 38,Pria,13/11/1996,85000000038,participant38@email.com,Internal,Music - Keyboard,Bandung
22/10/2015 19:05:31,Participant 69,Participant 69,Pria,4/6/1996,85000000069,participant69@email.com,Internal,Vocal - Singer,Solo
22/10/2015 19:09:31,Participant 70,Participant 70,Wanita,19/09/1994,85000000070,participant70@email.com,Internal,Vocal - Singer,Jakarta
22/10/2015 19:10:30,Participant 71,Participant 71,Wanita,9/11/2020,85000000071,participant71@email.com,Internal,Vocal - Singer,Semarang
22/10/2015 19:15:44,Participant 28,Participant 28,Wanita,22/12/1998,85000000028,participant28@email.com,External,Music - Guitar,Pekalongan
22/10/2015 19:52:57,Participant 72,Participant 72,Pria,14/01/1995,85000000072,participant72@email.com,Internal,Vocal - Singer,Jakarta
22/10/2015 20:16:45,Participant 2,Participant 2,Wanita,13/11/2020,85000000002,participant2@email.com,External,Arts - Movement,Solo
22/10/2015 20:19:41,Participant 52,Participant 52,Wanita,14/08/1983,85000000052,participant52@email.com,Internal,Vocal - Body Voice,Ngawi
22/10/2015 20:20:04,Participant 73,Participant 73,Wanita,13/03/1995,85000000073,participant73@email.com,Internal,Vocal - Singer,Bandung
22/10/2015 20:20:19,PARTICIPANT 15,PARTICIPANT 15,Wanita,26/04/1972,85000000015,participant15@email.com,Internal,Visual - Makeup,Solo
22/10/2015 20:20:59,Participant 74,Participant 74,Wanita,8/8/1991,85000000074,participant74@email.com,Internal,Vocal - Singer,Solo
22/10/2015 20:29:56,Participant 39,Participant 39,Pria,17/05/2002,85000000039,participant39@email.com,Internal,Music - Keyboard,Solo
22/10/2015 20:30:16,Participant 23,Participant 23,Pria,17/06/1993,85000000023,participant23@email.com,Internal,Music - Drum,Tangerang
22/10/2015 20:32:12,Participant 16,Participant 16,Wanita,18/06/1992,85000000016,participant16@email.com,External,Visual - Makeup,Solo
22/10/2015 20:43:34,Participant 17,Participant 17,Wanita,2/10/1995,85000000017,participant17@email.com,External,Visual - Makeup,Solo
22/10/2015 21:02:57,Participant 49,Participant 49,Pria,22/02/2005,85000000049,participant49@email.com,Internal,Audio - Engineer,Ngawi
22/10/2015 21:04:47,Participant 6,Participant 6,Wanita,14/06/2005,85000000006,participant6@email.com,Internal,Arts - Percussion,Solo 
22/10/2015 21:07:28,Participant 6,Participant 6,Wanita,14/06/2005,85000000006,participant6@email.com,Internal,Arts - Percussion,Solo 
22/10/2015 21:14:53,Participant 75,Participant 75,Wanita,19/05/1998,85000000075,participant75@email.com,Internal,Vocal - Singer,Solo
22/10/2015 21:29:28,PARTICIPANT 76,PARTICIPANT 76,Wanita,31/03/1995,85000000076,participant76@email.com,Internal,Vocal - Singer,Yogyakarta
22/10/2015 21:43:16,Participant 29,Participant 29,Pria,3/9/1993,85000000029,participant29@email.com,Internal,Music - Guitar,Solo 
22/10/2015 22:09:30,Participant 7,Participant 7,Wanita,10/4/2003,85000000007,participant7@email.com,Internal,Arts - Percussion,Solo
22/10/2015 22:11:03,Participant 7,Participant 7,Wanita,10/4/2003,85000000007,participant7@email.com,Internal,Arts - Percussion,Solo
22/10/2015 22:32:05,Participant 77,Participant 77,Wanita,29/04/1987,85000000077,participant77@email.com,Internal,Vocal - Singer,Solo
22/10/2015 22:35:58,participant 40,participant 40,Pria,1/7/1978,85000000040,participant40@email.com,Internal,Music - Keyboard,Semarang
22/10/2015 22:38:34,Participant 78,Participant 78,Wanita,24/10/1976,85000000078,participant78@email.com,Internal,Vocal - Singer,Jakarta
22/10/2015 22:41:39,Participant 78,Participant 78,Wanita,24/10/1976,85000000078,participant78@email.com,Internal,Vocal - Singer,Jakarta
22/10/2015 22:53:04,Participant 30,Participant 30,Pria,8/4/2009,85000000030,participant30@email.com,Internal,Music - Guitar,Solo
22/10/2015 23:43:46,Participant 57,Participant 57,Wanita,8/8/2001,85000000057,participant57@email.com,Internal,Vocal - Choir,Solo
23/10/2015 00:15:30,Participant 53,Participant 53,Wanita,13/01/1998,85000000053,participant53@email.com,Internal,Vocal - Body Voice,Ngawi
23/10/2015 05:56:35,Participant 18,Participant 18,Wanita,16/12/1981,85000000018,participant18@email.com,Internal,Visual - Makeup,Solo
23/10/2015 06:29:33,Participant 79,Participant 79,Pria,1/9/1996,85000000079,participant79@email.com,Internal,Vocal - Singer,Klaten
23/10/2015 07:11:53,Participant 41,Participant 41,Wanita,9/8/2000,85000000041,participant41@email.com,External,Music - Keyboard,Semarang
23/10/2015 07:40:34,Participant 8,Participant 8,Wanita,12/9/2009,85000000008,participant8@email.com,Internal,Arts - Percussion,Solo
23/10/2015 07:52:52,Participant 42,Participant 42,Pria,11/9/1999,85000000042,participant42@email.com,External,Music - Keyboard,Semarang
23/10/2015 08:12:18,Participant 80,Participant 80,Wanita,15/01/1996,85000000080,participant80@email.com,Internal,Vocal - Singer,Solo
23/10/2015 08:20:02,Participant 50,Participant 50,Pria,9/6/1982,85000000050,participant50@email.com,Internal,Audio - Engineer,Ngawi
23/10/2015 08:52:10,Participant 43,Participant 43,Wanita,10/5/1971,85000000043,participant43@email.com,Internal,Music - Keyboard,Jakarta
23/10/2015 09:56:37,Participant 9,Participant 9,Wanita,13/09/2004,85000000009,participant9@email.com,Internal,Arts - Percussion,Solo
23/10/2015 10:30:14,Participant 31,Participant 31,Pria,16/12/2001,85000000031,participant31@email.com,Internal,Music - Guitar,Solo
23/10/2015 11:00:57,Participant 44,Participant 44,Wanita,27/06/1968,85000000044,participant44@email.com,Internal,Music - Keyboard,Solo
23/10/2015 11:05:57,Participant 81,Participant 81,Wanita,4/10/1996,85000000081,participant81@email.com,Internal,Vocal - Singer,Yogyakarta
23/10/2015 11:13:36,Participant 82,Participant 82,Pria,15/05/1995,85000000082,participant82@email.com,Internal,Vocal - Singer,Yogyakarta
23/10/2015 11:20:05,Participant 83,Participant 83,Wanita,7/3/1995,85000000083,participant83@email.com,Internal,Vocal - Singer,Yogyakarta
23/10/2015 11:26:45,Participant 32,Participant 32,Pria,16/04/2001,85000000032,participant32@email.com,Internal,Music - Guitar,Solo
23/10/2015 12:23:25,Participant 33,Participant 33,Wanita,22/02/2002,85000000033,participant33@email.com,Internal,Music - Guitar,Solo
23/10/2015 12:24:36,Participant 33,Participant 33,Wanita,22/02/2002,85000000033,participant33@email.com,Internal,Music - Guitar,Solo
23/10/2015 14:09:39,Participant 24,Participant 24,Pria,7/6/2020,85000000024,participant24@email.com,Internal,Music - Drum,Jakarta
23/10/2015 14:17:57,PARTICIPANT 45,PARTICIPANT 45,Pria,1/6/1972,85000000045,participant45@email.com,Internal,Music - Keyboard,Solo
23/10/2015 14:35:05,participant 30,participant 30,Pria,8/4/2009,85000000030,participant30@email.com,Internal,Music - Guitar,Solo
23/10/2015 14:38:18,Participant 84,Participant 84,Wanita,24/12/1994,85000000084,participant84@email.com,Internal,Vocal - Singer,Surabaya
23/10/2015 14:49:12,participant 30,participant 30,Pria,8/4/2009,85000000030,participant30@email.com,Internal,Music - Guitar,Solo
23/10/2015 14:59:32,Participant 34,Participant 34,Wanita,31/03/1968,85000000034,participant34@email.com,Internal,Music - Guitar,Semarang
23/10/2015 15:05:10,Participant 34,Participant 34,Wanita,31/03/1968,85000000034,participant34@email.com,Internal,Music - Guitar,Semarang
23/10/2015 15:12:29,Participant 35,Participant 35,Pria,11/8/1981,85000000035,participant35@email.com,Internal,Music - Guitar,Solo
23/10/2015 15:33:54,Participant 51,Participant 51,Pria,16/11/1997,85000000051,participant51@email.com,Internal,Audio - Engineer,Ngawi
23/10/2015 16:03:33,Participant 10,Participant 10,Wanita,6/8/2002,85000000010,participant10@email.com,Internal,Arts - Percussion,Solo
23/10/2015 16:08:07,Participant 58,Participant 58,Wanita,16/10/2002,85000000058,participant58@email.com,Internal,Vocal - Choir,Solo
23/10/2015 16:10:44,Participant 11,Participant 11,Wanita,2/4/2002,85000000011,participant11@email.com,Internal,Arts - Percussion,Solo
23/10/2015 16:17:29,Participant 21,Participant 21,Pria,15/05/1996,85000000021,participant21@email.com,Internal,Music - Bass,Yogyakarta
23/10/2015 16:55:04,Participant 25,Participant 25,Pria,24/09/1998,85000000025,participant25@email.com,Internal,Music - Drum,Pekalongan
23/10/2015 17:22:44,Participant 12,Participant 12,Wanita,27/11/2003,85000000012,participant12@email.com,Internal,Arts - Percussion,Solo
23/10/2015 17:35:35,Participant 36,Participant 36,Wanita,28/04/2001,85000000036,participant36@email.com,Internal,Music - Guitar,Solo 
23/10/2015 18:13:05,Participant 58,Participant 58,Wanita,16/10/2002,85000000058,participant58@email.com,Internal,Vocal - Choir,Solo
23/10/2015 18:58:55,participant 85,participant 85,Wanita,10/3/1990,85000000085,participant85@email.com,Internal,Vocal - Singer,Nias
23/10/2015 19:01:31,Participant 86,Participant 86,Wanita,13/11/1997,85000000086,participant86@email.com,Internal,Vocal - Singer,Jakarta
23/10/2015 19:02:27,Participant 86,Participant 86,Wanita,13/11/1997,85000000086,participant86@email.com,Internal,Vocal - Singer,Jakarta
23/10/2015 19:14:25,Participant 1,Participant 1,Pria,31/01/2003,85000000001,participant1@email.com,Internal,Arts - Flag,Solo
23/10/2015 19:42:02,Participant 46,Participant 46,Pria,7/6/1986,85000000046,participant46@email.com,Internal,Music - Keyboard,Solo
23/10/2015 20:17:08,Participant 22,Participant 22,Pria,2/2/2002,85000000022,participant22@email.com,External,Music - Bass,Yogyakarta
23/10/2015 20:18:38,Participant 26,Participant 26,Pria,27/08/2002,85000000026,participant26@email.com,External,Music - Drum,Pekalongan
23/10/2015 20:57:16,Participant 87,Participant 87,Wanita,29/09/2005,85000000087,participant87@email.com,Internal,Vocal - Singer,Solo
23/10/2015 21:24:52,Participant 27,Participant 27,Pria,5/11/2001,85000000027,participant27@email.com,External,Music - Drum,Pekalongan
23/10/2015 22:10:00,Participant 47,Participant 47,Wanita,15/11/2004,85000000047,participant47@email.com,Internal,Music - Keyboard,Madiun
23/10/2015 22:51:21,Participant 88,Participant 88,Pria,30/01/1986,85000000088,participant88@email.com,Internal,Vocal - Singer,Solo
23/10/2015 23:22:49,Participant 13,Participant 13,Wanita,7/4/1999,85000000013,participant13@email.com,External,Arts - Percussion,Solo
24/10/2015 01:18:18,Participant 19,Participant 19,Wanita,2/7/1977,85000000019,participant19@email.com,Internal,Visual - Makeup,Jakarta
24/10/2015 01:26:50,Participant 14,Participant 14,Wanita,22/10/2004,85000000014,participant14@email.com,Internal,Arts - Percussion,Jakarta
24/10/2015 01:29:05,Participant 19,Participant 19,Wanita,2/7/1977,85000000019,participant19@email.com,Internal,Visual - Makeup,Jakarta
24/10/2015 06:46:05,Participant 89,Participant 89,Wanita,12/9/1975,85000000089,participant89@email.com,Internal,Vocal - Singer,Solo
24/10/2015 09:53:44,Participant 3,Participant 3,Wanita,24/02/2009,85000000003,participant3@email.com,Internal,Arts - Movement,Solo
24/10/2015 10:44:34,Participant 90,Participant 90,Wanita,4/4/1999,85000000090,participant90@email.com,Internal,Vocal - Singer,Ngawi
24/10/2015 10:57:51,Participant 48,Participant 48,Wanita,28/01/1998,85000000048,participant48@email.com,Internal,Music - Keyboard,Solo
24/10/2015 11:28:41,Participant 37,Participant 37,Pria,12/8/1999,85000000037,participant37@email.com,Internal,Music - Guitar,Solo
24/10/2015 12:09:54,PARTICIPANT 91,PARTICIPANT 91,Pria,18/04/2000,85000000091,participant91@email.com,Internal,Vocal - Singer,Yogyakarta
24/10/2015 12:17:48,Participant 92,Participant 92,Pria,13/09/1993,85000000092,participant92@email.com,Internal,Music - Drum,Yogyakarta
24/10/2015 12:23:14,Participant 93,Participant 93,Wanita,10/12/2020,85000000093,participant93@email.com,Internal,Music - Keyboard,Solo
24/10/2015 12:24:13,Participant 94,Participant 94,Wanita,30/05/2000,85000000094,participant94@email.com,Internal,Arts - Movement,Solo
24/10/2015 12:26:07,Participant 94,Participant 94,Wanita,30/05/2000,85000000094,participant94@email.com,Internal,Arts - Movement,Solo
24/10/2015 12:31:26,Participant 95,Participant 95,Wanita,27/12/2020,85000000095,participant95@email.com,Internal,Vocal - Singer,Jakarta
24/10/2015 12:32:49,Participant 95,Participant 95,Wanita,27/12/2020,85000000095,participant95@email.com,Internal,Vocal - Singer,Jakarta
24/10/2015 12:34:01,Participant 95,Participant 95,Wanita,27/12/2020,85000000095,participant95@email.com,Internal,Vocal - Singer,Jakarta
24/10/2015 13:44:55,Participant 96,Participant 96,Wanita,11/1/2000,85000000096,participant96@email.com,Internal,Arts - Percussion,Jakarta
24/10/2015 15:10:47,Participant 22,Participant 22,Pria,2/2/2002,85000000022,participant22@email.com,Internal,Music - Bass,Yogyakarta
24/10/2015 15:35:20,Participant 97,Participant 97,Wanita,1/12/1989,85000000097,participant97@email.com,Internal,Visual - Makeup,Solo
24/10/2015 15:37:21,Participant 98,Participant 98,Wanita,15/10/2020,85000000098,participant98@email.com,Internal,Visual - Makeup,Solo
24/10/2015 15:39:00,Participant 99,Participant 99,Wanita,30/10/1985,85000000099,participant99@email.com,Internal,Visual - Makeup,Solo
24/10/2015 15:41:28,Participant 100,Participant 100,Wanita,30/04/1989,85000000100,participant100@email.com,Internal,Arts - Percussion,Solo
24/10/2015 15:43:59,Participant 101,Participant 101,Wanita,2/6/1997,85000000101,participant101@email.com,Internal,Visual - Makeup,Solo
24/10/2015 15:47:01,Participant 102,Participant 102,Wanita,31/03/2005,85000000102,participant102@email.com,Internal,Arts - Movement,Solo
24/10/2015 16:32:40,Participant 103,Participant 103,Wanita,7/12/2001,85000000103,participant103@email.com,Internal,Arts - Percussion,Solo
24/10/2015 18:54:42,Participant 104,Participant 104,Pria,10/5/2000,85000000104,participant104@email.com,Internal,Music - Guitar,Wonogiri
24/10/2015 19:01:44,Participant 105,Participant 105,Wanita,20/01/1998,85000000105,participant105@email.com,Internal,Arts - Percussion,Ngawi
24/10/2015 19:08:00,Participant 27,Participant 27,Pria,5/11/2001,85000000027,participant27@email.com,Internal,Music - Drum,Pekalongan
24/10/2015 21:57:49,Participant 106,Participant 106,Wanita,16/12/2005,85000000106,participant106@email.com,Internal,Arts - Percussion,Solo
25/10/2015 10:18:41,Participant 107,Participant 107,Pria,25/03/1982,85000000107,participant107@email.com,Internal,Vocal - Singer,Solo
25/10/2015 11:05:48,Participant 108,Participant 108,Wanita,24/08/1999,85000000108,participant108@email.com,Internal,Vocal - Singer,Solo
25/10/2015 11:22:02,Participant 103,Participant 103,Wanita,7/12/2001,85000000103,participant103@email.com,Internal,Arts - Percussion,Solo
25/10/2015 11:23:30,Participant 109,Participant 109,Pria,12/1/1992,85000000109,participant109@email.com,Internal,Music - Keyboard,Ngawi
25/10/2015 14:45:14,Participant 110,Participant 110,Wanita,8/7/1999,85000000110,participant110@email.com,Internal,Vocal - Singer,Solo 
25/10/2015 14:48:08,Participant 111,Participant 111,Wanita,13/11/1993,85000000111,participant111@email.com,Internal,Vocal - Singer,Ngawi
25/10/2015 14:48:36,Participant 111,Participant 111,Wanita,13/11/1993,85000000111,participant111@email.com,Internal,Vocal - Singer,Ngawi
25/10/2015 15:11:13,Participant 112,Participant 112,Pria,5/6/1995,85000000112,participant112@email.com,Internal,Music - Guitar,Surabaya
25/10/2015 16:04:29,Participant 113,Participant 113,Pria,8/6/1979,85000000113,participant113@email.com,Internal,Audio - Engineer,Ngawi
25/10/2015 19:21:25,Participant 114,Participant 114,Wanita,1/3/1996,85000000114,participant114@email.com,Internal,Arts - Percussion,Solo
25/10/2015 19:43:17,Participant 111,Participant 111,Wanita,13/11/1993,85000000111,participant111@email.com,Internal,Vocal - Singer,Ngawi
25/10/2015 20:36:47,Participant 115,Participant 115,Pria,10/10/1994,85000000115,participant115@email.com,Internal,Music - Bass,Ngawi
25/10/2015 21:05:13,PARTICIPANT 116,PARTICIPANT 116,Pria,24/09/2002,85000000116,participant116@email.com,Internal,Music - Drum,Nias
25/10/2015 21:52:15,Participant 117,Participant 117,Pria,8/7/1999,85000000117,participant117@email.com,Internal,Vocal - Singer,Yogyakarta
25/10/2015 22:20:38,Participant 118,Participant 118,Pria,19/09/2003,85000000118,participant118@email.com,Internal,Music - Keyboard,Klaten
25/10/2015 22:38:44,Participant 119,Participant 119,Wanita,18/06/1990,85000000119,participant119@email.com,Internal,Music - Guitar,Nias
26/10/2015 00:09:20,Participant 120,Participant 120,Wanita,16/06/1994,85000000120,participant120@email.com,Internal,Arts - Movement,Nias
26/10/2015 00:39:46,Participant 121,Participant 121,Wanita,26/01/2020,85000000121,participant121@email.com,Internal,Vocal - Singer,Nias
26/10/2015 05:36:22,Participant 122,Participant 122,Pria,19/02/1975,85000000122,participant122@email.com,Internal,Audio - Engineer,Madiun
26/10/2015 08:05:58,Participant 123,Participant 123,Pria,3/1/1993,85000000123,participant123@email.com,Internal,Music - Guitar,Jakarta
26/10/2015 08:34:35,Participant 114,Participant 114,Wanita,1/3/1996,85000000114,participant114@email.com,Internal,Arts - Percussion,Solo
26/10/2015 10:14:05,Participant 110,Participant 110,Wanita,8/7/1999,85000000110,participant110@email.com,Internal,Vocal - Singer,Solo 
26/10/2015 12:57:42,Participant 124,Participant 124,Wanita,27/12/1988,85000000124,participant124@email.com,Internal,Vocal - Singer,Jakarta
26/10/2015 14:17:33,Participant 125,Participant 125,Wanita,15/04/1994,85000000125,participant125@email.com,Internal,Visual - Makeup,Yogyakarta
26/10/2015 14:25:50,Participant 126,Participant 126,Wanita,19/07/1971,85000000126,participant126@email.com,Internal,Vocal - Choir,Nias
26/10/2015 14:31:42,Participant 127,Participant 127,Pria,27/09/1997,85000000127,participant127@email.com,Internal,Vocal - Singer,Yogyakarta
26/10/2015 21:38:26,Participant 128,Participant 128,Wanita,18/11/2001,85000000128,participant128@email.com,Internal,Visual - Makeup,Solo
26/10/2015 21:53:48,Participant 129,Participant 129,Wanita,3/6/1974,85000000129,participant129@email.com,Internal,Vocal - Choir,Nias
26/10/2015 22:35:20,Participant 130,Participant 130,Wanita,17/03/1971,85000000130,participant130@email.com,Internal,Vocal - Body Voice,Madiun
27/10/2015 07:58:55,Participant 130,Participant 130,Wanita,17/03/1971,85000000130,participant130@email.com,Internal,Vocal - Body Voice,Madiun
27/10/2015 09:35:19,PARTICIPANT 131,PARTICIPANT 131,Pria,20/06/1997,85000000131,participant131@email.com,Internal,Vocal - Singer,Yogyakarta
27/10/2015 12:54:02,Participant 132,Participant 132,Wanita,11/2/1992,85000000132,participant132@email.com,Internal,Arts - Percussion,Solo
27/10/2015 13:14:45,Participant 133,Participant 133,Wanita,1/9/1996,85000000133,participant133@email.com,Internal,Visual - Makeup,Jakarta
27/10/2015 13:49:48,Participant 134,Participant 134,Wanita,30/12/1981,85000000134,participant134@email.com,Internal,Vocal - Singer,Nias
27/10/2015 14:32:51,Participant 135,Participant 135,Wanita,18/03/1996,85000000135,participant135@email.com,Internal,Vocal - Singer,Yogyakarta
27/10/2015 14:37:11,Participant 135,Participant 135,Wanita,18/03/1996,85000000135,participant135@email.com,Internal,Vocal - Singer,Yogyakarta
27/10/2015 15:55:15,Participant 136,Participant 136,Wanita,2/3/1977,85000000136,participant136@email.com,Internal,Vocal - Singer,Magelang
27/10/2015 16:33:30,Participant 124,Participant 124,Wanita,27/12/1988,85000000124,participant124@email.com,Internal,Vocal - Singer,Jakarta
27/10/2015 16:41:39,Participant 137,Participant 137,Pria,13/03/1995,85000000137,participant137@email.com,Internal,Music - Keyboard,Solo
27/10/2015 18:00:27,Participant 138,Participant 138,Wanita,3/1/1986,85000000138,participant138@email.com,Internal,Arts - Flag,Magelang
27/10/2015 18:06:40,participant 139,participant 139,Wanita,1/3/2004,85000000139,participant139@email.com,Internal,Arts - Movement,Solo
27/10/2015 18:14:56,Participant 140,Participant 140,Wanita,27/10/2020,85000000140,participant140@email.com,Internal,Vocal - Singer,Solo
27/10/2015 18:25:57,Participant 141,Participant 141,Pria,30/10/1994,85000000141,participant141@email.com,Internal,Music - Guitar,Solo
27/10/2015 18:55:15,Participant 142,Participant 142,Wanita,18/06/1987,85000000142,participant142@email.com,Internal,Vocal - Body Voice,Madiun
27/10/2015 20:00:02,Participant 143,Participant 143,Pria,29/04/2009,85000000143,participant143@email.com,Internal,Arts - Flag,Magelang
27/10/2015 20:04:20,Participant 144,Participant 144,Pria,19/11/2009,85000000144,participant144@email.com,Internal,Arts - Flag,Magelang
27/10/2015 20:07:19,Participant 145,Participant 145,Pria,22/05/2008,85000000145,participant145@email.com,Internal,Arts - Flag,Magelang
28/10/2015 08:10:23,Participant 111,Participant 111,Wanita,13/11/1993,85000000111,participant111@email.com,Internal,Vocal - Singer,Ngawi
28/10/2015 09:28:29,Participant 86,Participant 86,Wanita,13/11/1996,85000000086,participant86@email.com,Internal,Vocal - Singer,Jakarta
28/10/2015 10:33:03,Participant 111,Participant 111,Wanita,13/11/1993,85000000111,participant111@email.com,Internal,Vocal - Singer,Ngawi
28/10/2015 11:30:23,Participant 111,Participant 111,Wanita,13/11/1993,85000000111,participant111@email.com,Internal,Vocal - Singer,Ngawi
28/10/2015 13:53:32,Participant 147,Participant 147,Wanita,2/3/1984,85000000147,participant147@email.com,Internal,Vocal - Singer,Yogyakarta
28/10/2015 13:57:00,Participant 148,Participant 148,Wanita,30/06/1999,85000000148,participant148@email.com,Internal,Arts - Percussion,Solo
28/10/2015 15:16:35,Participant 149,Participant 149,Pria,23/04/1995,85000000149,participant149@email.com,Internal,Vocal - Singer,Solo
28/10/2015 17:51:24,Participant 86,Participant 86,Wanita,13/11/1996,85000000086,participant86@email.com,Internal,Vocal - Singer,Jakarta
28/10/2015 17:57:22,Participant 150,Participant 150,Wanita,19/07/2002,85000000150,participant150@email.com,Internal,Arts - Movement,Solo
28/10/2015 18:06:34,Participant 151,Participant 151,Wanita,7/9/1999,85000000151,participant151@email.com,Internal,Arts - Movement,Solo
28/10/2015 18:24:04,Participant 152,Participant 152,Wanita,22/06/2005,85000000152,participant152@email.com,Internal,Arts - Movement,Solo
28/10/2015 22:21:46,Participant 153,Participant 153,Wanita,3/11/2006,85000000153,participant153@email.com,Internal,Arts - Percussion,Yogyakarta
29/10/2015 08:07:38,Participant 154,Participant 154,Wanita,12/3/1996,85000000154,participant154@email.com,Internal,Vocal - Singer,Solo
29/10/2015 08:31:34,Participant 128,Participant 128,Wanita,18/11/2001,85000000128,participant128@email.com,Internal,Visual - Makeup,Solo
29/10/2015 10:05:24,participant 155,participant 155,Wanita,13/10/1994,85000000155,participant155@email.com,Internal,Arts - Percussion,Jakarta
29/10/2015 15:41:21,Participant 148,Participant 148,Wanita,30/06/1999,85000000148,participant148@email.com,Internal,Arts - Percussion,Solo
29/10/2015 18:18:42,Participant 130,Participant 130,Wanita,30/09/1976,85000000130,participant130@email.com,Internal,Vocal - Body Voice,Madiun
29/10/2015 18:22:50,Participant 130,Participant 130,Wanita,30/09/1976,85000000130,participant130@email.com,Internal,Vocal - Body Voice,Madiun
29/10/2015 18:58:01,Participant 156,Participant 156,Wanita,26/09/1989,85000000156,participant156@email.com,Internal,Vocal - Singer,Madiun
29/10/2015 19:35:29,Participant 157,Participant 157,Wanita,26/11/2020,85000000157,participant157@email.com,Internal,Visual - Makeup,Madiun
29/10/2015 19:38:21,Participant 158,Participant 158,Wanita,23/03/1980,85000000158,participant158@email.com,Internal,Vocal - Body Voice,Solo
29/10/2015 22:21:28,Participant 159,Participant 159,Wanita,2/12/1970,85000000159,participant159@email.com,Internal,Vocal - Singer,Madiun
29/10/2015 22:52:09,Participant 160,Participant 160,Wanita,5/7/1980,85000000160,participant160@email.com,Internal,Vocal - Singer,Madiun
29/10/2015 22:59:23,Participant 160,Participant 160,Wanita,5/7/1980,85000000160,participant160@email.com,Internal,Vocal - Singer,Madiun
29/10/2015 23:02:56,participant 161,participant 161,Wanita,23/12/1982,85000000161,participant161@email.com,Internal,Arts - Percussion,Madiun
29/10/2015 23:09:20,Participant 162,Participant 162,Wanita,9/10/1977,85000000162,participant162@email.com,Internal,Vocal - Singer,Madiun
29/10/2015 23:40:09,Participant 163,Participant 163,Pria,19/07/1984,85000000163,participant163@email.com,Internal,Music - Keyboard,Madiun
30/10/2015 01:48:05,Participant 164,Participant 164,Wanita,29/11/1976,85000000164,participant164@email.com,Internal,Vocal - Singer,Madiun
30/10/2015 05:24:25,Participant 165,Participant 165,Wanita,7/8/1984,85000000165,participant165@email.com,Internal,Vocal - Singer,Madiun
30/10/2015 06:15:21,Participant 166,Participant 166,Wanita,1/3/1988,85000000166,participant166@email.com,Internal,Vocal - Singer,Madiun
30/10/2015 06:27:33,Participant 167,Participant 167,Wanita,1/3/1988,85000000167,participant167@email.com,Internal,Vocal - Singer,Madiun
30/10/2015 08:17:02,Participant 168,Participant 168,Wanita,12/6/1999,85000000168,participant168@email.com,Internal,Vocal - Singer,Yogyakarta
30/10/2015 08:46:28,Participant 169,Participant 169,Wanita,15/02/1981,85000000169,participant169@email.com,Internal,Arts - Percussion,Madiun
30/10/2015 09:06:31,Participant 171,Participant 171,Pria,29/10/1987,85000000171,participant171@email.com,Internal,Music - Guitar,Madiun
30/10/2015 09:10:45,Participant 170,Participant 170,Pria,16/07/1990,85000000170,participant170@email.com,Internal,Music - Guitar,Madiun
30/10/2015 10:53:37,Participant 172,Participant 172,Wanita,22/09/1994,85000000172,participant172@email.com,Internal,Vocal - Singer,Yogyakarta
30/10/2015 11:22:46,Participant 173,Participant 173,Wanita,10/11/2009,85000000173,participant173@email.com,Internal,Arts - Percussion,Madiun
30/10/2015 11:23:14,Participant 174,Participant 174,Wanita,6/2/2007,85000000174,participant174@email.com,Internal,Arts - Percussion,Madiun
30/10/2015 20:39:07,Participant 175,Participant 175,Wanita,20/11/1959,85000000175,participant175@email.com,Internal,Visual - Makeup,Solo
30/10/2015 21:02:55,Participant 176,Participant 176,Wanita,28/11/2007,85000000176,participant176@email.com,Internal,Arts - Percussion,Madiun
30/10/2015 23:58:55,Participant 177,Participant 177,Wanita,5/9/2000,85000000177,participant177@email.com,Internal,Vocal - Singer,Solo
31/10/2015 00:09:44,Participant 178,Participant 178,Wanita,29/05/2001,85000000178,participant178@email.com,Internal,Vocal - Singer,Solo
31/10/2015 00:17:09,Participant 179,Participant 179,Pria,4/7/2001,85000000179,participant179@email.com,Internal,Vocal - Singer,Solo
31/10/2015 00:29:05,Participant 180,Participant 180,Pria,2/10/2000,85000000180,participant180@email.com,Internal,Vocal - Singer,Solo
31/10/2015 06:46:30,Participant 89,Participant 89,Wanita,12/9/1975,85000000089,participant89@email.com,Internal,Vocal - Singer,Solo
31/10/2015 07:27:32,Participant 149,Participant 149,Pria,23/04/1995,85000000149,participant149@email.com,Internal,Vocal - Singer,Solo
31/10/2015 07:51:54,Participant 181,Participant 181,Pria,31/01/1998,85000000181,participant181@email.com,Internal,Vocal - Singer,Solo
31/10/2015 09:29:30,Participant 182,Participant 182,Wanita,12/10/1977,85000000182,participant182@email.com,Internal,Vocal - Choir,Nias
31/10/2015 09:47:18,Participant 183,Participant 183,Wanita,12/8/1977,85000000183,participant183@email.com,Internal,Vocal - Body Voice,Yogyakarta
31/10/2015 11:01:44,participant 184,participant 184,Wanita,20/10/1993,85000000184,participant184@email.com,Internal,Vocal - Singer,Jakarta
31/10/2015 11:06:25,Participant 185,Participant 185,Wanita,23/04/1989,85000000185,participant185@email.com,Internal,Vocal - Body Voice,Solo
31/10/2015 11:09:44,Participant 185,Participant 185,Wanita,23/04/1989,85000000185,participant185@email.com,Internal,Vocal - Body Voice,Solo
31/10/2015 14:16:07,Participant 186,Participant 186,Wanita,8/7/2020,85000000186,participant186@email.com,Internal,Visual - Makeup,Nias
31/10/2015 14:38:52,Participant 187,Participant 187,Wanita,6/3/2020,85000000187,participant187@email.com,Internal,Visual - Makeup,Nias
31/10/2015 16:28:18,Participant 14,Participant 14,Wanita,22/10/2004,85000000014,participant14@email.com,Internal,Arts - Percussion,Jakarta
31/10/2015 17:27:45,Participant 188,Participant 188,Pria,4/6/1994,85000000188,participant188@email.com,Internal,Music - Drum,Yogyakarta
31/10/2015 18:39:00,Participant 189,Participant 189,Wanita,16/07/1976,85000000189,participant189@email.com,Internal,Vocal - Choir,Nias
31/10/2015 21:19:12,Participant 190,Participant 190,Pria,6/3/1985,85000000190,participant190@email.com,Internal,Music - Guitar,Nias
1/11/2015 8:17,Participant 191,Participant 191,Wanita,14/04/1993,85000000191,participant191@email.com,Internal,Arts - Percussion,Yogyakarta
1/11/2015 10:53,Participant 192,Participant 192,Wanita,5/8/1994,85000000192,participant192@email.com,Internal,Vocal - Singer,Jakarta
1/11/2015 11:17,Participant 193,Participant 193,Wanita,1/11/2020,85000000193,participant193@email.com,Internal,Vocal - Singer,Bandung
1/11/2015 12:02,Participant 194,Participant 194,Pria,16/03/2021,85000000194,participant194@email.com,Internal,Audio - Engineer,Nias
1/11/2015 12:40,Participant 195,Participant 195,Wanita,4/10/1966,85000000195,participant195@email.com,Internal,Vocal - Choir,Nias
1/11/2015 13:07,Participant 196,Participant 196,Wanita,6/8/1996,85000000196,participant196@email.com,Internal,Vocal - Singer,Solo
1/11/2015 13:18,Participant 197,Participant 197,Wanita,13/11/1984,85000000197,participant197@email.com,Internal,Music - Keyboard,Jakarta
1/11/2015 14:25,Participant 198,Participant 198,Pria,17/04/1991,85000000198,participant198@email.com,Internal,Music - Keyboard,Nias
1/11/2015 14:30,Participant 199,Participant 199,Pria,8/10/2020,85000000199,participant199@email.com,Internal,Music - Keyboard,Wonogiri
1/11/2015 15:11,participant 200,participant 200,Wanita,2/12/1998,85000000200,participant200@email.com,Internal,Vocal - Singer,Nias
1/11/2015 16:00,Participant 201,Participant 201,Wanita,3/10/2005,85000000201,participant201@email.com,Internal,Arts - Percussion,Yogyakarta
1/11/2015 16:01,Participant 202,Participant 202,Pria,23/05/1975,85000000202,participant202@email.com,Internal,Audio - Engineer,Semarang
1/11/2015 16:02,Participant 203,Participant 203,Pria,20/05/2002,85000000203,participant203@email.com,Internal,Music - Keyboard,Nias
1/11/2015 16:10,Participant 204,Participant 204,Wanita,7/8/2003,85000000204,participant204@email.com,Internal,Arts - Movement,Solo
1/11/2015 16:34,PARTICIPANT 205,PARTICIPANT 205,Pria,23/01/2006,85000000205,participant205@email.com,Internal,Arts - Flag,Magelang
1/11/2015 18:24,Participant 206,Participant 206,Pria,21/11/2001,85000000206,participant206@email.com,Internal,Vocal - Singer,Yogyakarta
1/11/2015 19:35,Participant 207,Participant 207,Wanita,13/05/2002,85000000207,participant207@email.com,Internal,Arts - Percussion,Yogyakarta
1/11/2015 20:04,Participant 206,Participant 206,Pria,21/11/2001,85000000206,participant206@email.com,Internal,Vocal - Singer,Yogyakarta
1/11/2015 20:33,Participant 208,Participant 208,Wanita,20/03/1996,85000000208,participant208@email.com,Internal,Music - Guitar,Pekalongan
1/11/2015 21:10,Participant 209,Participant 209,Pria,5/7/1987,85000000209,participant209@email.com,Internal,Vocal - Choir,Solo
1/11/2015 21:16,Participant 209,Participant 209,Pria,5/7/1987,85000000209,participant209@email.com,Internal,Vocal - Choir,Solo
2/11/2015 0:41,Participant 210,Participant 210,Wanita,13/10/2005,85000000210,participant210@email.com,Internal,Arts - Movement,Nias
2/11/2015 7:31,participant 211,participant 211,Wanita,1/5/1964,85000000211,participant211@email.com,Internal,Vocal - Singer,Nias
2/11/2015 8:40,Participant 199,Participant 199,Pria,8/10/2020,85000000199,participant199@email.com,Internal,Music - Keyboard,Wonogiri
2/11/2015 10:27,Participant 87,Participant 87,Wanita,29/09/2005,85000000087,participant87@email.com,Internal,Vocal - Singer,Solo
2/11/2015 10:51,Participant 212,Participant 212,Pria,14/05/1993,85000000212,participant212@email.com,Internal,Vocal - Singer,Solo
2/11/2015 13:18,Participant 213,Participant 213,Wanita,16/03/2004,85000000213,participant213@email.com,Internal,Vocal - Choir,Solo
2/11/2015 14:13,Participant 214,Participant 214,Pria,22/04/2020,85000000214,participant214@email.com,Internal,Music - Guitar,Nias
2/11/2015 17:23,Participant 215,Participant 215,Wanita,25/01/2007,85000000215,participant215@email.com,Internal,Arts - Percussion,Yogyakarta
2/11/2015 17:46,Participant 216,Participant 216,Pria,3/10/1982,85000000216,participant216@email.com,Internal,Audio - Engineer,Solo
2/11/2015 18:11,Participant 217,Participant 217,Pria,5/3/1980,85000000217,participant217@email.com,Internal,Music - Bass,Solo
2/11/2015 20:15,Participant 213,Participant 213,Wanita,16/03/2004,85000000213,participant213@email.com,Internal,Vocal - Choir,Solo
2/11/2015 20:15,Participant 213,Participant 213,Wanita,16/03/2004,85000000213,participant213@email.com,Internal,Vocal - Choir,Solo
2/11/2015 20:46,Participant 218,Participant 218,Wanita,13/06/1978,85000000218,participant218@email.com,Internal,Vocal - Body Voice,Jakarta
2/11/2015 20:50,Participant 218,Participant 218,Wanita,13/06/1978,85000000218,participant218@email.com,Internal,Vocal - Body Voice,Jakarta
2/11/2015 20:53,Participant 218,Participant 218,Wanita,13/06/1978,85000000218,participant218@email.com,Internal,Vocal - Body Voice,Jakarta
3/11/2015 7:29,Participant 152,Participant 152,Wanita,22/06/2005,85000000152,participant152@email.com,Internal,Arts - Movement,Solo
3/11/2015 11:36,Participant 219,Participant 219,Pria,19/11/2008,85000000219,participant219@email.com,Internal,Arts - Movement,Jakarta
3/11/2015 11:38,Participant 220,Participant 220,Wanita,2/9/1979,85000000220,participant220@email.com,Internal,Visual - Makeup,Jakarta
3/11/2015 13:03,Participant 221,Participant 221,Pria,5/10/1985,85000000221,participant221@email.com,Internal,Music - Keyboard,Solo
3/11/2015 13:57,Participant 222,Participant 222,Wanita,30/05/2000,85000000222,participant222@email.com,Internal,Arts - Movement,Solo
3/11/2015 14:45,Participant 223,Participant 223,Wanita,13/06/1967,85000000223,participant223@email.com,Internal,Visual - Makeup,Wonosari
3/11/2015 14:47,Participant 224,Participant 224,Wanita,18/01/1992,85000000224,participant224@email.com,Internal,Vocal - Singer,Purwokerto
3/11/2015 14:53,Participant 225,Participant 225,Wanita,31/10/1980,85000000225,participant225@email.com,Internal,Vocal - Singer,Surabaya
3/11/2015 14:54,Participant 226,Participant 226,Pria,13/10/1998,85000000226,participant226@email.com,Internal,Vocal - Singer,Purwokerto
3/11/2015 15:18,Participant 227,Participant 227,Wanita,3/11/2020,85000000227,participant227@email.com,Internal,Vocal - Singer,Tangerang
3/11/2015 15:20,Participant 228,Participant 228,Pria,22/10/1991,85000000228,participant228@email.com,Internal,Vocal - Singer,Tangerang
3/11/2015 15:22,Participant 229,Participant 229,Wanita,10/3/1995,85000000229,participant229@email.com,Internal,Vocal - Singer,Tangerang
3/11/2015 15:23,Participant 230,Participant 230,Wanita,7/12/2020,85000000230,participant230@email.com,Internal,Vocal - Singer,Tangerang
3/11/2015 15:25,Participant 231,Participant 231,Pria,23/08/1991,85000000231,participant231@email.com,Internal,Music - Drum,Tangerang
3/11/2015 15:27,Participant 232,Participant 232,Pria,18/08/1996,85000000232,participant232@email.com,Internal,Music - Keyboard,Tangerang
3/11/2015 15:28,Participant 233,Participant 233,Wanita,5/9/1991,85000000233,participant233@email.com,Internal,Arts - Percussion,Tangerang
3/11/2015 15:30,Participant 234,Participant 234,Pria,19/02/1998,85000000234,participant234@email.com,Internal,Audio - Engineer,Semarang
3/11/2015 15:31,Participant 234,Participant 234,Pria,19/11/1998,85000000234,participant234@email.com,Internal,Audio - Engineer,Semarang
3/11/2015 15:43,Participant 235,Participant 235,Wanita,5/4/2000,85000000235,participant235@email.com,Internal,Arts - Percussion,Yogyakarta
3/11/2015 15:43,Participant 236,Participant 236,Wanita,22/05/1997,85000000236,participant236@email.com,Internal,Arts - Percussion,Yogyakarta
3/11/2015 15:47,Participant 237,Participant 237,Wanita,26/05/1996,85000000237,participant237@email.com,Internal,Vocal - Singer,Pekalongan
3/11/2015 16:13,Participant 238,Participant 238,Wanita,9/1/1999,85000000238,participant238@email.com,Internal,Vocal - Singer,Tangerang
3/11/2015 16:18,PARTICIPANT 239,PARTICIPANT 239,Wanita,10/12/2000,85000000239,participant239@email.com,Internal,Arts - Percussion,Nias
3/11/2015 16:19,Participant 240,Participant 240,Wanita,2/7/1998,85000000240,participant240@email.com,Internal,Arts - Percussion,Jakarta
3/11/2015 16:23,Participant 241,Participant 241,Pria,10/6/1991,85000000241,participant241@email.com,Internal,Music - Guitar,Tangerang
3/11/2015 16:25,PARTICIPANT 242,PARTICIPANT 242,Wanita,30/06/1998,85000000242,participant242@email.com,Internal,Vocal - Singer,Solo
3/11/2015 16:27,Participant 243,Participant 243,Pria,10/9/1977,85000000243,participant243@email.com,Internal,Audio - Engineer,Jakarta
3/11/2015 16:29,Participant 244,Participant 244,Wanita,21/03/1987,85000000244,participant244@email.com,Internal,Vocal - Body Voice,Solo
3/11/2015 16:29,PARTICIPANT 245,PARTICIPANT 245,Wanita,9/8/2003,85000000245,participant245@email.com,Internal,Arts - Percussion,Nias
3/11/2015 16:40,Participant 246,Participant 246,Pria,18/05/1994,85000000246,participant246@email.com,Internal,Music - Bass,Solo
3/11/2015 16:40,Participant 247,Participant 247,Wanita,3/11/2020,85000000247,participant247@email.com,Internal,Vocal - Singer,Wonogiri
3/11/2015 16:41,Participant 248,Participant 248,Pria,18/03/1976,85000000248,participant248@email.com,Internal,Music - Bass,Tangerang
3/11/2015 16:42,PARTICIPANT 249,PARTICIPANT 249,Wanita,23/02/1971,85000000249,participant249@email.com,Internal,Vocal - Singer,Wonogiri
3/11/2015 16:56,Participant 250,Participant 250,Wanita,17/06/2001,85000000250,participant250@email.com,Internal,Arts - Percussion,Samarinda
3/11/2015 16:58,Participant 146,Participant 146,Wanita,3/11/2000,85000000146,participant146@email.com,Internal,Vocal - Choir,Solo
3/11/2015 16:59,Participant 60,Participant 60,Pria,10/3/1985,85000000060,participant60@email.com,Internal,Vocal - Singer,Solo
3/11/2015 17:11,Participant 251,Participant 251,Wanita,19/08/1989,85000000251,participant251@email.com,Internal,Vocal - Body Voice,Madiun
3/11/2015 17:35,Participant 252,Participant 252,Pria,15/07/1989,85000000252,participant252@email.com,Internal,Audio - Engineer,Tangerang
3/11/2015 17:42,Participant 253,Participant 253,Wanita,22/10/1983,85000000253,participant253@email.com,Internal,Vocal - Body Voice,Pekalongan
3/11/2015 17:47,Participant 254,Participant 254,Wanita,30/09/1974,85000000254,participant254@email.com,Internal,Vocal - Singer,Pekalongan
3/11/2015 17:53,Participant 255,Participant 255,Wanita,29/08/1988,85000000255,participant255@email.com,Internal,Vocal - Body Voice,Pekalongan
3/11/2015 18:02,Participant 256,Participant 256,Wanita,18/09/1979,85000000256,participant256@email.com,Internal,Vocal - Body Voice,Pekalongan
3/11/2015 18:34,PARTICIPANT 257,PARTICIPANT 257,Pria,16/04/1976,85000000257,participant257@email.com,Internal,Vocal - Singer,Jakarta
3/11/2015 19:00,Participant 258,Participant 258,Wanita,14/05/1995,85000000258,participant258@email.com,Internal,Vocal - Singer,Solo
3/11/2015 19:04,Participant 259,Participant 259,Wanita,5/6/2005,85000000259,participant259@email.com,Internal,Vocal - Body Voice,Surabaya
3/11/2015 19:07,Participant 250,Participant 250,Wanita,17/06/2001,85000000250,participant250@email.com,Internal,Arts - Percussion,Samarinda
3/11/2015 19:15,Participant 260,Participant 260,Pria,26/10/1998,85000000260,participant260@email.com,Internal,Music - Drum,Solo
3/11/2015 19:23,Participant 261,Participant 261,Wanita,7/11/1986,85000000261,participant261@email.com,Internal,Vocal - Body Voice,Semarang
3/11/2015 19:30,Participant 226,Participant 226,Pria,13/10/1998,85000000226,participant226@email.com,Internal,Vocal - Singer,Purwokerto
3/11/2015 19:39,Participant 262,Participant 262,Wanita,18/05/1998,85000000262,participant262@email.com,Internal,Vocal - Singer,Yogyakarta
3/11/2015 20:02,Participant 263,Participant 263,Pria,3/11/2020,85000000263,participant263@email.com,Internal,Music - Guitar,Samarinda
3/11/2015 20:09,Participant 264,Participant 264,Wanita,17/08/1980,85000000264,participant264@email.com,Internal,Vocal - Body Voice,Solo
3/11/2015 20:14,Participant 265,Participant 265,Pria,28/07/1986,85000000265,participant265@email.com,Internal,Vocal - Choir,Yogyakarta
3/11/2015 20:18,Participant 266,Participant 266,Pria,27/08/1984,85000000266,participant266@email.com,Internal,Audio - Engineer,Samarinda
3/11/2015 20:48,Participant 267,Participant 267,Wanita,17/03/2000,85000000267,participant267@email.com,Internal,Music - Guitar,Madiun
3/11/2015 20:52,Participant 268,Participant 268,Pria,16/05/2005,85000000268,participant268@email.com,Internal,Vocal - Singer,Samarinda
3/11/2015 20:56,Participant 84,Participant 84,Wanita,24/12/1994,85000000084,participant84@email.com,Internal,Vocal - Singer,Surabaya
3/11/2015 21:06,Participant 269,Participant 269,Wanita,14/09/1993,85000000269,participant269@email.com,Internal,Vocal - Singer,Bandung
3/11/2015 21:08,Participant 270,Participant 270,Wanita,22/08/1979,85000000270,participant270@email.com,Internal,Vocal - Body Voice,Solo
3/11/2015 21:11,Participant 271,Participant 271,Pria,12/11/1996,85000000271,participant271@email.com,Internal,Music - Keyboard,Wonosari
3/11/2015 21:28,Participant 272,Participant 272,Wanita,4/6/1985,85000000272,participant272@email.com,Internal,Vocal - Singer,Solo
3/11/2015 21:28,Participant 166,Participant 166,Wanita,1/3/1988,85000000166,participant166@email.com,Internal,Vocal - Singer,Madiun
3/11/2015 21:45,Participant 273,Participant 273,Wanita,20/08/1994,85000000273,participant273@email.com,Internal,Vocal - Body Voice,Surabaya
3/11/2015 21:48,Participant 273,Participant 273,Wanita,20/08/1994,85000000273,participant273@email.com,Internal,Vocal - Body Voice,Surabaya
3/11/2015 21:52,Participant 274,Participant 274,Pria,13/05/2000,85000000274,participant274@email.com,Internal,Vocal - Singer,Bandung
3/11/2015 21:53,Participant 275,Participant 275,Pria,15/04/1988,85000000275,participant275@email.com,Internal,Audio - Engineer,Bandung
3/11/2015 21:54,participant 276,participant 276,Pria,28/11/1993,85000000276,participant276@email.com,Internal,Music - Keyboard,Bandung
3/11/2015 22:07,Participant 277,Participant 277,Wanita,25/12/2003,85000000277,participant277@email.com,Internal,Arts - Percussion,Samarinda
3/11/2015 22:13,Participant 228,Participant 228,Pria,22/10/1991,85000000228,participant228@email.com,Internal,Vocal - Singer,Tangerang
3/11/2015 22:14,Participant 278,Participant 278,Pria,13/12/2001,85000000278,participant278@email.com,Internal,Music - Drum,Samarinda
3/11/2015 22:19,Participant 279,Participant 279,Pria,29/11/1989,85000000279,participant279@email.com,Internal,Vocal - Singer,Tangerang
3/11/2015 22:24,Participant 280,Participant 280,Pria,16/01/1981,85000000280,participant280@email.com,Internal,Music - Guitar,Surabaya
3/11/2015 22:26,participant 281,participant 281,Wanita,3/11/2020,85000000281,participant281@email.com,Internal,Arts - Percussion,Magelang
3/11/2015 22:26,Participant 282,Participant 282,Pria,28/08/2004,85000000282,participant282@email.com,Internal,Music - Keyboard,Samarinda
3/11/2015 22:27,Participant 278,Participant 278,Pria,13/12/2001,85000000278,participant278@email.com,Internal,Music - Drum,Samarinda
3/11/2015 22:28,Participant 283,Participant 283,Pria,23/06/2000,85000000283,participant283@email.com,Internal,Music - Keyboard,Bandung
3/11/2015 22:30,PARTICIPANT 284,PARTICIPANT 284,Pria,29/06/1991,85000000284,participant284@email.com,Internal,Vocal - Body Voice,Madiun
3/11/2015 22:37,Participant 285,Participant 285,Wanita,29/04/2006,85000000285,participant285@email.com,Internal,Arts - Percussion,Magelang
6/1/2016 12:50,Participant 286,Participant 286,Pria,6/1/2021,85000000286,participant286@email.com,Internal,Arts - Flag,Yogyakarta
7/1/2016 15:24,Participant 287,Participant 287,Wanita,11/11/1977,85000000287,participant287@email.com,Internal,Vocal - Singer,Solo
7/1/2016 15:30,Participant 288,Participant 288,Wanita,3/9/1976,85000000288,participant288@email.com,Internal,Vocal - Body Voice,Yogyakarta
7/1/2016 15:31,PARTICIPANT 289,PARTICIPANT 289,Wanita,28/12/1974,85000000289,participant289@email.com,Internal,Visual - Makeup,Madiun
7/1/2016 16:14,Participant 290,Participant 290,Wanita,17/08/2002,85000000290,participant290@email.com,Internal,Vocal - Singer,Solo
7/1/2016 16:50,Participant 291,Participant 291,Pria,27/02/1994,85000000291,participant291@email.com,Internal,Vocal - Singer,Solo 
7/1/2016 16:56,Participant 292,Participant 292,Wanita,7/6/1986,85000000292,participant292@email.com,Internal,Vocal - Singer,Bandung
7/1/2016 17:14,Participant 188,Participant 188,Pria,4/6/1994,85000000188,participant188@email.com,Internal,Music - Drum,Yogyakarta
7/1/2016 19:06,Participant 293,Participant 293,Pria,2/3/2002,85000000293,participant293@email.com,Internal,Vocal - Singer,Bandung
7/1/2016 19:22,Participant 294,Participant 294,Pria,9/2/2002,85000000294,participant294@email.com,Internal,Music - Keyboard,Samarinda
7/1/2016 19:51,Participant 237,Participant 237,Wanita,26/05/1996,85000000237,participant237@email.com,Internal,Vocal - Singer,Pekalongan
7/1/2016 19:59,Participant 295,Participant 295,Wanita,10/10/1993,85000000295,participant295@email.com,Internal,Vocal - Singer,Solo
7/1/2016 21:11,Participant 296,Participant 296,Pria,5/1/2021,85000000296,participant296@email.com,Internal,Music - Drum,Solo
7/1/2016 21:34,Participant 297,Participant 297,Pria,5/7/1998,85000000297,participant297@email.com,Internal,Vocal - Singer,Jakarta
8/1/2016 0:17,Participant 298,Participant 298,Pria,4/3/2004,85000000298,participant298@email.com,Internal,Audio - Engineer,Solo
8/1/2016 8:34,Participant 299,Participant 299,Pria,26/06/1970,85000000299,participant299@email.com,Internal,Audio - Engineer,Samarinda
8/1/2016 9:28,Participant 300,Participant 300,Pria,19/10/1971,85000000300,participant300@email.com,Internal,Vocal - Choir,Samarinda
8/1/2016 9:31,Participant 301,Participant 301,Wanita,14/02/1974,85000000301,participant301@email.com,Internal,Vocal - Choir,Samarinda
8/1/2016 9:56,Participant 302,Participant 302,Wanita,28/09/1993,85000000302,participant302@email.com,Internal,Vocal - Singer,Samarinda
8/1/2016 9:56,Participant 303,Participant 303,Wanita,8/4/1998,85000000303,participant303@email.com,Internal,Visual - Makeup,Samarinda
8/1/2016 9:58,Participant 304,Participant 304,Pria,14/10/2000,85000000304,participant304@email.com,Internal,Music - Bass,Samarinda
8/1/2016 10:02,Participant 305,Participant 305,Wanita,20/01/2004,85000000305,participant305@email.com,Internal,Vocal - Singer,Samarinda
8/1/2016 10:03,Participant 306,Participant 306,Wanita,27/07/2004,85000000306,participant306@email.com,Internal,Music - Bass,Samarinda
8/1/2016 10:05,PARTICIPANT 307,PARTICIPANT 307,Wanita,20/05/2004,85000000307,participant307@email.com,Internal,Music - Keyboard,Samarinda
8/1/2016 10:06,PARTICIPANT 308,PARTICIPANT 308,Wanita,29/01/1997,85000000308,participant308@email.com,Internal,Vocal - Singer,Samarinda
8/1/2016 10:30,Participant 309,Participant 309,Pria,20/06/1995,85000000309,participant309@email.com,Internal,Vocal - Body Voice,Samarinda
8/1/2016 10:49,Participant 310,Participant 310,Wanita,8/5/2005,85000000310,participant310@email.com,Internal,Music - Keyboard,Samarinda
8/1/2016 10:50,Participant 311,Participant 311,Wanita,9/8/1996,85000000311,participant311@email.com,Internal,Vocal - Singer,Samarinda
8/1/2016 10:57,Participant 312,Participant 312,Wanita,6/12/1972,85000000312,participant312@email.com,Internal,Music - Guitar,Boyolali
8/1/2016 10:58,PARTICIPANT 313,PARTICIPANT 313,Wanita,1/3/2001,85000000313,participant313@email.com,Internal,Arts - Percussion,Solo
8/1/2016 10:59,Participant 314,Participant 314,Pria,12/5/1997,85000000314,participant314@email.com,Internal,Music - Guitar,Solo
8/1/2016 11:03,PARTICIPANT 313,PARTICIPANT 313,Wanita,1/3/2001,85000000313,participant313@email.com,Internal,Arts - Percussion,Solo
8/1/2016 11:19,Participant 315,Participant 315,Pria,25/05/2003,85000000315,participant315@email.com,Internal,Music - Bass,Samarinda
8/1/2016 11:19,Participant 316,Participant 316,Pria,25/05/2003,85000000316,participant316@email.com,Internal,Music - Drum,Samarinda
8/1/2016 11:20,Participant 317,Participant 317,Wanita,1/6/1991,85000000317,participant317@email.com,Internal,Vocal - Singer,Samarinda
8/1/2016 11:24,Participant 318,Participant 318,Wanita,6/9/1990,85000000318,participant318@email.com,Internal,Vocal - Singer,Samarinda
8/1/2016 11:32,participant 319,participant 319,Wanita,20/10/1976,85000000319,participant319@email.com,Internal,Vocal - Body Voice,Solo
8/1/2016 11:34,Participant 36,Participant 36,Wanita,28/04/2021,85000000036,participant36@email.com,Internal,Music - Guitar,Solo 
8/1/2016 11:42,Participant 320,Participant 320,Wanita,31/05/1980,85000000320,participant320@email.com,Internal,Vocal - Choir,Samarinda
8/1/2016 11:53,Participant 218,Participant 218,Wanita,13/06/1978,85000000218,participant218@email.com,Internal,Vocal - Body Voice,Jakarta
8/1/2016 11:56,Participant 218,Participant 218,Wanita,13/06/1978,85000000218,participant218@email.com,Internal,Vocal - Body Voice,Jakarta
8/1/2016 12:30,Participant 321,Participant 321,Wanita,21/07/1990,85000000321,participant321@email.com,Internal,Vocal - Singer,Solo
8/1/2016 13:09,Participant 322,Participant 322,Wanita,26/03/1996,85000000322,participant322@email.com,Internal,Vocal - Singer,Samarinda
8/1/2016 13:10,participant 323,participant 323,Wanita,1/8/1982,85000000323,participant323@email.com,Internal,Music - Keyboard,Solo 
8/1/2016 13:22,Participant 324,Participant 324,Pria,18/08/1997,85000000324,participant324@email.com,Internal,Music - Guitar,Samarinda
8/1/2016 13:34,PARTICIPANT 307,PARTICIPANT 307,Wanita,20/05/2004,85000000307,participant307@email.com,Internal,Music - Keyboard,Samarinda
8/1/2016 13:43,Participant 325,Participant 325,Pria,1/5/1996,85000000325,participant325@email.com,Internal,Arts - Flag,Samarinda
8/1/2016 13:50,Participant 325,Participant 325,Pria,1/5/1996,85000000325,participant325@email.com,Internal,Arts - Flag,Samarinda
8/1/2016 14:56,Participant 326,Participant 326,Pria,13/02/1975,85000000326,participant326@email.com,Internal,Vocal - Singer,Solo
8/1/2016 15:23,Participant 327,Participant 327,Wanita,17/05/1995,85000000327,participant327@email.com,Internal,Visual - Makeup,Yogyakarta
8/1/2016 15:26,Participant 328,Participant 328,Wanita,30/11/2001,85000000328,participant328@email.com,Internal,Visual - Makeup,Sragen
8/1/2016 15:29,Participant 329,Participant 329,Wanita,20/04/1984,85000000329,participant329@email.com,Internal,Visual - Makeup,Solo 
8/1/2016 15:30,Participant 330,Participant 330,Pria,30/12/1985,85000000330,participant330@email.com,Internal,Music - Guitar,Solo
8/1/2016 15:48,Participant 331,Participant 331,Pria,16/11/1998,85000000331,participant331@email.com,Internal,Audio - Engineer,Samarinda
8/1/2016 15:58,PARTICIPANT 332,PARTICIPANT 332,Pria,21/11/2004,85000000332,participant332@email.com,Internal,Music - Bass,Samarinda
8/1/2016 16:00,Participant 333,Participant 333,Wanita,7/1/1968,85000000333,participant333@email.com,Internal,Vocal - Body Voice,Samarinda
8/1/2016 16:01,Participant 334,Participant 334,Wanita,20/08/2021,85000000334,participant334@email.com,Internal,Vocal - Singer,Samarinda
8/1/2016 16:07,Participant 333,Participant 333,Wanita,7/1/1968,85000000333,participant333@email.com,Internal,Vocal - Body Voice,Samarinda
8/1/2016 17:27,Participant 335,Participant 335,Pria,13/03/2004,85000000335,participant335@email.com,Internal,Music - Guitar,Samarinda
8/1/2016 17:49,Participant 334,Participant 334,Wanita,20/08/1978,85000000334,participant334@email.com,Internal,Vocal - Singer,Samarinda
8/1/2016 18:33,Participant 336,Participant 336,Pria,12/10/1981,85000000336,participant336@email.com,Internal,Vocal - Singer,Solo
8/1/2016 19:18,Participant 337,Participant 337,Wanita,21/11/1994,85000000337,participant337@email.com,Internal,Vocal - Singer,Samarinda
8/1/2016 19:27,Participant 338,Participant 338,Wanita,3/5/2003,85000000338,participant338@email.com,Internal,Arts - Movement,Solo
8/1/2016 19:46,Participant 339,Participant 339,Pria,18/01/1998,85000000339,participant339@email.com,Internal,Vocal - Singer,Solo
8/1/2016 20:32,Participant 340,Participant 340,Wanita,20/02/1983,85000000340,participant340@email.com,Internal,Visual - Makeup,Samarinda
8/1/2016 21:45,Participant 341,Participant 341,Pria,24/06/1960,85000000341,participant341@email.com,Internal,Music - Guitar,Solo
8/1/2016 22:30,Participant 218,Participant 218,Wanita,13/06/1978,85000000218,participant218@email.com,Internal,Vocal - Body Voice,Jakarta
9/1/2016 8:44,Participant 342,Participant 342,Pria,28/08/1988,85000000342,participant342@email.com,Internal,Music - Guitar,Solo
9/1/2016 11:31,Participant 343,Participant 343,Wanita,4/7/1997,85000000343,participant343@email.com,Internal,Vocal - Singer,Yogyakarta
9/1/2016 13:38,participant 344,participant 344,Wanita,31/08/1981,85000000344,participant344@email.com,Internal,Music - Keyboard,Solo
9/1/2016 14:47,Participant 345,Participant 345,Pria,16/08/2003,85000000345,participant345@email.com,Internal,Music - Keyboard,Boyolali
9/1/2016 16:53,Participant 343,Participant 343,Wanita,4/7/1997,85000000343,participant343@email.com,Internal,Vocal - Singer,Yogyakarta
9/1/2016 17:24,Participant 103,Participant 103,Wanita,7/12/2001,85000000103,participant103@email.com,Internal,Arts - Percussion,Solo
9/1/2016 17:28,Participant 7,Participant 7,Wanita,10/4/2003,85000000007,participant7@email.com,Internal,Arts - Percussion,Solo
9/1/2016 17:38,Participant 13,Participant 13,Wanita,7/4/1999,85000000013,participant13@email.com,Internal,Arts - Percussion,Solo
9/1/2016 18:23,PARTICIPANT 346,PARTICIPANT 346,Wanita,18/12/1999,85000000346,participant346@email.com,Internal,Vocal - Singer,Solo
9/1/2016 20:20,Participant 347,Participant 347,Wanita,12/6/1973,85000000347,participant347@email.com,Internal,Visual - Makeup,Solo
10/1/2016 7:24,Participant 239,Participant 239,Wanita,10/12/2000,85000000239,participant239@email.com,Internal,Arts - Percussion,Nias
10/1/2016 8:04,Participant 348,Participant 348,Pria,5/3/1997,85000000348,participant348@email.com,Internal,Music - Drum,Semarang
10/1/2016 9:17,Participant 4,Participant 4,Wanita,8/9/1994,85000000004,participant4@email.com,Internal,Arts - Percussion,Solo
10/1/2016 9:18,participant 349,participant 349,Wanita,29/02/1984,85000000349,participant349@email.com,Internal,Music - Keyboard,Solo
10/1/2016 9:26,participant 349,participant 349,Wanita,29/02/1984,85000000349,participant349@email.com,Internal,Music - Keyboard,Solo
10/1/2016 12:16,Participant 350,Participant 350,Pria,4/12/2004,85000000350,participant350@email.com,Internal,Music - Keyboard,Boyolali
10/1/2016 13:21,Participant 351,Participant 351,Wanita,19/04/2001,85000000351,participant351@email.com,Internal,Visual - Makeup,Solo
10/1/2016 14:32,PARTICIPANT 245,PARTICIPANT 245,Wanita,9/8/2003,85000000245,participant245@email.com,Internal,Arts - Percussion,Nias
10/1/2016 14:35,PARTICIPANT 352,PARTICIPANT 352,Wanita,9/7/1997,85000000352,participant352@email.com,Internal,Arts - Percussion,Boyolali
10/1/2016 17:44,Participant 353,Participant 353,Pria,15/09/2005,85000000353,participant353@email.com,Internal,Music - Guitar,Solo
10/1/2016 18:19,Participant 226,Participant 226,Pria,13/10/1998,85000000226,participant226@email.com,Internal,Vocal - Singer,Purwokerto
10/1/2016 19:12,Participant 354,Participant 354,Pria,8/7/1985,85000000354,participant354@email.com,Internal,Vocal - Singer,Jakarta
10/1/2016 19:44,Participant 355,Participant 355,Pria,1/7/1995,85000000355,participant355@email.com,Internal,Music - Guitar,Jakarta
10/1/2016 20:00,Participant 226,Participant 226,Pria,13/10/1998,85000000226,participant226@email.com,Internal,Vocal - Singer,Purwokerto
11/1/2016 7:52,Participant 356,Participant 356,Wanita,4/2/1976,85000000356,participant356@email.com,Internal,Vocal - Body Voice,Boyolali
11/1/2016 11:04,Participant 357,Participant 357,Wanita,24/02/1982,85000000357,participant357@email.com,Internal,Vocal - Singer,Madiun
11/1/2016 13:18,Participant 358,Participant 358,Pria,27/10/1983,85000000358,participant358@email.com,Internal,Vocal - Singer,Boyolali
11/1/2016 15:02,Participant 359,Participant 359,Wanita,14/12/1989,85000000359,participant359@email.com,Internal,Vocal - Singer,Boyolali
11/1/2016 15:36,Participant 360,Participant 360,Wanita,8/4/1996,85000000360,participant360@email.com,Internal,Arts - Percussion,Jakarta
11/1/2016 16:08,Participant 361,Participant 361,Wanita,20/01/1958,85000000361,participant361@email.com,Internal,Music - Keyboard,Solo
12/1/2016 11:55,Participant 362,Participant 362,Pria,25/10/1983,85000000362,participant362@email.com,Internal,Music - Bass,Bandung
12/1/2016 13:14,Participant 123,Participant 123,Pria,3/1/1993,85000000123,participant123@email.com,Internal,Music - Guitar,Jakarta
12/1/2016 20:38,Participant 363,Participant 363,Pria,18/10/1998,85000000363,participant363@email.com,Internal,Music - Drum,Yogyakarta
12/1/2016 20:39,Participant 364,Participant 364,Pria,13/06/1982,85000000364,participant364@email.com,Internal,Music - Guitar,Solo
12/1/2016 20:42,Participant 365,Participant 365,Pria,30/06/1999,85000000365,participant365@email.com,Internal,Music - Keyboard,Yogyakarta
13/01/2016 05:58:29,Participant 366,Participant 366,Wanita,6/7/2003,85000000366,participant366@email.com,Internal,Music - Guitar,Solo
13/01/2016 13:09:42,Participant 367,Participant 367,Pria,13/01/2021,85000000367,participant367@email.com,Internal,Music - Keyboard,Sragen
13/01/2016 13:20:25,Participant 368,Participant 368,Pria,19/01/2021,85000000368,participant368@email.com,Internal,Arts - Flag,Sragen
13/01/2016 17:19:35,Participant 369,Participant 369,Pria,23/06/2007,85000000369,participant369@email.com,Internal,Music - Guitar,Boyolali
14/01/2016 13:16:57,Participant 370,Participant 370,Wanita,7/6/1989,85000000370,participant370@email.com,Internal,Vocal - Singer,Yogyakarta
14/01/2016 15:05:36,Participant 371,Participant 371,Wanita,2/1/1989,85000000371,participant371@email.com,Internal,Vocal - Singer,Solo 
14/01/2016 16:09:19,Participant 372,Participant 372,Wanita,28/06/2005,85000000372,participant372@email.com,Internal,Vocal - Singer,Solo
14/01/2016 19:28:55,Participant 373,Participant 373,Wanita,15/05/1994,85000000373,participant373@email.com,Internal,Arts - Percussion,Solo
14/01/2016 19:32:32,Participant 374,Participant 374,Pria,19/02/1989,85000000374,participant374@email.com,Internal,Music - Bass,Boyolali
14/01/2016 19:50:15,Participant 375,Participant 375,Wanita,30/01/1998,85000000375,participant375@email.com,Internal,Vocal - Singer,Sragen
14/01/2016 19:55:49,participant 376,participant 376,Wanita,9/10/1999,85000000376,participant376@email.com,Internal,Arts - Percussion,Sragen
14/01/2016 20:03:25,Participant 377,Participant 377,Wanita,15/02/1995,85000000377,participant377@email.com,Internal,Arts - Percussion,Sragen
15/01/2016 06:29:49,Participant 360,Participant 360,Wanita,8/4/1996,85000000360,participant360@email.com,Internal,Arts - Percussion,Jakarta
15/01/2016 12:05:56,Participant 378,Participant 378,Wanita,8/8/2001,85000000378,participant378@email.com,Internal,Vocal - Singer,Solo
15/01/2016 14:59:17,Participant 379,Participant 379,Wanita,21/10/1976,85000000379,participant379@email.com,Internal,Vocal - Singer,Solo
15/01/2016 16:51:06,Participant 380,Participant 380,Wanita,25/03/2003,85000000380,participant380@email.com,Internal,Vocal - Singer,Solo
15/01/2016 17:13:47,Participant 356,Participant 356,Wanita,4/2/1976,85000000356,participant356@email.com,Internal,Vocal - Body Voice,Boyolali
15/01/2016 17:20:49,Participant 334,Participant 334,Wanita,20/08/1978,85000000334,participant334@email.com,Internal,Vocal - Singer,Samarinda
15/01/2016 18:35:05,Participant 104,Participant 104,Pria,10/5/2000,85000000104,participant104@email.com,Internal,Music - Guitar,Wonogiri
15/01/2016 18:47:59,Participant 381,Participant 381,Pria,19/09/2011,85000000381,participant381@email.com,Internal,Vocal - Singer,Boyolali
15/01/2016 19:10:03,participant 376,participant 376,Wanita,9/10/1999,85000000376,participant376@email.com,Internal,Arts - Percussion,Sragen
15/01/2016 19:32:48,Participant 382,Participant 382,Pria,17/04/1974,85000000382,participant382@email.com,Internal,Vocal - Singer,Solo
16/01/2016 09:10:35,Participant 383,Participant 383,Wanita,27/03/1982,85000000383,participant383@email.com,Internal,Vocal - Singer,Wonogiri
16/01/2016 09:35:33,Participant 384,Participant 384,Wanita,9/8/2005,85000000384,participant384@email.com,Internal,Music - Guitar,Boyolali
16/01/2016 18:32:27,Participant 385,Participant 385,Pria,26/07/1996,85000000385,participant385@email.com,Internal,Vocal - Singer,Solo
16/01/2016 21:18:51,Participant 386,Participant 386,Wanita,28/01/1998,85000000386,participant386@email.com,Internal,Music - Keyboard,Solo
16/01/2016 22:31:46,Participant 277,Participant 277,Wanita,25/12/2003,85000000277,participant277@email.com,Internal,Arts - Percussion,Samarinda
17/01/2016 08:11:09,PARTICIPANT 387,PARTICIPANT 387,Wanita,15/12/1978,85000000387,participant387@email.com,Internal,Vocal - Singer,Solo
17/01/2016 08:49:46,Participant 388,Participant 388,Pria,15/05/2004,85000000388,participant388@email.com,Internal,Music - Bass,Solo
17/01/2016 11:45:21,Participant 389,Participant 389,Wanita,27/06/1997,85000000389,participant389@email.com,Internal,Arts - Percussion,Boyolali
17/01/2016 13:37:35,Participant 390,Participant 390,Pria,25/10/2008,85000000390,participant390@email.com,Internal,Arts - Flag,Bandung
17/01/2016 15:01:26,Participant 391,Participant 391,Pria,19/06/2000,85000000391,participant391@email.com,Internal,Music - Guitar,Yogyakarta
17/01/2016 15:12:42,Participant 392,Participant 392,Pria,20/05/2003,85000000392,participant392@email.com,Internal,Music - Guitar,Solo
17/01/2016 19:31:25,Participant 393,Participant 393,Pria,15/05/1992,85000000393,participant393@email.com,Internal,Music - Drum,Solo
17/01/2016 19:32:57,Participant 394,Participant 394,Pria,5/5/2004,85000000394,participant394@email.com,Internal,Music - Keyboard,Boyolali
17/01/2016 19:54:00,Participant 395,Participant 395,Pria,13/07/1998,85000000395,participant395@email.com,Internal,Music - Bass,Boyolali
18/01/2016 09:23:12,Participant 396,Participant 396,Pria,2/12/2010,85000000396,participant396@email.com,Internal,Music - Keyboard,Bali
18/01/2016 11:35:29,Participant 397,Participant 397,Pria,15/01/1974,85000000397,participant397@email.com,Internal,Music - Guitar,Surabaya
18/01/2016 12:07:48,Participant 398,Participant 398,Pria,19/06/1980,85000000398,participant398@email.com,Internal,Music - Keyboard,Jakarta
18/01/2016 12:19:02,Participant 393,Participant 393,Pria,15/05/1992,85000000393,participant393@email.com,Internal,Music - Drum,Solo
18/01/2016 13:08:02,Participant 399,Participant 399,Wanita,18/03/2021,85000000399,participant399@email.com,Internal,Arts - Percussion,Bali
18/01/2016 14:20:50,Participant 400,Participant 400,Wanita,2/7/1992,85000000400,participant400@email.com,Internal,Arts - Percussion,Jakarta
18/01/2016 15:23:35,Participant 401,Participant 401,Pria,18/07/1993,85000000401,participant401@email.com,Internal,Vocal - Singer,Bali
18/01/2016 18:36:57,Participant 402,Participant 402,Pria,30/08/1996,85000000402,participant402@email.com,Internal,Vocal - Singer,Jakarta
18/01/2016 19:22:44,Participant 25,Participant 25,Pria,24/09/1998,85000000025,participant25@email.com,Internal,Music - Drum,Pekalongan
18/01/2016 19:40:41,Participant 237,Participant 237,Wanita,26/05/1996,85000000237,participant237@email.com,Internal,Vocal - Singer,Pekalongan
18/01/2016 23:35:12,Participant 403,Participant 403,Pria,13/06/2001,85000000403,participant403@email.com,Internal,Music - Bass,Yogyakarta
18/01/2016 23:45:07,Participant 404,Participant 404,Wanita,27/12/1988,85000000404,participant404@email.com,Internal,Vocal - Singer,Jakarta
19/01/2016 08:44:47,Participant 405,Participant 405,Wanita,30/06/1980,85000000405,participant405@email.com,Internal,Vocal - Singer,Jakarta
19/01/2016 12:24:55,Participant 214,Participant 214,Pria,22/04/1984,85000000214,participant214@email.com,Internal,Music - Guitar,Nias
19/01/2016 20:18:22,Participant 406,Participant 406,Wanita,11/3/1999,85000000406,participant406@email.com,Internal,Music - Keyboard,Bali
19/01/2016 22:49:22,Participant 407,Participant 407,Pria,21/03/1996,85000000407,participant407@email.com,Internal,Vocal - Singer,Yogyakarta
20/01/2016 19:43:43,Participant 408,Participant 408,Pria,13/11/1996,85000000408,participant408@email.com,Internal,Music - Keyboard,Bandung
21/01/2016 13:07:57,Participant 68,Participant 68,Wanita,12/9/1982,85000000068,participant68@email.com,Internal,Vocal - Singer,Madiun
21/01/2016 14:47:52,Participant 409,Participant 409,Wanita,2/1/1964,85000000409,participant409@email.com,Internal,Vocal - Singer,Tangerang
21/01/2016 14:48:40,Participant 410,Participant 410,Pria,22/04/1992,85000000410,participant410@email.com,Internal,Music - Keyboard,Wonogiri
21/01/2016 14:55:38,Participant 411,Participant 411,Pria,23/07/2003,85000000411,participant411@email.com,Internal,Music - Drum,Wonogiri
21/01/2016 15:02:40,Participant 412,Participant 412,Wanita,22/12/2007,85000000412,participant412@email.com,Internal,Vocal - Singer,Yogyakarta
21/01/2016 15:59:10,Participant 413,Participant 413,Pria,17/01/1974,85000000413,participant413@email.com,Internal,Arts - Flag,Jakarta
21/01/2016 16:15:25,Participant 414,Participant 414,Pria,14/11/1980,85000000414,participant414@email.com,Internal,Vocal - Singer,Jakarta
21/01/2016 16:50:16,Participant 415,Participant 415,Pria,5/11/1996,85000000415,participant415@email.com,Internal,Vocal - Singer,Solo
21/01/2016 16:57:56,Participant 260,Participant 260,Pria,24/02/1994,85000000260,participant260@email.com,Internal,Music - Drum,Solo
21/01/2016 17:12:19,Participant 416,Participant 416,Wanita,6/9/1974,85000000416,participant416@email.com,Internal,Vocal - Choir,Jakarta
21/01/2016 17:14:23,Participant 417,Participant 417,Pria,17/10/1982,85000000417,participant417@email.com,Internal,Vocal - Singer,Jakarta
21/01/2016 17:21:14,Participant 67,Participant 67,Wanita,29/08/1995,85000000067,participant67@email.com,Internal,Vocal - Singer,Solo
21/01/2016 17:21:31,Participant 418,Participant 418,Pria,9/9/2001,85000000418,participant418@email.com,Internal,Music - Bass,Bali
21/01/2016 17:24:38,Participant 419,Participant 419,Wanita,24/04/2004,85000000419,participant419@email.com,Internal,Arts - Percussion,Solo
21/01/2016 18:07:25,Participant 420,Participant 420,Pria,13/04/1984,85000000420,participant420@email.com,Internal,Audio - Engineer,Solo
21/01/2016 18:21:16,Participant 421,Participant 421,Pria,22/09/1988,85000000421,participant421@email.com,Internal,Music - Keyboard,Purwokerto
21/01/2016 18:23:17,Participant 421,Participant 421,Pria,22/09/1988,85000000421,participant421@email.com,Internal,Music - Keyboard,Purwokerto
21/01/2016 19:20:21,Participant 422,Participant 422,Wanita,5/11/1992,85000000422,participant422@email.com,Internal,Vocal - Singer,Solo
21/01/2016 19:34:38,Participant 423,Participant 423,Wanita,19/02/1996,85000000423,participant423@email.com,Internal,Visual - Makeup,Solo
21/01/2016 19:53:05,Participant 424,Participant 424,Pria,31/10/2002,85000000424,participant424@email.com,Internal,Music - Guitar,Bali
21/01/2016 20:16:30,Participant 425,Participant 425,Wanita,15/02/2004,85000000425,participant425@email.com,Internal,Arts - Movement,Yogyakarta
21/01/2016 20:22:07,Participant 426,Participant 426,Pria,26/10/1998,85000000426,participant426@email.com,Internal,Music - Drum,Solo
21/01/2016 21:28:48,Participant 427,Participant 427,Wanita,7/7/1983,85000000427,participant427@email.com,Internal,Vocal - Choir,Solo
21/01/2016 22:31:36,Participant 428,Participant 428,Wanita,14/08/2007,85000000428,participant428@email.com,Internal,Arts - Movement,Yogyakarta
22/01/2016 06:17:21,Participant 429,Participant 429,Wanita,29/07/1966,85000000429,participant429@email.com,Internal,Visual - Makeup,Surabaya
22/01/2016 08:16:41,Participant 146,Participant 146,Wanita,11/3/2000,85000000146,participant146@email.com,Internal,Vocal - Choir,Solo
22/01/2016 09:15:24,Participant 430,Participant 430,Wanita,9/4/1978,85000000430,participant430@email.com,Internal,Vocal - Singer,Solo
22/01/2016 10:02:07,Participant 207,Participant 207,Wanita,13/05/2002,85000000207,participant207@email.com,Internal,Arts - Percussion,Yogyakarta
22/01/2016 11:55:10,Participant 431,Participant 431,Wanita,15/12/2000,85000000431,participant431@email.com,Internal,Music - Guitar,Jakarta
22/01/2016 12:10:22,Participant 432,Participant 432,Wanita,28/02/1978,85000000432,participant432@email.com,Internal,Vocal - Singer,Jakarta
22/01/2016 14:33:28,Participant 356,Participant 356,Wanita,4/2/1976,85000000356,participant356@email.com,Internal,Vocal - Body Voice,Boyolali
22/01/2016 22:45:05,Participant 433,Participant 433,Pria,20/08/1997,85000000433,participant433@email.com,Internal,Vocal - Singer,Solo
23/01/2016 04:48:16,Participant 434,Participant 434,Wanita,13/12/1976,85000000434,participant434@email.com,Internal,Visual - Makeup,Solo
23/01/2016 07:50:52,Participant 435,Participant 435,Pria,13/10/2000,85000000435,participant435@email.com,Internal,Vocal - Singer,Jakarta
23/01/2016 09:37:39,PARTICIPANT 313,PARTICIPANT 313,Wanita,1/3/2001,85000000313,participant313@email.com,Internal,Arts - Percussion,Solo
23/01/2016 10:33:19,Participant 436,Participant 436,Wanita,13/07/2003,85000000436,participant436@email.com,Internal,Visual - Makeup,Bali
23/01/2016 11:45:38,Participant 437,Participant 437,Wanita,28/09/1977,85000000437,participant437@email.com,Internal,Arts - Percussion,Bandung
23/01/2016 13:53:13,Participant 438,Participant 438,Pria,20/08/1997,85000000438,participant438@email.com,Internal,Vocal - Singer,Solo
23/01/2016 14:17:13,Participant 435,Participant 435,Pria,13/10/2000,85000000435,participant435@email.com,Internal,Vocal - Singer,Jakarta
23/01/2016 16:47:52,Participant 439,Participant 439,"Wanita, Pria",14/10/1975,85000000439,participant439@email.com,Internal,Vocal - Singer,Jakarta
23/01/2016 19:48:34,Participant 440,Participant 440,Wanita,1/3/2007,85000000440,participant440@email.com,Internal,Music - Drum,Solo
24/01/2016 10:32:35,Participant 314,Participant 314,Pria,12/5/1997,85000000314,participant314@email.com,Internal,Music - Guitar,Solo
24/01/2016 10:54:16,Participant 441,Participant 441,Pria,15/05/2003,85000000441,participant441@email.com,Internal,Music - Drum,Bali
24/01/2016 12:26:02,Participant 442,Participant 442,Wanita,11/7/2005,85000000442,participant442@email.com,Internal,Arts - Percussion,Surabaya
24/01/2016 13:42:55,Participant 385,Participant 385,Pria,26/07/1996,85000000385,participant385@email.com,Internal,Vocal - Singer,Solo
24/01/2016 15:45:07,Participant 443,Participant 443,Wanita,6/11/2006,85000000443,participant443@email.com,Internal,Arts - Movement,Solo
24/01/2016 16:12:53,Participant 444,Participant 444,Wanita,23/04/2001,85000000444,participant444@email.com,Internal,Vocal - Singer,Solo
24/01/2016 16:31:28,Participant 445,Participant 445,Wanita,3/11/1978,85000000445,participant445@email.com,Internal,Vocal - Singer,Yogyakarta
24/01/2016 16:38:05,Participant 446,Participant 446,Pria,16/02/1979,85000000446,participant446@email.com,Internal,Vocal - Singer,Yogyakarta
24/01/2016 16:54:00,Participant 447,Participant 447,Wanita,28/10/1997,85000000447,participant447@email.com,Internal,Vocal - Singer,Yogyakarta
24/01/2016 17:23:56,PARTICIPANT 448,PARTICIPANT 448,Wanita,2/9/1989,85000000448,participant448@email.com,Internal,Vocal - Singer,Bali
24/01/2016 18:33:47,Participant 449,Participant 449,Wanita,28/07/1985,85000000449,participant449@email.com,Internal,Vocal - Singer,Solo
24/01/2016 19:11:56,Participant 450,Participant 450,Pria,26/04/1993,85000000450,participant450@email.com,Internal,Music - Drum,Solo
24/01/2016 19:49:01,Participant 24,Participant 24,Pria,06/07/1883,85000000024,participant24@email.com,Internal,Music - Drum,Jakarta
24/01/2016 19:51:55,Participant 24,Participant 24,Pria,7/6/1983,85000000024,participant24@email.com,Internal,Music - Drum,Jakarta
24/01/2016 20:03:05,Participant 96,Participant 96,Wanita,11/1/2000,85000000096,participant96@email.com,Internal,Arts - Percussion,Jakarta
24/01/2016 20:39:48,Participant 447,Participant 447,Wanita,28/10/1997,85000000447,participant447@email.com,Internal,Vocal - Singer,Yogyakarta
24/01/2016 20:50:35,Participant 451,Participant 451,Pria,13/05/2008,85000000451,participant451@email.com,Internal,Music - Drum,Solo
24/01/2016 21:34:27,Participant 452,Participant 452,Wanita,28/05/1991,85000000452,participant452@email.com,Internal,Vocal - Body Voice,Solo
24/01/2016 22:01:40,Participant 453,Participant 453,Wanita,28/12/1997,85000000453,participant453@email.com,Internal,Visual - Makeup,Solo
24/01/2016 22:13:31,Participant 454,Participant 454,Pria,28/02/2008,85000000454,participant454@email.com,Internal,Vocal - Singer,Jakarta
25/01/2016 10:00:54,Participant 455,Participant 455,Wanita,14/08/1967,85000000455,participant455@email.com,Internal,Visual - Makeup,Solo
25/01/2016 10:36:36,Participant 456,Participant 456,Pria,11/1/1998,85000000456,participant456@email.com,Internal,Vocal - Body Voice,Jakarta
25/01/2016 10:37:06,Participant 457,Participant 457,Pria,6/4/1998,85000000457,participant457@email.com,Internal,Music - Guitar,Solo
25/01/2016 10:56:17,Participant 350,Participant 350,Pria,4/12/2004,85000000350,participant350@email.com,Internal,Music - Keyboard,Boyolali
25/01/2016 13:20:17,Participant 458,Participant 458,Wanita,24/08/2001,85000000458,participant458@email.com,Internal,Arts - Percussion,Solo
25/01/2016 13:20:58,Participant 458,Participant 458,Wanita,24/08/2001,85000000458,participant458@email.com,Internal,Arts - Percussion,Solo
25/01/2016 13:21:11,Participant 458,Participant 458,Wanita,24/08/2001,85000000458,participant458@email.com,Internal,Arts - Percussion,Solo
25/01/2016 13:22:56,Participant 458,Participant 458,Wanita,24/08/2001,85000000458,participant458@email.com,Internal,Arts - Percussion,Solo
25/01/2016 13:42:29,Participant 459,Participant 459,Wanita,24/02/2008,85000000459,participant459@email.com,Internal,Arts - Percussion,Solo
25/01/2016 13:42:53,Participant 460,Participant 460,Wanita,24/02/2007,85000000460,participant460@email.com,Internal,Vocal - Singer,Solo
25/01/2016 14:40:09,Participant 461,Participant 461,Pria,30/08/1988,85000000461,participant461@email.com,Internal,Music - Guitar,Jakarta
25/01/2016 14:53:32,Participant 167,Participant 167,Wanita,1/3/1988,85000000167,participant167@email.com,Internal,Vocal - Singer,Madiun
25/01/2016 15:03:57,PARTICIPANT 461,PARTICIPANT 461,Pria,30/08/1987,85000000461,participant461@email.com,Internal,Music - Guitar,Jakarta
25/01/2016 15:08:07,Participant 166,Participant 166,Wanita,1/3/1988,85000000166,participant166@email.com,Internal,Vocal - Singer,Madiun
25/01/2016 18:03:11,PARTICIPANT 462,PARTICIPANT 462,Pria,25/01/2021,85000000462,participant462@email.com,Internal,Music - Keyboard,Bali
25/01/2016 18:17:21,PARTICIPANT 462,PARTICIPANT 462,Pria,25/01/2021,85000000462,participant462@email.com,Internal,Music - Keyboard,Bali
25/01/2016 18:23:09,Participant 462,Participant 462,Pria,25/01/2021,85000000462,participant462@email.com,Internal,Music - Keyboard,Bali
25/01/2016 19:18:24,Participant 463,Participant 463,Wanita,25/05/1975,85000000463,participant463@email.com,Internal,Vocal - Singer,Madiun
25/01/2016 20:13:15,Participant 174,Participant 174,Wanita,6/2/2007,85000000174,participant174@email.com,Internal,Arts - Percussion,Madiun
25/01/2016 21:13:17,Participant 464,Participant 464,Wanita,25/01/1995,85000000464,participant464@email.com,Internal,Arts - Movement,Surabaya
25/01/2016 21:27:14,Participant 465,Participant 465,Pria,30/12/2006,85000000465,participant465@email.com,Internal,Vocal - Body Voice,Surabaya
25/01/2016 21:50:43,Participant 466,Participant 466,Pria,3/7/2003,85000000466,participant466@email.com,Internal,Arts - Flag,Bali
26/01/2016 00:04:13,Participant 435,Participant 435,Pria,13/10/2000,85000000435,participant435@email.com,Internal,Vocal - Singer,Jakarta
26/01/2016 00:17:52,Participant 182,Participant 182,Wanita,12/10/1977,85000000182,participant182@email.com,Internal,Vocal - Choir,Nias
26/01/2016 06:02:30,Participant 462,Participant 462,Pria,25/01/2021,85000000462,participant462@email.com,Internal,Music - Keyboard,Bali
26/01/2016 06:03:39,PARTICIPANT 462,PARTICIPANT 462,Pria,6/12/2003,85000000462,participant462@email.com,Internal,Music - Keyboard,Bali
26/01/2016 06:06:51,Participant 467,Participant 467,Wanita,22/12/2000,85000000467,participant467@email.com,Internal,Music - Keyboard,Bali
26/01/2016 06:11:36,Participant 467,Participant 467,Wanita,22/12/2000,85000000467,participant467@email.com,Internal,Music - Keyboard,Bali
26/01/2016 08:03:41,Participant 468,Participant 468,Wanita,28/11/1994,85000000468,participant468@email.com,Internal,Vocal - Singer,Solo
26/01/2016 08:43:02,Participant 469,Participant 469,Pria,31/08/1988,85000000469,participant469@email.com,Internal,Vocal - Singer,Madiun
26/01/2016 08:47:08,Participant 470,Participant 470,Wanita,2/7/1977,85000000470,participant470@email.com,Internal,Vocal - Singer,Jakarta
26/01/2016 09:12:31,Participant 14,Participant 14,Wanita,22/10/2004,85000000014,participant14@email.com,Internal,Arts - Percussion,Jakarta
26/01/2016 13:08:29,Participant 456,Participant 456,Pria,11/1/1998,85000000456,participant456@email.com,Internal,Vocal - Body Voice,Jakarta
26/01/2016 13:26:38,Participant 471,Participant 471,Wanita,27/12/1992,85000000471,participant471@email.com,Internal,Visual - Makeup,Tangerang
26/01/2016 13:45:02,Participant 472,Participant 472,Wanita,25/03/2002,85000000472,participant472@email.com,Internal,Arts - Percussion,Solo
26/01/2016 13:53:11,Participant 473,Participant 473,Pria,20/12/2000,85000000473,participant473@email.com,Internal,Music - Drum,Tangerang
26/01/2016 13:56:29,Participant 279,Participant 279,Pria,29/11/1989,85000000279,participant279@email.com,Internal,Vocal - Singer,Tangerang
26/01/2016 14:05:40,Participant 474,Participant 474,Pria,14/11/1998,85000000474,participant474@email.com,Internal,Music - Keyboard,Bali
26/01/2016 14:06:35,Participant 228,Participant 228,Pria,22/10/1991,85000000228,participant228@email.com,Internal,Vocal - Singer,Tangerang
26/01/2016 14:11:22,Participant 383,Participant 383,Wanita,27/03/1982,85000000383,participant383@email.com,Internal,Vocal - Singer,Wonogiri
26/01/2016 14:30:05,Participant 475,Participant 475,Wanita,5/10/2004,85000000475,participant475@email.com,Internal,Vocal - Singer,Yogyakarta
26/01/2016 14:56:40,Participant 476,Participant 476,Wanita,29/11/1970,85000000476,participant476@email.com,Internal,Vocal - Body Voice,Surabaya
26/01/2016 15:05:41,Participant 477,Participant 477,Wanita,17/10/2002,85000000477,participant477@email.com,Internal,Visual - Makeup,Sragen
26/01/2016 15:11:52,Participant 336,Participant 336,Pria,12/10/1981,85000000336,participant336@email.com,Internal,Vocal - Singer,Solo
26/01/2016 15:12:23,Participant 224,Participant 224,Wanita,18/01/1992,85000000224,participant224@email.com,Internal,Vocal - Singer,Purwokerto
26/01/2016 16:04:12,Participant 478,Participant 478,Wanita,15/09/2000,85000000478,participant478@email.com,Internal,Arts - Movement,Bali
26/01/2016 16:11:10,Participant 479,Participant 479,Pria,6/10/1998,85000000479,participant479@email.com,Internal,Vocal - Singer,Solo
26/01/2016 16:19:09,participant 480,participant 480,Pria,29/03/1987,85000000480,participant480@email.com,Internal,Music - Guitar,Jakarta
26/01/2016 16:20:32,participant 481,participant 481,Wanita,11/9/1989,85000000481,participant481@email.com,Internal,Vocal - Singer,Jakarta
26/01/2016 16:25:03,Participant 482,Participant 482,Wanita,1/8/1998,85000000482,participant482@email.com,Internal,Arts - Flag,Solo
26/01/2016 16:59:06,Participant 483,Participant 483,Wanita,20/08/1984,85000000483,participant483@email.com,Internal,Visual - Makeup,Magelang
26/01/2016 17:03:49,Participant 484,Participant 484,Wanita,4/3/1985,85000000484,participant484@email.com,Internal,Vocal - Singer,Samarinda
26/01/2016 17:27:25,PARTICIPANT 485,PARTICIPANT 485,Pria,16/02/1976,85000000485,participant485@email.com,Internal,Music - Drum,Yogyakarta
26/01/2016 17:46:11,Participant 486,Participant 486,Wanita,17/11/2000,85000000486,participant486@email.com,Internal,Arts - Percussion,Magelang
26/01/2016 18:03:49,PARTICIPANT 485,PARTICIPANT 485,Pria,16/02/1976,85000000485,participant485@email.com,Internal,Music - Drum,Yogyakarta
26/01/2016 18:07:08,Participant 487,Participant 487,Wanita,7/8/2007,85000000487,participant487@email.com,Internal,Arts - Flag,Magelang
26/01/2016 18:07:08,Participant 488,Participant 488,Wanita,7/8/2007,85000000488,participant488@email.com,Internal,Arts - Flag,Magelang
26/01/2016 18:07:08,PARTICIPANT 696,PARTICIPANT 696,Wanita,31/01/2003,85000000696,participant696@email.com,Internal,Arts - Flag,Magelang
26/01/2016 18:07:08,PARTICIPANT 867,PARTICIPANT 867,Wanita,31/01/2003,85000000867,participant867@email.com,Internal,Arts - Flag,Magelang
26/01/2016 18:07:08,PARTICIPANT 1181,PARTICIPANT 1181,Wanita,31/01/2003,85000001181,participant1181@email.com,Internal,Arts - Flag,Magelang
26/01/2016 18:07:08,PARTICIPANT 1296,PARTICIPANT 1296,Wanita,31/01/2003,85000001296,participant1296@email.com,Internal,Arts - Flag,Magelang
26/01/2016 18:07:08,PARTICIPANT 1394,PARTICIPANT 1394,Wanita,31/01/2003,85000001394,participant1394@email.com,Internal,Arts - Flag,Magelang
26/01/2016 18:07:08,PARTICIPANT 1638,PARTICIPANT 1638,Wanita,31/01/2003,85000001638,participant1638@email.com,Internal,Arts - Flag,Magelang
26/01/2016 18:17:12,Participant 331,Participant 331,Pria,16/11/1998,85000000331,participant331@email.com,Internal,Audio - Engineer,Samarinda
26/01/2016 18:26:18,Participant 489,Participant 489,Wanita,3/7/1993,85000000489,participant489@email.com,Internal,Vocal - Singer,Surabaya
26/01/2016 18:36:09,Participant 490,Participant 490,Pria,11/2/1999,85000000490,participant490@email.com,Internal,Music - Guitar,Solo
26/01/2016 19:13:57,Participant 491,Participant 491,Wanita,30/12/2002,85000000491,participant491@email.com,Internal,Vocal - Singer,Bali
26/01/2016 20:03:17,Participant 492,Participant 492,Pria,20/01/2011,85000000492,participant492@email.com,Internal,Music - Keyboard,Solo
26/01/2016 20:21:32,Participant 493,Participant 493,Pria,10/1/2000,85000000493,participant493@email.com,Internal,Music - Drum,Yogyakarta
26/01/2016 20:54:59,Participant 494,Participant 494,Pria,30/03/1981,85000000494,participant494@email.com,Internal,Music - Keyboard,Solo
26/01/2016 21:04:04,Participant 495,Participant 495,Wanita,28/10/1976,85000000495,participant495@email.com,Internal,Vocal - Singer,Klaten
26/01/2016 21:10:36,Participant 496,Participant 496,Wanita,14/11/1982,85000000496,participant496@email.com,Internal,Vocal - Singer,Baturetno
26/01/2016 21:29:36,Participant 29,Participant 29,Pria,3/9/1993,85000000029,participant29@email.com,Internal,Music - Guitar,Solo 
26/01/2016 21:42:19,Participant 497,Participant 497,Wanita,2/9/2005,85000000497,participant497@email.com,Internal,Vocal - Singer,Solo 
26/01/2016 21:54:21,participant 498,participant 498,Pria,23/11/1996,85000000498,participant498@email.com,Internal,Music - Drum,Solo
26/01/2016 22:08:09,participant 499,participant 499,Wanita,14/06/1999,85000000499,participant499@email.com,Internal,Arts - Percussion,Solo
26/01/2016 22:16:50,Participant 500,Participant 500,Wanita,31/05/1995,85000000500,participant500@email.com,Internal,Music - Drum,Solo
26/01/2016 22:23:59,Participant 501,Participant 501,Wanita,12/9/1982,85000000501,participant501@email.com,Internal,Vocal - Choir,Madiun
30/01/2016 13:00:56,Participant 2512,Participant 2512,Pria,2/10/2016,85000002512,participant2512@email.com,Internal,Music - Keyboard,Yogyakarta
30/01/2016 13:33:13,Participant 2513,Participant 2513,Pria,21/01/1982,85000002513,participant2513@email.com,Internal,Audio - Engineer,Yogyakarta
30/01/2016 13:53:27,Participant 2514,Participant 2514,Pria,26/02/1985,85000002514,participant2514@email.com,Internal,Music - Drum,Yogyakarta
30/01/2016 13:56:10,participant 2515,participant 2515,Pria,20/03/1986,85000002515,participant2515@email.com,Internal,Music - Drum,Yogyakarta
30/01/2016 14:06:28,Participant 2516,Participant 2516,Wanita,21/04/2001,85000002516,participant2516@email.com,Internal,Arts - Percussion,Yogyakarta
30/01/2016 23:12:05,Participant 2517,Participant 2517,Pria,31/10/1988,85000002517,participant2517@email.com,Internal,Music - Bass,Yogyakarta
31/01/2016 10:46:56,Participant 2518,Participant 2518,Wanita,2/12/1996,85000002518,participant2518@email.com,Internal,Vocal - Choir,Yogyakarta
31/01/2016 12:59:29,Participant 2519,Participant 2519,Pria,3/8/1994,85000002519,participant2519@email.com,Internal,Music - Keyboard,Yogyakarta
31/01/2016 21:10:54,Participant 2520,Participant 2520,Wanita,26/02/1998,85000002520,participant2520@email.com,Internal,Vocal - Singer,Yogyakarta
1/2/2016 10:37,Participant 2521,Participant 2521,Wanita,14/11/1989,85000002521,participant2521@email.com,Internal,Vocal - Singer,Yogyakarta
2/2/2016 7:50,Participant 2522,Participant 2522,Wanita,7/4/1997,85000002522,participant2522@email.com,Internal,Vocal - Singer,Yogyakarta
2/2/2016 10:49,Participant 2523,Participant 2523,Pria,20/04/2000,85000002523,participant2523@email.com,Internal,Music - Drum,Yogyakarta
2/2/2016 15:26,Participant 2443,Participant 2443,Pria,29/03/1993,85000002443,participant2443@email.com,Internal,Vocal - Singer,Yogyakarta
2/2/2016 15:31,Participant 2524,Participant 2524,Wanita,15/04/1990,85000002524,participant2524@email.com,Internal,Music - Drum,Yogyakarta
2/2/2016 23:52,Participant 2525,Participant 2525,Wanita,23/02/1996,85000002525,participant2525@email.com,Internal,Vocal - Singer,Yogyakarta
5/2/2016 9:56,PARTICIPANT 2526,PARTICIPANT 2526,Pria,7/7/1986,85000002526,participant2526@email.com,Internal,Music - Bass,Yogyakarta
5/2/2016 21:33,Participant 2527,Participant 2527,Pria,24/11/1988,85000002527,participant2527@email.com,Internal,Music - Guitar,Yogyakarta
6/2/2016 14:45,Participant 2528,Participant 2528,Pria,2/2/1992,85000002528,participant2528@email.com,Internal,Music - Drum,Yogyakarta
6/2/2016 15:53,Participant 2529,Participant 2529,Pria,6/2/1989,85000002529,participant2529@email.com,Internal,Audio - Engineer,Yogyakarta
7/2/2016 18:46,Participant 2530,Participant 2530,Wanita,17/11/1997,85000002530,participant2530@email.com,Internal,Arts - Percussion,Yogyakarta
7/2/2016 21:42,Participant 2531,Participant 2531,Wanita,23/08/1997,85000002531,participant2531@email.com,Internal,Arts - Percussion,Yogyakarta
7/2/2016 23:43,Participant 2532,Participant 2532,Pria,24/05/1989,85000002532,participant2532@email.com,Internal,Vocal - Singer,Yogyakarta
8/2/2016 18:45,Participant 2533,Participant 2533,Pria,17/10/1990,85000002533,participant2533@email.com,Internal,Audio - Engineer,Yogyakarta
8/2/2016 21:04,Participant 2534,Participant 2534,Pria,8/12/2000,85000002534,participant2534@email.com,Internal,Music - Guitar,Yogyakarta
9/2/2016 13:13,Participant 2535,Participant 2535,Pria,24/08/1992,85000002535,participant2535@email.com,Internal,Vocal - Singer,Yogyakarta
9/2/2016 14:01,Participant 2536,Participant 2536,Pria,10/4/1997,85000002536,participant2536@email.com,Internal,Music - Keyboard,Yogyakarta
9/2/2016 15:53,Participant 2537,Participant 2537,Wanita,25/07/1996,85000002537,participant2537@email.com,Internal,Arts - Percussion,Yogyakarta
10/2/2016 15:46,PARTICIPANT 2485,PARTICIPANT 2485,Wanita,6/8/1997,85000002485,participant2485@email.com,Internal,Music - Keyboard,Yogyakarta
11/2/2016 16:29,participant 2538,participant 2538,Pria,7/4/1990,85000002538,participant2538@email.com,Internal,Music - Guitar,Yogyakarta
11/2/2016 17:04,Participant 2533,Participant 2533,Pria,17/10/1989,85000002533,participant2533@email.com,Internal,Audio - Engineer,Yogyakarta
11/2/2016 17:05,Participant 2533,Participant 2533,Pria,17/10/1989,85000002533,participant2533@email.com,Internal,Audio - Engineer,Yogyakarta
11/2/2016 21:54,Participant 2539,Participant 2539,Pria,27/01/1994,85000002539,participant2539@email.com,Internal,Music - Drum,Yogyakarta
11/2/2016 22:24,Participant 2539,Participant 2539,Pria,27/01/1994,85000002539,participant2539@email.com,Internal,Music - Drum,Yogyakarta
12/2/2016 11:47,participant 2540,participant 2540,Pria,19/10/2000,85000002540,participant2540@email.com,Internal,Music - Guitar,Yogyakarta
12/2/2016 18:15,Participant 2541,Participant 2541,Pria,20/08/1997,85000002541,participant2541@email.com,Internal,Music - Keyboard,Yogyakarta
12/2/2016 23:43,Participant 2539,Participant 2539,Pria,27/01/1994,85000002539,participant2539@email.com,Internal,Music - Drum,Yogyakarta
14/02/2016 12:26:49,participant 2542,participant 2542,Pria,5/4/1983,85000002542,participant2542@email.com,Internal,Music - Bass,Yogyakarta
14/02/2016 12:36:57,Participant 2543,Participant 2543,Pria,30/03/1996,85000002543,participant2543@email.com,Internal,Vocal - Singer,Yogyakarta
14/02/2016 14:16:36,participant 2544,participant 2544,Pria,19/05/1996,85000002544,participant2544@email.com,Internal,Music - Bass,Yogyakarta
14/02/2016 16:37:34,Participant 2545,Participant 2545,Pria,15/04/1992,85000002545,participant2545@email.com,Internal,Music - Drum,Yogyakarta
14/02/2016 23:26:35,participant 2546,participant 2546,Pria,9/12/1982,85000002546,participant2546@email.com,Internal,Music - Drum,Yogyakarta
15/02/2016 06:33:43,Participant 2547,Participant 2547,Pria,23/01/1995,85000002547,participant2547@email.com,Internal,Vocal - Singer,Yogyakarta
15/02/2016 17:44:19,participant 2548,participant 2548,Pria,12/4/1993,85000002548,participant2548@email.com,Internal,Music - Keyboard,Yogyakarta
15/02/2016 20:43:41,Participant 2549,Participant 2549,Wanita,7/11/1994,85000002549,participant2549@email.com,Internal,Vocal - Singer,Yogyakarta
16/02/2016 11:32:11,Participant 2550,Participant 2550,Pria,13/10/1995,85000002550,participant2550@email.com,Internal,Music - Keyboard,Yogyakarta
16/02/2016 12:52:36,Participant 2551,Participant 2551,Pria,29/06/1988,85000002551,participant2551@email.com,Internal,Vocal - Singer,Yogyakarta
16/02/2016 14:13:27,Participant 2552,Participant 2552,Pria,31/12/1982,85000002552,participant2552@email.com,Internal,Music - Guitar,Yogyakarta
17/02/2016 08:32:44,participant 2553,participant 2553,Pria,5/1/1993,85000002553,participant2553@email.com,Internal,Vocal - Singer,Yogyakarta
17/02/2016 08:34:39,participant 2553,participant 2553,Pria,5/1/1993,85000002553,participant2553@email.com,Internal,Vocal - Singer,Yogyakarta
17/02/2016 09:56:28,Participant 2554,Participant 2554,Wanita,1/5/1969,85000002554,participant2554@email.com,Internal,Vocal - Choir,Yogyakarta
17/02/2016 12:15:06,participant 2506,participant 2506,Pria,4/11/1991,85000002506,participant2506@email.com,Internal,Music - Bass,Yogyakarta
17/02/2016 12:25:35,Participant 2555,Participant 2555,Pria,2/2/1993,85000002555,participant2555@email.com,Internal,Vocal - Singer,Yogyakarta
17/02/2016 14:03:50,Participant 2556,Participant 2556,Pria,7/2/1997,85000002556,participant2556@email.com,Internal,Music - Bass,Yogyakarta
18/02/2016 02:15:41,Participant 2539,Participant 2539,Pria,27/01/1994,85000002539,participant2539@email.com,Internal,Music - Drum,Yogyakarta
18/02/2016 06:44:06,Participant 2525,Participant 2525,Wanita,23/02/2016,85000002525,participant2525@email.com,Internal,Vocal - Singer,Yogyakarta
18/02/2016 07:51:39,PARTICIPANT 2557,PARTICIPANT 2557,Pria,8/2/1995,85000002557,participant2557@email.com,Internal,Music - Drum,Yogyakarta
18/02/2016 11:10:51,Participant 2558,Participant 2558,Pria,27/02/1996,85000002558,participant2558@email.com,Internal,Music - Guitar,Yogyakarta
17/03/2016 13:14:56,Participant 502,Participant 502,Pria,17/03/2021,85000000502,participant502@email.com,Internal,Arts - Flag,Sragen
20/03/2016 20:38:02,Participant 171,Participant 171,Pria,29/10/1987,85000000171,participant171@email.com,Internal,Music - Guitar,Madiun
20/03/2016 21:08:58,Participant 503,Participant 503,Pria,2/5/1993,85000000503,participant503@email.com,Internal,Vocal - Body Voice,Jakarta
20/03/2016 21:15:02,Participant 504,Participant 504,Wanita,24/04/1982,85000000504,participant504@email.com,Internal,Visual - Makeup,Nias
20/03/2016 21:27:29,Participant 505,Participant 505,Pria,7/6/1998,85000000505,participant505@email.com,Internal,Music - Guitar,Solo
20/03/2016 21:32:20,Participant 506,Participant 506,Pria,19/04/1981,85000000506,participant506@email.com,Internal,Audio - Engineer,Surabaya
20/03/2016 21:43:08,Participant 507,Participant 507,Wanita,8/3/1995,85000000507,participant507@email.com,Internal,Visual - Makeup,Magelang
20/03/2016 22:00:14,Participant 508,Participant 508,Wanita,30/11/1991,85000000508,participant508@email.com,Internal,Vocal - Singer,Bali
21/03/2016 07:37:50,Participant 509,Participant 509,Wanita,7/4/2005,85000000509,participant509@email.com,Internal,Visual - Makeup,Solo
21/03/2016 09:03:08,Participant 510,Participant 510,Pria,4/11/1991,85000000510,participant510@email.com,Internal,Music - Guitar,Jakarta
21/03/2016 10:18:49,Participant 511,Participant 511,Wanita,20/08/1984,85000000511,participant511@email.com,Internal,Vocal - Singer,Wonogiri
21/03/2016 10:28:41,Participant 512,Participant 512,Wanita,22/12/2000,85000000512,participant512@email.com,Internal,Vocal - Choir,Solo
21/03/2016 10:48:14,Participant 513,Participant 513,Wanita,16/10/2001,85000000513,participant513@email.com,Internal,Visual - Makeup,Bali
21/03/2016 12:33:33,Participant 514,Participant 514,Wanita,12/9/1973,85000000514,participant514@email.com,Internal,Vocal - Body Voice,Solo
21/03/2016 14:46:22,Participant 515,Participant 515,Wanita,9/9/2003,85000000515,participant515@email.com,Internal,Vocal - Body Voice,Solo
21/03/2016 15:20:33,Participant 516,Participant 516,Wanita,18/02/2000,85000000516,participant516@email.com,Internal,Arts - Percussion,Solo
21/03/2016 20:58:52,Participant 517,Participant 517,Wanita,19/02/2004,85000000517,participant517@email.com,Internal,Vocal - Choir,Solo
21/03/2016 21:14:44,Participant 505,Participant 505,Pria,7/6/1998,85000000505,participant505@email.com,Internal,Music - Guitar,Solo
21/03/2016 23:37:16,Participant 516,Participant 516,Wanita,18/02/2000,85000000516,participant516@email.com,Internal,Arts - Percussion,Solo
22/03/2016 07:52:33,Participant 518,Participant 518,Pria,27/05/2002,85000000518,participant518@email.com,Internal,Music - Guitar,Solo
22/03/2016 10:51:10,Participant 519,Participant 519,Wanita,25/12/1998,85000000519,participant519@email.com,Internal,Vocal - Singer,Solo 
22/03/2016 11:18:57,Participant 520,Participant 520,Wanita,11/7/2002,85000000520,participant520@email.com,Internal,Arts - Flag,Yogyakarta
22/03/2016 12:07:19,Participant 521,Participant 521,Pria,24/06/1975,85000000521,participant521@email.com,Internal,Vocal - Choir,Solo
22/03/2016 18:16:02,Participant 522,Participant 522,Wanita,25/08/1998,85000000522,participant522@email.com,Internal,Visual - Makeup,Yogyakarta
22/03/2016 21:20:03,Participant 505,Participant 505,Pria,7/6/1998,85000000505,participant505@email.com,Internal,Music - Guitar,Solo
22/03/2016 21:37:17,Participant 523,Participant 523,Wanita,26/01/1997,85000000523,participant523@email.com,Internal,Vocal - Singer,Solo
22/03/2016 22:21:25,Participant 505,Participant 505,Pria,7/6/1998,85000000505,participant505@email.com,Internal,Music - Guitar,Solo
23/03/2016 01:27:12,Participant 524,Participant 524,Pria,2/9/1997,85000000524,participant524@email.com,Internal,Music - Drum,Bali
23/03/2016 11:01:19,Participant 525,Participant 525,Wanita,7/1/1998,85000000525,participant525@email.com,Internal,Vocal - Singer,Jakarta
23/03/2016 13:38:52,Participant 525,Participant 525,Wanita,7/1/1998,85000000525,participant525@email.com,Internal,Vocal - Singer,Jakarta
23/03/2016 19:29:24,Participant 261,Participant 261,Wanita,7/11/1986,85000000261,participant261@email.com,Internal,Vocal - Body Voice,Semarang
23/03/2016 20:29:42,PARTICIPANT 526,PARTICIPANT 526,Pria,3/9/1978,85000000526,participant526@email.com,Internal,Vocal - Singer,Solo
24/03/2016 09:57:31,Participant 527,Participant 527,Pria,1/3/2007,85000000527,participant527@email.com,Internal,Music - Drum,Solo
24/03/2016 21:37:18,Participant 528,Participant 528,Wanita,21/10/1976,85000000528,participant528@email.com,Internal,Vocal - Singer,Solo
25/03/2016 13:42:44,Participant 413,Participant 413,Pria,25/03/2021,85000000413,participant413@email.com,Internal,Arts - Flag,Jakarta
25/03/2016 13:43:18,Participant 529,Participant 529,Wanita,25/03/2021,85000000529,participant529@email.com,Internal,Vocal - Body Voice,Bali
25/03/2016 13:55:33,Participant 530,Participant 530,Wanita,5/5/1999,85000000530,participant530@email.com,Internal,Vocal - Singer,Solo
25/03/2016 15:11:45,Participant 531,Participant 531,Wanita,1/11/2004,85000000531,participant531@email.com,Internal,Arts - Percussion,Solo
25/03/2016 15:14:57,Participant 532,Participant 532,Wanita,19/03/2007,85000000532,participant532@email.com,Internal,Arts - Percussion,Solo
25/03/2016 18:20:17,PARTICIPANT 533,PARTICIPANT 533,Wanita,6/10/2000,85000000533,participant533@email.com,Internal,Arts - Percussion,Bali
26/03/2016 09:28:36,Participant 534,Participant 534,Pria,5/3/2005,85000000534,participant534@email.com,Internal,Music - Guitar,Bali
26/03/2016 14:54:08,Participant 535,Participant 535,Pria,2/10/2006,85000000535,participant535@email.com,Internal,Music - Drum,Solo
27/03/2016 11:29:50,Participant 536,Participant 536,Pria,9/9/1996,85000000536,participant536@email.com,Internal,Music - Bass,Bali
28/03/2016 14:27:59,Participant 537,Participant 537,Wanita,6/5/1979,85000000537,participant537@email.com,Internal,Vocal - Singer,Jakarta
29/03/2016 12:38:33,Participant 505,Participant 505,Pria,7/6/1998,85000000505,participant505@email.com,Internal,Music - Guitar,Solo
29/03/2016 13:35:24,Participant 505,Participant 505,Pria,7/6/1998,85000000505,participant505@email.com,Internal,Music - Guitar,Solo
29/03/2016 17:56:59,Participant 538,Participant 538,Wanita,18/05/2002,85000000538,participant538@email.com,Internal,Vocal - Singer,Solo
29/03/2016 18:00:31,Participant 538,Participant 538,Wanita,18/05/2002,85000000538,participant538@email.com,Internal,Vocal - Singer,Solo
29/03/2016 18:11:48,Participant 539,Participant 539,Wanita,22/02/1999,85000000539,participant539@email.com,Internal,Vocal - Singer,Solo
29/03/2016 18:32:08,Participant 540,Participant 540,Wanita,7/4/2003,85000000540,participant540@email.com,Internal,Arts - Percussion,Yogyakarta
29/03/2016 19:30:56,Participant 541,Participant 541,Wanita,14/05/2003,85000000541,participant541@email.com,Internal,Vocal - Singer,Solo
29/03/2016 19:42:36,PARTICIPANT 542,PARTICIPANT 542,Wanita,20/12/2004,85000000542,participant542@email.com,Internal,Vocal - Singer,Solo
29/03/2016 21:47:50,Participant 543,Participant 543,Wanita,5/12/2006,85000000543,participant543@email.com,Internal,Arts - Percussion,Solo
30/03/2016 10:09:54,Participant 544,Participant 544,Wanita,2/7/1997,85000000544,participant544@email.com,Internal,Vocal - Singer,Solo
30/03/2016 18:59:49,Participant 545,Participant 545,Wanita,15/10/1992,85000000545,participant545@email.com,Internal,Arts - Percussion,Solo
31/03/2016 10:53:46,Participant 546,Participant 546,Pria,29/05/1997,85000000546,participant546@email.com,Internal,Vocal - Singer,Jakarta
31/03/2016 19:02:51,PARTICIPANT 547,PARTICIPANT 547,Pria,7/6/1997,85000000547,participant547@email.com,Internal,Music - Keyboard,Bali
31/03/2016 20:05:13,Participant 548,Participant 548,Wanita,6/5/1975,85000000548,participant548@email.com,Internal,Vocal - Body Voice,Solo
1/4/2016 8:57,Participant 549,Participant 549,Wanita,28/04/1998,85000000549,participant549@email.com,Internal,Vocal - Singer,Bali
1/4/2016 10:01,Participant 397,Participant 397,Pria,15/11/1974,85000000397,participant397@email.com,Internal,Music - Guitar,Surabaya
1/4/2016 18:02,Participant 549,Participant 549,Wanita,28/04/1998,85000000549,participant549@email.com,Internal,Vocal - Singer,Bali
2/4/2016 6:47,Participant 397,Participant 397,Pria,15/11/1974,85000000397,participant397@email.com,Internal,Music - Guitar,Surabaya
2/4/2016 10:27,Participant 550,Participant 550,Wanita,21/06/1989,85000000550,participant550@email.com,Internal,Arts - Percussion,Madiun
2/4/2016 21:00,Participant 551,Participant 551,Pria,20/06/1997,85000000551,participant551@email.com,Internal,Music - Guitar,Yogyakarta
2/4/2016 21:56,Participant 552,Participant 552,Wanita,22/09/2010,85000000552,participant552@email.com,Internal,Arts - Movement,Jakarta
3/4/2016 6:19,PARTICIPANT 553,PARTICIPANT 553,Wanita,10/3/2004,85000000553,participant553@email.com,Internal,Arts - Movement,Solo
3/4/2016 8:24,participant 554,participant 554,Wanita,27/08/1996,85000000554,participant554@email.com,Internal,Vocal - Singer,Solo
3/4/2016 9:49,Participant 508,Participant 508,Wanita,30/11/1991,85000000508,participant508@email.com,Internal,Vocal - Singer,Bali
4/4/2016 11:46,Participant 514,Participant 514,Wanita,12/9/1973,85000000514,participant514@email.com,Internal,Vocal - Body Voice,Solo
5/4/2016 0:08,Participant 355,Participant 355,Pria,1/7/1995,85000000355,participant355@email.com,Internal,Music - Guitar,Jakarta
5/4/2016 2:38,Participant 355,Participant 355,Pria,1/7/1995,85000000355,participant355@email.com,Internal,Music - Guitar,Jakarta
5/4/2016 4:23,Participant 551,Participant 551,Pria,20/06/1997,85000000551,participant551@email.com,Internal,Music - Guitar,Yogyakarta
5/4/2016 6:18,Participant 555,Participant 555,Wanita,16/10/1998,85000000555,participant555@email.com,Internal,Arts - Flag,Yogyakarta
5/4/2016 16:26,Participant 556,Participant 556,Wanita,6/5/1997,85000000556,participant556@email.com,Internal,Vocal - Choir,Solo
5/4/2016 21:13,Participant 557,Participant 557,Pria,17/06/2002,85000000557,participant557@email.com,Internal,Music - Drum,Solo
5/4/2016 21:36,Participant 360,Participant 360,Wanita,8/4/1996,85000000360,participant360@email.com,Internal,Arts - Percussion,Jakarta
6/4/2016 10:26,Participant 558,Participant 558,Wanita,19/03/2008,85000000558,participant558@email.com,Internal,Arts - Movement,Solo
6/4/2016 11:17,Participant 559,Participant 559,Wanita,13/05/1997,85000000559,participant559@email.com,Internal,Arts - Movement,Bali
6/4/2016 11:19,Participant 560,Participant 560,Pria,17/01/2002,85000000560,participant560@email.com,Internal,Music - Drum,Yogyakarta
6/4/2016 12:03,Participant 561,Participant 561,Wanita,10/12/1977,85000000561,participant561@email.com,Internal,Visual - Makeup,Bali
6/4/2016 12:16,Participant 562,Participant 562,Wanita,29/03/1977,85000000562,participant562@email.com,Internal,Vocal - Singer,Jakarta
6/4/2016 12:44,Participant 563,Participant 563,Wanita,26/11/1998,85000000563,participant563@email.com,Internal,Vocal - Body Voice,Yogyakarta
6/4/2016 12:59,Participant 564,Participant 564,Wanita,25/11/2006,85000000564,participant564@email.com,Internal,Arts - Movement,Solo
6/4/2016 12:59,Participant 510,Participant 510,Pria,4/11/1991,85000000510,participant510@email.com,Internal,Music - Guitar,Jakarta
6/4/2016 13:08,Participant 565,Participant 565,Pria,27/05/1990,85000000565,participant565@email.com,Internal,Music - Keyboard,Jakarta
6/4/2016 13:40,Participant 565,Participant 565,Pria,27/05/1990,85000000565,participant565@email.com,Internal,Music - Keyboard,Jakarta
6/4/2016 14:26,Participant 566,Participant 566,Wanita,16/02/1971,85000000566,participant566@email.com,Internal,Vocal - Singer,Jakarta
6/4/2016 14:46,Participant 567,Participant 567,Wanita,17/04/2021,85000000567,participant567@email.com,Internal,Vocal - Singer,Yogyakarta
6/4/2016 14:59,Participant 13,Participant 13,Wanita,7/4/1999,85000000013,participant13@email.com,Internal,Arts - Percussion,Solo
6/4/2016 16:33,Participant 568,Participant 568,Pria,4/12/1982,85000000568,participant568@email.com,Internal,Music - Bass,Solo
6/4/2016 17:03,Participant 569,Participant 569,Wanita,16/02/2004,85000000569,participant569@email.com,Internal,Arts - Percussion,Solo
6/4/2016 17:09,Participant 412,Participant 412,Wanita,22/12/2007,85000000412,participant412@email.com,Internal,Vocal - Singer,Yogyakarta
6/4/2016 19:03,Participant 565,Participant 565,Pria,27/05/1990,85000000565,participant565@email.com,Internal,Music - Keyboard,Jakarta
6/4/2016 20:57,Participant 570,Participant 570,Wanita,17/06/1989,85000000570,participant570@email.com,Internal,Vocal - Singer,Bali
6/4/2016 21:01,Participant 571,Participant 571,Wanita,20/08/1978,85000000571,participant571@email.com,Internal,Visual - Makeup,Bali
6/4/2016 22:26,Participant 370,Participant 370,Wanita,7/6/1989,85000000370,participant370@email.com,Internal,Vocal - Singer,Yogyakarta
6/4/2016 23:34,Participant 551,Participant 551,Pria,20/06/1997,85000000551,participant551@email.com,Internal,Music - Guitar,Yogyakarta
7/4/2016 5:49,Participant 572,Participant 572,Wanita,17/06/1991,85000000572,participant572@email.com,Internal,Vocal - Singer,Solo
7/4/2016 8:03,Participant 573,Participant 573,Pria,3/8/2004,85000000573,participant573@email.com,Internal,Arts - Movement,Bali
7/4/2016 8:06,Participant 573,Participant 573,Pria,3/8/2004,85000000573,participant573@email.com,Internal,Arts - Movement,Bali
7/4/2016 8:06,Participant 573,Participant 573,Pria,3/8/2004,85000000573,participant573@email.com,Internal,Arts - Movement,Bali
7/4/2016 11:08,Participant 574,Participant 574,Pria,20/06/2000,85000000574,participant574@email.com,Internal,Music - Drum,Solo
7/4/2016 12:07,Participant 575,Participant 575,Pria,18/11/1976,85000000575,participant575@email.com,Internal,Audio - Engineer,Bali
7/4/2016 16:03,PARTICIPANT 576,PARTICIPANT 576,Wanita,13/02/1994,85000000576,participant576@email.com,Internal,Vocal - Singer,Solo
7/4/2016 17:00,Participant 577,Participant 577,Wanita,19/11/1994,85000000577,participant577@email.com,Internal,Music - Drum,Bali
7/4/2016 17:56,Participant 578,Participant 578,Wanita,15/10/1984,85000000578,participant578@email.com,Internal,Vocal - Singer,Jakarta
7/4/2016 20:28,Participant 579,Participant 579,Wanita,13/07/1998,85000000579,participant579@email.com,Internal,Vocal - Singer,Tangerang
7/4/2016 21:09,Participant 580,Participant 580,Wanita,5/5/2004,85000000580,participant580@email.com,Internal,Vocal - Singer,Solo
8/4/2016 14:20,Participant 581,Participant 581,Wanita,24/05/2008,85000000581,participant581@email.com,Internal,Arts - Percussion,Solo
8/4/2016 14:25,Participant 581,Participant 581,Wanita,24/05/2008,85000000581,participant581@email.com,Internal,Arts - Percussion,Solo
8/4/2016 16:49,Participant 582,Participant 582,Pria,4/3/1988,85000000582,participant582@email.com,Internal,Music - Drum,Solo
8/4/2016 16:49,Participant 582,Participant 582,Pria,4/3/1988,85000000582,participant582@email.com,Internal,Music - Drum,Solo
8/4/2016 16:52,Participant 583,Participant 583,Pria,22/01/1992,85000000583,participant583@email.com,Internal,Audio - Engineer,Yogyakarta
8/4/2016 16:52,Participant 583,Participant 583,Pria,22/01/1992,85000000583,participant583@email.com,Internal,Audio - Engineer,Yogyakarta
8/4/2016 18:48,Participant 412,Participant 412,Wanita,22/12/2007,85000000412,participant412@email.com,Internal,Vocal - Singer,Yogyakarta
9/4/2016 5:38,Participant 146,Participant 146,Wanita,3/11/2000,85000000146,participant146@email.com,Internal,Vocal - Choir,Solo
9/4/2016 10:10,Participant 584,Participant 584,Wanita,14/02/1990,85000000584,participant584@email.com,Internal,Vocal - Choir,Solo
9/4/2016 10:10,Participant 585,Participant 585,Wanita,5/3/1998,85000000585,participant585@email.com,Internal,Arts - Percussion,Yogyakarta
9/4/2016 10:30,Participant 586,Participant 586,Wanita,17/08/1976,85000000586,participant586@email.com,Internal,Visual - Makeup,Semarang
9/4/2016 10:46,Participant 587,Participant 587,Wanita,28/08/1996,85000000587,participant587@email.com,Internal,Music - Bass,Yogyakarta
9/4/2016 11:08,Participant 588,Participant 588,Wanita,13/02/2001,85000000588,participant588@email.com,Internal,Vocal - Singer,Yogyakarta
9/4/2016 11:15,Participant 589,Participant 589,Pria,23/11/1989,85000000589,participant589@email.com,Internal,Vocal - Singer,Yogyakarta
9/4/2016 11:16,Participant 254,Participant 254,Wanita,30/09/1974,85000000254,participant254@email.com,Internal,Vocal - Singer,Pekalongan
9/4/2016 11:20,Participant 590,Participant 590,Wanita,29/08/1995,85000000590,participant590@email.com,Internal,Arts - Percussion,Solo
9/4/2016 11:21,Participant 591,Participant 591,Pria,14/05/1999,85000000591,participant591@email.com,Internal,Music - Keyboard,Bali
9/4/2016 11:24,Participant 592,Participant 592,Wanita,25/02/1995,85000000592,participant592@email.com,Internal,Arts - Flag,Yogyakarta
9/4/2016 11:27,Participant 593,Participant 593,Wanita,5/7/1993,85000000593,participant593@email.com,Internal,Vocal - Singer,Bali
9/4/2016 11:40,Participant 589,Participant 589,Pria,23/11/1989,85000000589,participant589@email.com,Internal,Vocal - Singer,Yogyakarta
9/4/2016 11:45,PARTICIPANT 594,PARTICIPANT 594,Wanita,21/07/2021,85000000594,participant594@email.com,Internal,Arts - Percussion,Madiun
9/4/2016 12:15,participant 595,participant 595,Pria,8/22/1889,85000000595,participant595@email.com,Internal,Arts - Movement,Yogyakarta
9/4/2016 13:04,Participant 596,Participant 596,Wanita,16/09/1997,85000000596,participant596@email.com,Internal,Visual - Makeup,Solo
9/4/2016 13:38,Participant 597,Participant 597,Pria,13/04/1998,85000000597,participant597@email.com,Internal,Vocal - Singer,Tangerang
9/4/2016 14:46,Participant 598,Participant 598,Wanita,5/12/1981,85000000598,participant598@email.com,Internal,Vocal - Singer,Bali
9/4/2016 14:50,Participant 592,Participant 592,Wanita,25/02/1995,85000000592,participant592@email.com,Internal,Arts - Flag,Yogyakarta
9/4/2016 14:51,Participant 599,Participant 599,Wanita,3/4/1978,85000000599,participant599@email.com,Internal,Vocal - Singer,Bali
9/4/2016 15:27,Participant 600,Participant 600,Wanita,15/12/1996,85000000600,participant600@email.com,Internal,Visual - Makeup,Yogyakarta
9/4/2016 15:46,Participant 601,Participant 601,Pria,14/02/2000,85000000601,participant601@email.com,Internal,Music - Drum,Bali
9/4/2016 16:02,Participant 148,Participant 148,Wanita,30/06/1999,85000000148,participant148@email.com,Internal,Arts - Percussion,Solo
9/4/2016 16:28,Participant 602,Participant 602,Pria,26/05/2003,85000000602,participant602@email.com,Internal,Music - Guitar,Solo
9/4/2016 16:39,Participant 603,Participant 603,Wanita,8/1/2004,85000000603,participant603@email.com,Internal,Vocal - Choir,Solo
9/4/2016 17:44,Participant 604,Participant 604,Pria,23/04/2021,85000000604,participant604@email.com,Internal,Music - Drum,Solo
9/4/2016 17:46,Participant 604,Participant 604,Pria,23/06/2021,85000000604,participant604@email.com,Internal,Music - Drum,Solo
9/4/2016 18:18,Participant 605,Participant 605,Wanita,24/11/2001,85000000605,participant605@email.com,Internal,Vocal - Singer,Yogyakarta
9/4/2016 20:02,Participant 606,Participant 606,Wanita,1/6/1993,85000000606,participant606@email.com,Internal,Vocal - Singer,Bali
9/4/2016 21:19,Participant 607,Participant 607,Pria,31/03/2000,85000000607,participant607@email.com,Internal,Audio - Engineer,Bali
9/4/2016 22:35,Participant 608,Participant 608,Wanita,19/07/1996,85000000608,participant608@email.com,Internal,Arts - Percussion,Yogyakarta
10/4/2016 9:44,Participant 609,Participant 609,Wanita,20/04/1993,85000000609,participant609@email.com,Internal,Arts - Percussion,Yogyakarta
10/4/2016 10:15,Participant 610,Participant 610,Pria,30/10/1994,85000000610,participant610@email.com,Internal,Vocal - Singer,Jakarta
10/4/2016 10:29,Participant 510,Participant 510,Pria,4/11/1991,85000000510,participant510@email.com,Internal,Music - Guitar,Jakarta
10/4/2016 10:55,Participant 148,Participant 148,Wanita,30/06/1999,85000000148,participant148@email.com,Internal,Arts - Percussion,Solo
10/4/2016 12:31,Participant 611,Participant 611,Wanita,23/01/2000,85000000611,participant611@email.com,Internal,Vocal - Singer,Jakarta
10/4/2016 21:23,Participant 612,Participant 612,Wanita,6/5/1979,85000000612,participant612@email.com,Internal,Visual - Makeup,Bali
10/4/2016 21:25,Participant 613,Participant 613,Pria,9/3/1999,85000000613,participant613@email.com,Internal,Vocal - Singer,Bali
10/4/2016 21:27,Participant 614,Participant 614,Wanita,14/03/2008,85000000614,participant614@email.com,Internal,Music - Drum,Bali
10/4/2016 21:44,Participant 614,Participant 614,Wanita,14/03/2008,85000000614,participant614@email.com,Internal,Music - Drum,Bali
10/4/2016 22:00,Participant 615,Participant 615,Wanita,26/04/1995,85000000615,participant615@email.com,Internal,Vocal - Singer,Solo
11/4/2016 2:17,Participant 611,Participant 611,Wanita,23/01/2000,85000000611,participant611@email.com,Internal,Vocal - Singer,Jakarta
11/4/2016 4:52,Participant 615,Participant 615,Wanita,26/04/1995,85000000615,participant615@email.com,Internal,Vocal - Singer,Solo
11/4/2016 9:09,Participant 616,Participant 616,Wanita,16/11/1982,85000000616,participant616@email.com,Internal,Vocal - Singer,Solo
11/4/2016 11:08,Participant 617,Participant 617,Wanita,15/01/2003,85000000617,participant617@email.com,Internal,Arts - Percussion,Solo
11/4/2016 19:23,Participant 451,Participant 451,Pria,13/05/2008,85000000451,participant451@email.com,Internal,Music - Drum,Solo
12/4/2016 12:03,Participant 609,Participant 609,Wanita,20/04/1993,85000000609,participant609@email.com,Internal,Arts - Percussion,Yogyakarta
12/4/2016 13:30,Participant 618,Participant 618,Wanita,18/01/2003,85000000618,participant618@email.com,Internal,Vocal - Singer,Yogyakarta
12/4/2016 16:26,PARTICIPANT 619,PARTICIPANT 619,Pria,26/09/1990,85000000619,participant619@email.com,Internal,Music - Guitar,Jakarta
12/4/2016 18:19,Participant 451,Participant 451,Pria,13/05/2008,85000000451,participant451@email.com,Internal,Music - Drum,Solo
13/04/2016 09:50:46,Participant 620,Participant 620,Wanita,24/04/1983,85000000620,participant620@email.com,Internal,Vocal - Singer,Jakarta
13/04/2016 13:12:00,Participant 582,Participant 582,Pria,4/3/1988,85000000582,participant582@email.com,Internal,Music - Drum,Solo
13/04/2016 14:44:53,Participant 621,Participant 621,Pria,30/04/2000,85000000621,participant621@email.com,Internal,Music - Guitar,Yogyakarta
13/04/2016 15:16:46,Participant 622,Participant 622,Wanita,8/12/1995,85000000622,participant622@email.com,Internal,Arts - Percussion,Bali
14/04/2016 00:26:34,Participant 623,Participant 623,Wanita,6/7/1999,85000000623,participant623@email.com,Internal,Arts - Percussion,Jakarta
14/04/2016 00:26:56,Participant 623,Participant 623,Wanita,6/7/1999,85000000623,participant623@email.com,Internal,Arts - Percussion,Jakarta
14/04/2016 00:28:18,Participant 623,Participant 623,Wanita,6/7/1999,85000000623,participant623@email.com,Internal,Arts - Percussion,Jakarta
14/04/2016 06:09:00,Participant 572,Participant 572,Wanita,17/06/1991,85000000572,participant572@email.com,Internal,Vocal - Singer,Solo
14/04/2016 06:09:21,Participant 572,Participant 572,Wanita,17/06/1991,85000000572,participant572@email.com,Internal,Vocal - Singer,Solo
14/04/2016 06:09:31,Participant 572,Participant 572,Wanita,17/06/1991,85000000572,participant572@email.com,Internal,Vocal - Singer,Solo
14/04/2016 06:57:27,Participant 604,Participant 604,Pria,23/06/1977,85000000604,participant604@email.com,Internal,Music - Drum,Solo
14/04/2016 09:38:45,Participant 624,Participant 624,Wanita,25/03/1974,85000000624,participant624@email.com,Internal,Visual - Makeup,Bali
14/04/2016 13:58:05,Participant 619,Participant 619,Pria,26/09/1990,85000000619,participant619@email.com,Internal,Music - Guitar,Jakarta
14/04/2016 19:20:44,PARTICIPANT 533,PARTICIPANT 533,Wanita,6/10/2000,85000000533,participant533@email.com,Internal,Arts - Percussion,Bali
15/04/2016 19:45:37,Participant 356,Participant 356,Wanita,4/2/1976,85000000356,participant356@email.com,Internal,Vocal - Body Voice,Boyolali
15/04/2016 21:20:14,Participant 615,Participant 615,Wanita,26/04/1995,85000000615,participant615@email.com,Internal,Vocal - Singer,Solo
15/04/2016 21:54:33,Participant 370,Participant 370,Wanita,7/6/1989,85000000370,participant370@email.com,Internal,Vocal - Singer,Yogyakarta
15/04/2016 22:16:55,Participant 625,Participant 625,Wanita,21/05/2021,85000000625,participant625@email.com,Internal,Arts - Movement,Solo
16/04/2016 15:02:31,Participant 626,Participant 626,Wanita,2/10/1996,85000000626,participant626@email.com,Internal,Arts - Percussion,Jakarta
16/04/2016 15:56:17,Participant 627,Participant 627,Pria,1/10/1997,85000000627,participant627@email.com,Internal,Music - Guitar,Solo
16/04/2016 19:22:07,Participant 628,Participant 628,Wanita,12/9/1998,85000000628,participant628@email.com,Internal,Vocal - Choir,Solo
17/04/2016 21:31:09,Participant 629,Participant 629,Pria,2/4/1999,85000000629,participant629@email.com,Internal,Music - Guitar,Bali
18/04/2016 05:53:58,Participant 596,Participant 596,Wanita,16/09/1997,85000000596,participant596@email.com,Internal,Visual - Makeup,Solo
18/04/2016 07:54:30,PARTICIPANT 630,PARTICIPANT 630,Wanita,24/10/1996,85000000630,participant630@email.com,Internal,Vocal - Singer,Yogyakarta
18/04/2016 16:23:21,participant 631,participant 631,Pria,30/06/1981,85000000631,participant631@email.com,Internal,Music - Drum,Jakarta
18/04/2016 19:41:44,participant 631,participant 631,Wanita,6/7/1999,85000000631,participant631@email.com,Internal,Music - Drum,Jakarta
18/04/2016 19:42:02,participant 631,participant 631,Wanita,6/7/1999,85000000631,participant631@email.com,Internal,Music - Drum,Jakarta
18/04/2016 21:06:17,participant 631,participant 631,Pria,1/9/1996,85000000631,participant631@email.com,Internal,Music - Drum,Jakarta
18/04/2016 22:57:04,participant 631,participant 631,Wanita,14/09/2004,85000000631,participant631@email.com,Internal,Music - Drum,Jakarta
18/04/2016 22:59:21,participant 631,participant 631,Wanita,14/09/2004,85000000631,participant631@email.com,Internal,Music - Drum,Jakarta
19/04/2016 14:53:04,participant 631,participant 631,Wanita,24/10/1996,85000000631,participant631@email.com,Internal,Music - Drum,Jakarta
19/04/2016 20:20:25,participant 631,participant 631,Wanita,19/09/2000,85000000631,participant631@email.com,Internal,Music - Drum,Jakarta
21/04/2016 07:47:31,participant 631,participant 631,Pria,9/9/1996,85000000631,participant631@email.com,Internal,Music - Drum,Jakarta
21/04/2016 12:47:14,participant 631,participant 631,Wanita,15/05/1997,85000000631,participant631@email.com,Internal,Music - Drum,Jakarta
21/04/2016 14:12:25,participant 631,participant 631,Wanita,15/05/1997,85000000631,participant631@email.com,Internal,Music - Drum,Jakarta
21/04/2016 15:40:15,participant 631,participant 631,Wanita,9/4/2003,85000000631,participant631@email.com,Internal,Music - Drum,Jakarta
21/04/2016 18:47:34,participant 631,participant 631,Pria,28/05/1996,85000000631,participant631@email.com,Internal,Music - Drum,Jakarta
21/04/2016 19:39:14,Participant 628,Participant 628,Wanita,12/9/1998,85000000628,participant628@email.com,Internal,Vocal - Choir,Solo
22/04/2016 08:11:51,participant 631,participant 631,Wanita,5/2/1998,85000000631,participant631@email.com,Internal,Music - Drum,Jakarta
22/04/2016 15:58:04,Participant 632,Participant 632,Wanita,8/4/1987,85000000632,participant632@email.com,Internal,Arts - Percussion,Yogyakarta
22/04/2016 18:09:44,Participant 633,Participant 633,Wanita,12/2/2000,85000000633,participant633@email.com,Internal,Vocal - Singer,Bali
22/04/2016 21:12:57,Participant 634,Participant 634,Wanita,14/10/1975,85000000634,participant634@email.com,Internal,Vocal - Singer,Jakarta
23/04/2016 11:44:57,Participant 148,Participant 148,Wanita,30/06/1999,85000000148,participant148@email.com,Internal,Arts - Percussion,Solo
23/04/2016 22:07:19,Participant 573,Participant 573,Pria,3/8/2004,85000000573,participant573@email.com,Internal,Arts - Movement,Bali
24/04/2016 06:37:17,Participant 635,Participant 635,Wanita,22/11/2001,85000000635,participant635@email.com,Internal,Music - Drum,Yogyakarta
24/04/2016 13:51:59,Participant 636,Participant 636,Wanita,31/03/1986,85000000636,participant636@email.com,Internal,Vocal - Body Voice,Yogyakarta
24/04/2016 13:54:56,Participant 637,Participant 637,Wanita,20/06/2008,85000000637,participant637@email.com,Internal,Arts - Percussion,Yogyakarta
24/04/2016 15:12:08,Participant 527,Participant 527,Pria,1/3/2007,85000000527,participant527@email.com,Internal,Music - Drum,Solo
24/04/2016 15:59:42,Participant 638,Participant 638,Wanita,21/05/1980,85000000638,participant638@email.com,Internal,Vocal - Singer,Samarinda
24/04/2016 19:49:49,Participant 639,Participant 639,Wanita,7/11/1986,85000000639,participant639@email.com,Internal,Vocal - Body Voice,Semarang
24/04/2016 20:00:22,Participant 640,Participant 640,Wanita,1/6/1999,85000000640,participant640@email.com,Internal,Vocal - Singer,Klaten
25/04/2016 03:21:26,Participant 641,Participant 641,Wanita,15/08/1989,85000000641,participant641@email.com,Internal,Vocal - Singer,Bali
25/04/2016 06:31:09,Participant 642,Participant 642,Pria,10/2/1989,85000000642,participant642@email.com,Internal,Music - Drum,Yogyakarta
25/04/2016 07:42:26,Participant 643,Participant 643,Pria,8/6/2004,85000000643,participant643@email.com,Internal,Music - Drum,Yogyakarta
25/04/2016 09:58:37,Participant 506,Participant 506,Pria,19/04/1981,85000000506,participant506@email.com,Internal,Audio - Engineer,Surabaya
25/04/2016 10:10:09,Participant 644,Participant 644,Pria,4/10/1983,85000000644,participant644@email.com,Internal,Music - Bass,Bali
25/04/2016 11:09:06,Participant 645,Participant 645,Wanita,30/05/1982,85000000645,participant645@email.com,Internal,Vocal - Singer,Solo
25/04/2016 11:24:36,Participant 642,Participant 642,Pria,10/2/1989,85000000642,participant642@email.com,Internal,Music - Drum,Yogyakarta
25/04/2016 13:15:53,Participant 646,Participant 646,Pria,3/8/2004,85000000646,participant646@email.com,Internal,Vocal - Singer,Yogyakarta
25/04/2016 14:17:15,Participant 647,Participant 647,Wanita,25/03/2003,85000000647,participant647@email.com,Internal,Vocal - Singer,Solo
25/04/2016 15:27:00,Participant 646,Participant 646,Pria,3/8/2004,85000000646,participant646@email.com,Internal,Vocal - Singer,Yogyakarta
25/04/2016 16:42:15,Participant 572,Participant 572,Wanita,17/06/1991,85000000572,participant572@email.com,Internal,Vocal - Singer,Solo
25/04/2016 18:14:01,Participant 648,Participant 648,Wanita,13/05/1981,85000000648,participant648@email.com,Internal,Visual - Makeup,Solo
25/04/2016 18:20:20,Participant 648,Participant 648,Wanita,13/05/1981,85000000648,participant648@email.com,Internal,Visual - Makeup,Solo
25/04/2016 19:48:50,Participant 649,Participant 649,Wanita,12/8/1998,85000000649,participant649@email.com,Internal,Vocal - Singer,Jakarta
25/04/2016 21:07:25,Participant 650,Participant 650,Wanita,15/02/2004,85000000650,participant650@email.com,Internal,Vocal - Body Voice,Surabaya
25/04/2016 21:14:24,Participant 651,Participant 651,Wanita,22/04/2008,85000000651,participant651@email.com,Internal,Vocal - Body Voice,Surabaya
25/04/2016 22:56:05,Participant 652,Participant 652,Pria,30/06/1981,85000000652,participant652@email.com,Internal,Music - Drum,Jakarta
26/04/2016 07:38:36,Participant 653,Participant 653,Wanita,26/06/1995,85000000653,participant653@email.com,Internal,Visual - Makeup,Yogyakarta
26/04/2016 09:57:51,Participant 654,Participant 654,Wanita,2/1/2000,85000000654,participant654@email.com,Internal,Vocal - Singer,Surabaya
26/04/2016 10:15:33,Participant 655,Participant 655,Wanita,4/6/2009,85000000655,participant655@email.com,Internal,Arts - Percussion,Solo
26/04/2016 11:13:30,Participant 656,Participant 656,Wanita,24/03/1984,85000000656,participant656@email.com,Internal,Visual - Makeup,Solo
26/04/2016 11:16:16,Participant 657,Participant 657,Wanita,18/11/1997,85000000657,participant657@email.com,Internal,Vocal - Singer,Tangerang
26/04/2016 11:24:34,Participant 658,Participant 658,Pria,7/2/1995,85000000658,participant658@email.com,Internal,Music - Bass,Bali
26/04/2016 11:41:30,Participant 659,Participant 659,Wanita,4/6/1997,85000000659,participant659@email.com,Internal,Vocal - Singer,Solo
26/04/2016 12:05:32,Participant 660,Participant 660,Wanita,6/10/1996,85000000660,participant660@email.com,Internal,Music - Guitar,Tangerang
26/04/2016 13:20:51,Participant 661,Participant 661,Wanita,11/12/2003,85000000661,participant661@email.com,Internal,Arts - Flag,Solo
26/04/2016 13:23:45,Participant 662,Participant 662,Wanita,12/11/1993,85000000662,participant662@email.com,Internal,Vocal - Singer,Jakarta
26/04/2016 14:31:21,Participant 482,Participant 482,Wanita,1/8/1998,85000000482,participant482@email.com,Internal,Arts - Flag,Solo
26/04/2016 14:37:47,Participant 663,Participant 663,Wanita,6/7/2002,85000000663,participant663@email.com,Internal,Arts - Percussion,Jakarta
26/04/2016 15:13:05,PARTICIPANT 664,PARTICIPANT 664,Pria,3/3/2005,85000000664,participant664@email.com,Internal,Music - Guitar,Bali
26/04/2016 16:07:38,PARTICIPANT 665,PARTICIPANT 665,Wanita,7/5/1960,85000000665,participant665@email.com,Internal,Vocal - Singer,Solo
26/04/2016 17:54:41,PARTICIPANT 666,PARTICIPANT 666,Pria,14/01/2001,85000000666,participant666@email.com,Internal,Vocal - Singer,Yogyakarta
26/04/2016 18:16:15,Participant 493,Participant 493,Pria,10/1/2000,85000000493,participant493@email.com,Internal,Music - Drum,Yogyakarta
26/04/2016 18:17:11,Participant 667,Participant 667,Wanita,25/09/2001,85000000667,participant667@email.com,Internal,Vocal - Singer,Yogyakarta
26/04/2016 19:12:38,Participant 668,Participant 668,Pria,11/12/2003,85000000668,participant668@email.com,Internal,Music - Guitar,Solo
26/04/2016 19:51:51,Participant 669,Participant 669,Wanita,27/12/1988,85000000669,participant669@email.com,Internal,Vocal - Body Voice,Jakarta
26/04/2016 21:08:38,Participant 647,Participant 647,Wanita,25/03/2003,85000000647,participant647@email.com,Internal,Vocal - Singer,Solo
26/04/2016 21:09:23,Participant 670,Participant 670,Wanita,18/05/2002,85000000670,participant670@email.com,Internal,Vocal - Singer,Solo
26/04/2016 21:34:28,Participant 671,Participant 671,Pria,27/06/1987,85000000671,participant671@email.com,Internal,Vocal - Singer,Solo
26/04/2016 22:03:13,PARTICIPANT 257,PARTICIPANT 257,Pria,16/04/1976,85000000257,participant257@email.com,Internal,Vocal - Singer,Jakarta
27/04/2016 07:10:21,Participant 672,Participant 672,Wanita,10/10/2003,85000000672,participant672@email.com,Internal,Vocal - Singer,Wonosari
27/04/2016 08:12:42,Participant 647,Participant 647,Wanita,25/03/2003,85000000647,participant647@email.com,Internal,Vocal - Singer,Solo
27/04/2016 08:15:51,Participant 673,Participant 673,Wanita,18/04/1992,85000000673,participant673@email.com,Internal,Visual - Makeup,Bali
27/04/2016 08:34:27,Participant 673,Participant 673,Wanita,18/04/1992,85000000673,participant673@email.com,Internal,Visual - Makeup,Bali
27/04/2016 09:38:38,Participant 213,Participant 213,Wanita,16/03/2004,85000000213,participant213@email.com,Internal,Vocal - Choir,Solo
27/04/2016 10:13:57,Participant 228,Participant 228,Pria,22/10/1991,85000000228,participant228@email.com,Internal,Vocal - Singer,Tangerang
27/04/2016 10:32:08,Participant 571,Participant 571,Wanita,20/08/1978,85000000571,participant571@email.com,Internal,Visual - Makeup,Bali
27/04/2016 11:14:13,Participant 674,Participant 674,Pria,7/7/2021,85000000674,participant674@email.com,Internal,Music - Guitar,Yogyakarta
27/04/2016 11:19:25,Participant 675,Participant 675,Wanita,27/09/1973,85000000675,participant675@email.com,Internal,Vocal - Singer,Wonosari
27/04/2016 11:28:14,Participant 676,Participant 676,Pria,13/02/1975,85000000676,participant676@email.com,Internal,Vocal - Singer,Solo
27/04/2016 11:58:06,Participant 677,Participant 677,Pria,9/6/2005,85000000677,participant677@email.com,Internal,Music - Keyboard,Madiun
27/04/2016 12:37:08,PARTICIPANT 678,PARTICIPANT 678,Wanita,9/7/2003,85000000678,participant678@email.com,Internal,Arts - Percussion,Madiun
27/04/2016 12:43:56,Participant 679,Participant 679,Wanita,22/12/2020,85000000679,participant679@email.com,Internal,Vocal - Singer,Tangerang
27/04/2016 12:53:56,Participant 573,Participant 573,Pria,3/8/2004,85000000573,participant573@email.com,Internal,Arts - Movement,Bali
27/04/2016 13:03:14,PARTICIPANT 680,PARTICIPANT 680,Pria,25/03/2006,85000000680,participant680@email.com,Internal,Music - Drum,Wonosari
27/04/2016 13:07:32,Participant 519,Participant 519,Wanita,25/12/1998,85000000519,participant519@email.com,Internal,Vocal - Singer,Solo 
27/04/2016 13:16:12,Participant 681,Participant 681,Wanita,27/04/2021,85000000681,participant681@email.com,Internal,Arts - Percussion,Solo 
27/04/2016 13:33:06,Participant 682,Participant 682,Wanita,23/08/1977,85000000682,participant682@email.com,Internal,Vocal - Singer,Bali
27/04/2016 13:35:22,Participant 682,Participant 682,Wanita,23/08/1977,85000000682,participant682@email.com,Internal,Vocal - Singer,Bali
27/04/2016 13:42:54,Participant 667,Participant 667,Wanita,25/09/2001,85000000667,participant667@email.com,Internal,Vocal - Singer,Yogyakarta
27/04/2016 14:13:17,Participant 683,Participant 683,Pria,11/3/1995,85000000683,participant683@email.com,Internal,Music - Drum,Yogyakarta
27/04/2016 14:31:59,PARTICIPANT 684,PARTICIPANT 684,Wanita,12/7/1965,85000000684,participant684@email.com,Internal,Music - Keyboard,Wonosari
27/04/2016 14:44:34,Participant 685,Participant 685,Pria,15/01/1979,85000000685,participant685@email.com,Internal,Vocal - Singer,Wonosari
27/04/2016 18:06:43,Participant 686,Participant 686,Wanita,28/06/1995,85000000686,participant686@email.com,Internal,Vocal - Singer,Solo
27/04/2016 18:12:47,Participant 687,Participant 687,Wanita,27/09/2021,85000000687,participant687@email.com,Internal,Vocal - Singer,Wonosari
27/04/2016 18:22:52,Participant 675,Participant 675,Wanita,27/09/2021,85000000675,participant675@email.com,Internal,Vocal - Singer,Wonosari
27/04/2016 18:32:34,participant 688,participant 688,Wanita,12/5/2007,85000000688,participant688@email.com,Internal,Vocal - Body Voice,Surabaya
27/04/2016 18:52:38,Participant 675,Participant 675,Wanita,27/09/1973,85000000675,participant675@email.com,Internal,Vocal - Singer,Wonosari
27/04/2016 18:52:58,PARTICIPANT 689,PARTICIPANT 689,Wanita,21/10/2006,85000000689,participant689@email.com,Internal,Vocal - Body Voice,Surabaya
27/04/2016 18:54:45,Participant 690,Participant 690,Wanita,31/05/1996,85000000690,participant690@email.com,Internal,Arts - Percussion,Jakarta
27/04/2016 18:56:19,Participant 675,Participant 675,Wanita,27/09/1973,85000000675,participant675@email.com,Internal,Vocal - Singer,Wonosari
27/04/2016 18:59:09,Participant 691,Participant 691,Wanita,19/05/1971,85000000691,participant691@email.com,Internal,Vocal - Singer,Solo
27/04/2016 19:26:08,Participant 692,Participant 692,Wanita,15/03/2003,85000000692,participant692@email.com,Internal,Vocal - Body Voice,Surabaya
27/04/2016 19:46:47,Participant 693,Participant 693,Wanita,12/11/1987,85000000693,participant693@email.com,Internal,Vocal - Singer,Solo
27/04/2016 21:14:30,Participant 142,Participant 142,Wanita,18/06/1987,85000000142,participant142@email.com,Internal,Vocal - Body Voice,Madiun
27/04/2016 22:11:37,Participant 694,Participant 694,Wanita,17/01/2021,85000000694,participant694@email.com,Internal,Vocal - Body Voice,Surabaya
27/04/2016 22:34:38,Participant 695,Participant 695,Pria,15/09/1984,85000000695,participant695@email.com,Internal,Vocal - Singer,Bali
27/04/2016 23:01:49,Participant 392,Participant 392,Pria,20/05/2003,85000000392,participant392@email.com,Internal,Music - Guitar,Solo
21/06/2016 11:47:18,Participant 697,Participant 697,Pria,3/1/1986,85000000697,participant697@email.com,Internal,Music - Guitar,Bali
21/06/2016 11:56:51,Participant 698,Participant 698,Wanita,29/04/2009,85000000698,participant698@email.com,Internal,Vocal - Singer,Bali
21/06/2016 12:00:08,Participant 699,Participant 699,Pria,19/11/2009,85000000699,participant699@email.com,Internal,Arts - Flag,Bali
21/06/2016 12:28:14,Participant 36,Participant 36,Wanita,22/05/2008,85000000036,participant36@email.com,Internal,Music - Guitar,Solo 
21/06/2016 12:36:22,Participant 700,Participant 700,Wanita,23/01/2006,85000000700,participant700@email.com,Internal,Vocal - Singer,Wonogiri
21/06/2016 12:55:25,Participant 701,Participant 701,Wanita,6/1/2021,85000000701,participant701@email.com,Internal,Music - Guitar,Purwokerto
21/06/2016 13:54:48,Participant 702,Participant 702,Pria,1/5/1996,85000000702,participant702@email.com,Internal,Music - Guitar,Jakarta
21/06/2016 17:03:32,PARTICIPANT 703,PARTICIPANT 703,Wanita,1/5/1996,85000000703,participant703@email.com,Internal,Vocal - Singer,Yogyakarta
21/06/2016 17:55:19,Participant 704,Participant 704,Wanita,19/01/2021,85000000704,participant704@email.com,Internal,Arts - Percussion,Yogyakarta
21/06/2016 17:59:28,Participant 705,Participant 705,Pria,25/10/2008,85000000705,participant705@email.com,Internal,Vocal - Singer,Yogyakarta
21/06/2016 18:29:47,Participant 706,Participant 706,Pria,27/11/1997,85000000706,participant706@email.com,Internal,Music - Guitar,Solo
21/06/2016 19:21:33,Participant 595,Participant 595,Pria,22/08/1998,85000000595,participant595@email.com,Internal,Arts - Movement,Yogyakarta
21/06/2016 19:21:39,Participant 595,Participant 595,Pria,22/08/1998,85000000595,participant595@email.com,Internal,Arts - Movement,Yogyakarta
21/06/2016 20:36:00,Participant 707,Participant 707,Wanita,13/07/1993,85000000707,participant707@email.com,Internal,Vocal - Singer,Jakarta
21/06/2016 20:52:46,Participant 708,Participant 708,Wanita,23/01/1970,85000000708,participant708@email.com,Internal,Visual - Makeup,Magelang
21/06/2016 21:50:03,Participant 709,Participant 709,Wanita,30/10/1994,85000000709,participant709@email.com,Internal,Visual - Makeup,Solo
21/06/2016 21:50:47,Participant 710,Participant 710,Wanita,11/6/2011,85000000710,participant710@email.com,Internal,Arts - Percussion,Tangerang
21/06/2016 22:28:55,Participant 711,Participant 711,Pria,12/8/1996,85000000711,participant711@email.com,Internal,Vocal - Singer,Yogyakarta
22/06/2016 02:33:36,Participant 712,Participant 712,Wanita,13/05/2003,85000000712,participant712@email.com,Internal,Arts - Percussion,Yogyakarta
22/06/2016 08:26:39,Participant 397,Participant 397,Pria,15/11/1974,85000000397,participant397@email.com,Internal,Music - Guitar,Surabaya
22/06/2016 08:55:44,Participant 713,Participant 713,Wanita,11/12/1999,85000000713,participant713@email.com,Internal,Vocal - Singer,Yogyakarta
22/06/2016 11:55:43,Participant 554,Participant 554,Wanita,26/08/1996,85000000554,participant554@email.com,Internal,Vocal - Singer,Solo
22/06/2016 12:07:23,Participant 714,Participant 714,Wanita,12/10/2003,85000000714,participant714@email.com,Internal,Arts - Percussion,Yogyakarta
22/06/2016 12:19:38,Participant 715,Participant 715,Wanita,3/4/2000,85000000715,participant715@email.com,Internal,Arts - Flag,Magelang
22/06/2016 12:41:39,Participant 716,Participant 716,Pria,24/02/1992,85000000716,participant716@email.com,Internal,Vocal - Singer,Solo
22/06/2016 13:28:48,Participant 717,Participant 717,Pria,29/06/1989,85000000717,participant717@email.com,Internal,Music - Bass,Solo
22/06/2016 13:54:03,participant 718,participant 718,Pria,29/12/2008,85000000718,participant718@email.com,Internal,Music - Guitar,Solo
22/06/2016 14:42:02,Participant 719,Participant 719,Wanita,28/03/1965,85000000719,participant719@email.com,Internal,Visual - Makeup,Samarinda
22/06/2016 15:46:55,Participant 720,Participant 720,Pria,14/05/1996,85000000720,participant720@email.com,Internal,Vocal - Singer,Solo
22/06/2016 15:55:32,Participant 721,Participant 721,Wanita,12/12/2007,85000000721,participant721@email.com,Internal,Arts - Percussion,Tangerang
22/06/2016 17:41:11,participant 718,participant 718,Pria,29/12/2008,85000000718,participant718@email.com,Internal,Music - Guitar,Solo
22/06/2016 18:24:19,Participant 722,Participant 722,Wanita,11/2/2000,85000000722,participant722@email.com,Internal,Vocal - Singer,Yogyakarta
22/06/2016 19:15:37,Participant 723,Participant 723,Pria,20/10/2005,85000000723,participant723@email.com,Internal,Music - Keyboard,Solo
22/06/2016 21:43:11,Participant 725,Participant 725,Wanita,26/10/1979,85000000725,participant725@email.com,Internal,Vocal - Singer,Solo
22/06/2016 22:34:49,Participant 726,Participant 726,Wanita,1/3/2007,85000000726,participant726@email.com,Internal,Music - Drum,Solo
23/06/2016 10:43:34,Participant 727,Participant 727,Pria,3/4/1999,85000000727,participant727@email.com,Internal,Vocal - Singer,Bali
23/06/2016 10:50:21,Participant 724,Participant 724,Pria,16/01/2003,85000000724,participant724@email.com,Internal,Music - Drum,Bali
23/06/2016 10:55:29,Participant 728,Participant 728,Wanita,20/05/2011,85000000728,participant728@email.com,Internal,Arts - Percussion,Tangerang
23/06/2016 14:53:13,Participant 729,Participant 729,Wanita,31/03/1980,85000000729,participant729@email.com,Internal,Vocal - Singer,Jakarta
23/06/2016 15:48:15,Participant 730,Participant 730,Pria,20/10/1995,85000000730,participant730@email.com,Internal,Music - Drum,Solo 
23/06/2016 16:49:56,Participant 729,Participant 729,Wanita,31/03/1980,85000000729,participant729@email.com,Internal,Vocal - Singer,Jakarta
23/06/2016 18:55:40,Participant 731,Participant 731,Wanita,31/08/1999,85000000731,participant731@email.com,Internal,Vocal - Singer,Bali
23/06/2016 18:58:51,Participant 732,Participant 732,Wanita,2/10/1976,85000000732,participant732@email.com,Internal,Visual - Makeup,Jakarta
23/06/2016 22:34:37,Participant 733,Participant 733,Wanita,23/03/1981,85000000733,participant733@email.com,Internal,Vocal - Singer,Solo
23/06/2016 22:42:07,Participant 734,Participant 734,Wanita,24/12/1996,85000000734,participant734@email.com,Internal,Vocal - Singer,Jakarta
24/06/2016 10:05:21,Participant 735,Participant 735,Pria,20/06/2000,85000000735,participant735@email.com,Internal,Music - Drum,Solo
24/06/2016 10:34:35,Participant 736,Participant 736,Wanita,8/9/2010,85000000736,participant736@email.com,Internal,Arts - Percussion,Tangerang
24/06/2016 15:55:25,Participant 645,Participant 645,Wanita,30/05/1982,85000000645,participant645@email.com,Internal,Vocal - Singer,Solo
26/06/2016 15:06:52,Participant 737,Participant 737,Wanita,6/8/1998,85000000737,participant737@email.com,Internal,Vocal - Singer,Bali
26/06/2016 17:43:58,PARTICIPANT 738,PARTICIPANT 738,Pria,18/11/2003,85000000738,participant738@email.com,Internal,Music - Drum,Solo
26/06/2016 20:44:21,Participant 739,Participant 739,Pria,16/07/1994,85000000739,participant739@email.com,Internal,Arts - Flag,Bali
27/06/2016 06:37:21,Participant 740,Participant 740,Wanita,9/12/1974,85000000740,participant740@email.com,Internal,Vocal - Singer,Solo
27/06/2016 09:12:32,Participant 287,Participant 287,Wanita,11/11/1977,85000000287,participant287@email.com,Internal,Vocal - Singer,Solo
27/06/2016 12:20:44,Participant 287,Participant 287,Wanita,11/11/1977,85000000287,participant287@email.com,Internal,Vocal - Singer,Solo
28/06/2016 11:59:47,PARTICIPANT 741,PARTICIPANT 741,Wanita,15/11/1976,85000000741,participant741@email.com,Internal,Vocal - Singer,Solo
29/06/2016 12:57:06,Participant 742,Participant 742,Wanita,21/02/2005,85000000742,participant742@email.com,Internal,Arts - Percussion,Solo
29/06/2016 15:37:09,Participant 743,Participant 743,Wanita,1/12/1971,85000000743,participant743@email.com,Internal,Vocal - Singer,Jakarta
30/06/2016 11:09:38,Participant 744,Participant 744,Pria,7/11/1997,85000000744,participant744@email.com,Internal,Vocal - Singer,Bali
30/06/2016 11:30:57,Participant 745,Participant 745,Pria,11/5/2002,85000000745,participant745@email.com,Internal,Music - Keyboard,Jakarta
30/06/2016 12:54:38,Participant 746,Participant 746,Wanita,16/09/2005,85000000746,participant746@email.com,Internal,Arts - Percussion,Solo
30/06/2016 12:54:39,Participant 747,Participant 747,Wanita,1/5/2004,85000000747,participant747@email.com,Internal,Arts - Percussion,Solo
30/06/2016 13:03:21,Participant 748,Participant 748,Wanita,2/6/1999,85000000748,participant748@email.com,Internal,Visual - Makeup,Bali
30/06/2016 15:54:38,Participant 749,Participant 749,Pria,13/10/1996,85000000749,participant749@email.com,Internal,Music - Drum,Solo
30/06/2016 17:14:01,Participant 750,Participant 750,Wanita,13/11/2008,85000000750,participant750@email.com,Internal,Arts - Percussion,Solo
30/06/2016 18:36:35,Participant 214,Participant 214,Pria,22/04/1984,85000000214,participant214@email.com,Internal,Music - Guitar,Nias
30/06/2016 19:47:37,Participant 751,Participant 751,Pria,31/07/1993,85000000751,participant751@email.com,Internal,Music - Drum,Solo
30/06/2016 23:49:58,Participant 752,Participant 752,Wanita,7/9/2003,85000000752,participant752@email.com,Internal,Arts - Percussion,Solo
1/7/2016 7:19,Participant 753,Participant 753,Wanita,3/5/1997,85000000753,participant753@email.com,Internal,Arts - Percussion,Solo
1/7/2016 10:08,Participant 754,Participant 754,Pria,22/12/1997,85000000754,participant754@email.com,Internal,Music - Keyboard,Ngawi
1/7/2016 10:24,Participant 755,Participant 755,Wanita,15/03/1993,85000000755,participant755@email.com,Internal,Vocal - Singer,Yogyakarta
1/7/2016 11:07,Participant 756,Participant 756,Wanita,1/12/2002,85000000756,participant756@email.com,Internal,Vocal - Singer,Bali
1/7/2016 11:19,Participant 757,Participant 757,Pria,9/1/2001,85000000757,participant757@email.com,Internal,Music - Keyboard,Yogyakarta
1/7/2016 13:47,Participant 758,Participant 758,Pria,20/08/1984,85000000758,participant758@email.com,Internal,Vocal - Singer,Solo
1/7/2016 15:21,PARTICIPANT 759,PARTICIPANT 759,Wanita,5/7/2004,85000000759,participant759@email.com,Internal,Arts - Percussion,Solo
1/7/2016 15:25,PARTICIPANT 759,PARTICIPANT 759,Wanita,5/7/2004,85000000759,participant759@email.com,Internal,Arts - Percussion,Solo
1/7/2016 20:52,Participant 589,Participant 589,Pria,23/11/1989,85000000589,participant589@email.com,Internal,Vocal - Singer,Yogyakarta
1/7/2016 21:35,Participant 760,Participant 760,Wanita,14/09/2000,85000000760,participant760@email.com,Internal,Vocal - Choir,Solo
1/7/2016 21:43,Participant 761,Participant 761,Wanita,27/11/1986,85000000761,participant761@email.com,Internal,Vocal - Singer,Jakarta
1/7/2016 23:09,participant 762,participant 762,Wanita,15/02/1987,85000000762,participant762@email.com,Internal,Vocal - Singer,Bali
3/7/2016 20:37,Participant 763,Participant 763,Pria,22/06/2001,85000000763,participant763@email.com,Internal,Music - Bass,Yogyakarta
4/7/2016 10:18,PARTICIPANT 764,PARTICIPANT 764,Wanita,15/07/2002,85000000764,participant764@email.com,Internal,Arts - Percussion,Jakarta
4/7/2016 15:36,Participant 746,Participant 746,Wanita,16/09/2005,85000000746,participant746@email.com,Internal,Arts - Percussion,Solo
5/7/2016 10:02,Participant 765,Participant 765,Wanita,12/11/1998,85000000765,participant765@email.com,Internal,Arts - Percussion,Solo
5/7/2016 22:40,Participant 766,Participant 766,Wanita,12/4/1980,85000000766,participant766@email.com,Internal,Visual - Makeup,Jakarta
6/7/2016 14:22,Participant 767,Participant 767,Pria,21/04/2000,85000000767,participant767@email.com,Internal,Arts - Movement,Solo
6/7/2016 17:50,Participant 768,Participant 768,Wanita,17/04/2004,85000000768,participant768@email.com,Internal,Arts - Percussion,Wonogiri
6/7/2016 18:46,Participant 769,Participant 769,Wanita,19/01/2006,85000000769,participant769@email.com,Internal,Arts - Movement,Solo
6/7/2016 19:04,Participant 770,Participant 770,Wanita,4/4/2007,85000000770,participant770@email.com,Internal,Arts - Movement,Bali
6/7/2016 22:44,Participant 771,Participant 771,Pria,3/7/1991,85000000771,participant771@email.com,Internal,Vocal - Singer,Solo
9/7/2016 16:13,Participant 652,Participant 652,Pria,30/06/1981,85000000652,participant652@email.com,Internal,Music - Drum,Jakarta
9/7/2016 18:17,Participant 772,Participant 772,Pria,28/12/2006,85000000772,participant772@email.com,Internal,Arts - Movement,Solo
9/7/2016 19:04,Participant 773,Participant 773,Pria,1/12/2006,85000000773,participant773@email.com,Internal,Arts - Movement,Solo
10/7/2016 7:56,Participant 774,Participant 774,Wanita,4/12/1980,85000000774,participant774@email.com,Internal,Vocal - Singer,Jakarta
12/7/2016 11:35,Participant 775,Participant 775,Wanita,30/04/1997,85000000775,participant775@email.com,Internal,Visual - Makeup,Bali
12/7/2016 11:50,PARTICIPANT 776,PARTICIPANT 776,Pria,23/09/1976,85000000776,participant776@email.com,Internal,Vocal - Singer,Bali
12/7/2016 13:36,Participant 194,Participant 194,Pria,16/03/1980,85000000194,participant194@email.com,Internal,Audio - Engineer,Nias
13/07/2016 11:06:46,Participant 777,Participant 777,Wanita,7/7/2006,85000000777,participant777@email.com,Internal,Music - Keyboard,Wonogiri
13/07/2016 17:11:28,Participant 778,Participant 778,Wanita,2/11/2002,85000000778,participant778@email.com,Internal,Vocal - Choir,Yogyakarta
14/07/2016 13:32:57,Participant 779,Participant 779,Wanita,26/06/1998,85000000779,participant779@email.com,Internal,Vocal - Singer,Jakarta
15/07/2016 14:48:26,Participant 780,Participant 780,Wanita,2/7/2002,85000000780,participant780@email.com,Internal,Arts - Percussion,Semarang
15/07/2016 22:21:59,Participant 781,Participant 781,Wanita,26/10/2021,85000000781,participant781@email.com,Internal,Arts - Movement,Solo
15/07/2016 22:22:40,Participant 782,Participant 782,Wanita,14/12/2005,85000000782,participant782@email.com,Internal,Arts - Movement,Solo
16/07/2016 04:31:11,Participant 641,Participant 641,Wanita,15/08/1989,85000000641,participant641@email.com,Internal,Vocal - Singer,Bali
16/07/2016 10:36:16,Participant 783,Participant 783,Wanita,11/3/2002,85000000783,participant783@email.com,Internal,Arts - Percussion,Semarang
16/07/2016 13:26:01,Participant 148,Participant 148,Wanita,30/06/1999,85000000148,participant148@email.com,Internal,Arts - Percussion,Solo
16/07/2016 19:13:56,Participant 622,Participant 622,Wanita,8/12/1995,85000000622,participant622@email.com,Internal,Arts - Percussion,Bali
16/07/2016 19:16:51,Participant 622,Participant 622,Wanita,8/12/1995,85000000622,participant622@email.com,Internal,Arts - Percussion,Bali
17/07/2016 21:53:18,Participant 784,Participant 784,Pria,13/12/1998,85000000784,participant784@email.com,Internal,Arts - Flag,Yogyakarta
18/07/2016 10:35:06,Participant 785,Participant 785,Pria,23/11/1996,85000000785,participant785@email.com,Internal,Music - Bass,Jakarta
19/07/2016 20:12:51,Participant 786,Participant 786,Wanita,8/2/2005,85000000786,participant786@email.com,Internal,Arts - Movement,Solo
19/07/2016 20:13:42,Participant 787,Participant 787,Wanita,22/02/2005,85000000787,participant787@email.com,Internal,Arts - Movement,Solo
20/07/2016 23:19:24,participant 731,participant 731,Wanita,31/08/1999,85000000731,participant731@email.com,Internal,Vocal - Singer,Bali
21/07/2016 10:23:12,participant 788,participant 788,Pria,21/07/2021,85000000788,participant788@email.com,Internal,Vocal - Singer,Jakarta
21/07/2016 11:02:35,Participant 789,Participant 789,Pria,1/7/2012,85000000789,participant789@email.com,Internal,Music - Drum,Yogyakarta
21/07/2016 11:47:55,Participant 790,Participant 790,Wanita,7/10/1995,85000000790,participant790@email.com,Internal,Music - Keyboard,Bali
21/07/2016 12:27:49,Participant 791,Participant 791,Wanita,29/04/2001,85000000791,participant791@email.com,Internal,Music - Keyboard,Bali
21/07/2016 12:32:51,PARTICIPANT 792,PARTICIPANT 792,Pria,1/6/2009,85000000792,participant792@email.com,Internal,Music - Drum,Solo
21/07/2016 12:59:35,Participant 29,Participant 29,Pria,3/9/1993,85000000029,participant29@email.com,Internal,Music - Guitar,Solo 
21/07/2016 13:12:30,Participant 793,Participant 793,Pria,4/3/2000,85000000793,participant793@email.com,Internal,Music - Guitar,Solo
21/07/2016 14:32:00,Participant 794,Participant 794,Pria,31/07/2021,85000000794,participant794@email.com,Internal,Audio - Engineer,Jakarta
21/07/2016 15:46:54,Participant 795,Participant 795,Wanita,8/7/2002,85000000795,participant795@email.com,Internal,Vocal - Singer,Solo
21/07/2016 16:19:12,Participant 796,Participant 796,Wanita,11/9/2001,85000000796,participant796@email.com,Internal,Vocal - Singer,Bali
21/07/2016 16:22:57,Participant 797,Participant 797,Wanita,27/03/1994,85000000797,participant797@email.com,Internal,Visual - Makeup,Bali
21/07/2016 17:08:24,Participant 798,Participant 798,Wanita,28/05/1988,85000000798,participant798@email.com,Internal,Music - Keyboard,Jakarta
21/07/2016 17:34:59,Participant 397,Participant 397,Pria,15/11/1974,85000000397,participant397@email.com,Internal,Music - Guitar,Surabaya
21/07/2016 18:49:56,Participant 799,Participant 799,Wanita,4/7/2021,85000000799,participant799@email.com,Internal,Vocal - Body Voice,Bali
21/07/2016 20:37:07,Participant 800,Participant 800,Wanita,23/04/1983,85000000800,participant800@email.com,Internal,Vocal - Singer,Yogyakarta
22/07/2016 08:26:02,Participant 801,Participant 801,Pria,30/06/1979,85000000801,participant801@email.com,Internal,Arts - Flag,Bali
22/07/2016 08:27:46,Participant 802,Participant 802,Wanita,26/12/1987,85000000802,participant802@email.com,Internal,Vocal - Singer,Solo
22/07/2016 09:47:57,Participant 803,Participant 803,Wanita,30/03/1981,85000000803,participant803@email.com,Internal,Visual - Makeup,Bali
22/07/2016 15:34:39,Participant 804,Participant 804,Pria,16/07/1994,85000000804,participant804@email.com,Internal,Vocal - Choir,Bali
22/07/2016 20:04:30,Participant 805,Participant 805,Pria,7/2/2008,85000000805,participant805@email.com,Internal,Music - Drum,Bali
22/07/2016 20:19:14,Participant 806,Participant 806,Wanita,5/11/1978,85000000806,participant806@email.com,Internal,Vocal - Singer,Bali
22/07/2016 21:00:49,Participant 807,Participant 807,Wanita,11/8/1988,85000000807,participant807@email.com,Internal,Vocal - Singer,Semarang
23/07/2016 09:42:23,Participant 808,Participant 808,Wanita,3/10/2002,85000000808,participant808@email.com,Internal,Music - Drum,Solo
23/07/2016 12:58:02,Participant 809,Participant 809,Wanita,25/09/1985,85000000809,participant809@email.com,Internal,Vocal - Singer,Wonosari
23/07/2016 17:29:02,Participant 810,Participant 810,Wanita,22/08/1978,85000000810,participant810@email.com,Internal,Music - Guitar,Jakarta
23/07/2016 18:02:36,Participant 811,Participant 811,Pria,23/07/2021,85000000811,participant811@email.com,Internal,Music - Drum,Giribelah
23/07/2016 18:03:06,Participant 812,Participant 812,Wanita,11/11/2001,85000000812,participant812@email.com,Internal,Vocal - Singer,Bali
23/07/2016 19:55:42,Participant 813,Participant 813,Wanita,1/1/1999,85000000813,participant813@email.com,Internal,Vocal - Singer,Bali
23/07/2016 20:59:18,Participant 814,Participant 814,Wanita,22/07/2021,85000000814,participant814@email.com,Internal,Arts - Percussion,Bali
24/07/2016 07:56:15,Participant 815,Participant 815,Wanita,9/1/2002,85000000815,participant815@email.com,Internal,Arts - Percussion,Bali
24/07/2016 11:42:22,Participant 816,Participant 816,Pria,28/03/1987,85000000816,participant816@email.com,Internal,Music - Drum,Bali
24/07/2016 13:06:48,Participant 758,Participant 758,Pria,20/08/1984,85000000758,participant758@email.com,Internal,Vocal - Singer,Solo
24/07/2016 19:52:23,Participant 817,Participant 817,Wanita,2/1/1976,85000000817,participant817@email.com,Internal,Vocal - Singer,Jakarta
24/07/2016 20:58:02,Participant 734,Participant 734,Wanita,24/12/1996,85000000734,participant734@email.com,Internal,Vocal - Singer,Jakarta
25/07/2016 00:29:49,Participant 818,Participant 818,Wanita,28/04/1990,85000000818,participant818@email.com,Internal,Music - Keyboard,Bali
25/07/2016 17:24:01,Participant 819,Participant 819,Wanita,27/04/2000,85000000819,participant819@email.com,Internal,Arts - Percussion,Solo
25/07/2016 17:47:17,Participant 820,Participant 820,Pria,20/03/2002,85000000820,participant820@email.com,Internal,Music - Keyboard,Bali
26/07/2016 10:03:32,participant 626,participant 626,Wanita,2/10/1996,85000000626,participant626@email.com,Internal,Arts - Percussion,Jakarta
26/07/2016 11:48:50,Participant 453,Participant 453,Wanita,28/12/1997,85000000453,participant453@email.com,Internal,Visual - Makeup,Solo
26/07/2016 11:50:17,Participant 672,Participant 672,Wanita,10/10/2003,85000000672,participant672@email.com,Internal,Vocal - Singer,Wonosari
26/07/2016 14:00:17,Participant 821,Participant 821,Wanita,21/01/1975,85000000821,participant821@email.com,Internal,Vocal - Singer,Wonosari
26/07/2016 21:38:29,Participant 822,Participant 822,Pria,7/6/1989,85000000822,participant822@email.com,Internal,Music - Bass,Bali
27/07/2016 00:28:55,Participant 823,Participant 823,Wanita,11/2/2006,85000000823,participant823@email.com,Internal,Vocal - Singer,Bali
27/07/2016 18:00:02,Participant 824,Participant 824,Wanita,23/09/1972,85000000824,participant824@email.com,Internal,Vocal - Singer,Pekalongan
27/07/2016 18:25:08,Participant 825,Participant 825,Wanita,10/5/2006,85000000825,participant825@email.com,Internal,Arts - Percussion,Semarang
27/07/2016 19:33:09,Participant 827,Participant 827,Wanita,5/9/1985,85000000827,participant827@email.com,Internal,Vocal - Singer,Jakarta
27/07/2016 20:34:03,Participant 828,Participant 828,Pria,17/06/1995,85000000828,participant828@email.com,Internal,Audio - Engineer,Bali
27/07/2016 22:30:13,Participant 829,Participant 829,Wanita,23/07/1968,85000000829,participant829@email.com,Internal,Vocal - Singer,Bali
28/07/2016 08:59:31,Participant 148,Participant 148,Wanita,30/06/1999,85000000148,participant148@email.com,Internal,Arts - Percussion,Solo
28/07/2016 19:22:36,PARTICIPANT 826,PARTICIPANT 826,Wanita,15/08/1997,85000000826,participant826@email.com,Internal,Arts - Percussion,Bali
28/07/2016 20:07:41,Participant 830,Participant 830,Wanita,22/01/1992,85000000830,participant830@email.com,Internal,Audio - Engineer,Solo
28/07/2016 20:17:08,PARTICIPANT 831,PARTICIPANT 831,Pria,23/04/1985,85000000831,participant831@email.com,Internal,Audio - Engineer,Solo
28/07/2016 22:57:45,Participant 832,Participant 832,Wanita,31/03/2008,85000000832,participant832@email.com,Internal,Music - Guitar,Yogyakarta
29/07/2016 13:42:57,Participant 817,Participant 817,Wanita,2/1/1976,85000000817,participant817@email.com,Internal,Vocal - Singer,Jakarta
30/07/2016 08:05:53,Participant 414,Participant 414,Pria,14/11/1980,85000000414,participant414@email.com,Internal,Vocal - Singer,Jakarta
30/07/2016 12:14:35,Participant 833,Participant 833,Wanita,29/01/1998,85000000833,participant833@email.com,Internal,Vocal - Body Voice,Jakarta
30/07/2016 14:42:48,Participant 834,Participant 834,Wanita,14/08/2001,85000000834,participant834@email.com,Internal,Vocal - Choir,Bali
30/07/2016 16:33:09,Participant 833,Participant 833,Wanita,29/01/1998,85000000833,participant833@email.com,Internal,Vocal - Body Voice,Jakarta
30/07/2016 21:34:10,Participant 835,Participant 835,Pria,30/07/2021,85000000835,participant835@email.com,Internal,Audio - Engineer,Bali
31/07/2016 09:00:00,Participant 836,Participant 836,Pria,1/7/1986,85000000836,participant836@email.com,Internal,Vocal - Singer,Yogyakarta
31/07/2016 09:41:43,Participant 837,Participant 837,Wanita,9/2/1990,85000000837,participant837@email.com,Internal,Vocal - Singer,Salatiga
31/07/2016 10:25:26,Participant 249,Participant 249,Wanita,23/02/1971,85000000249,participant249@email.com,Internal,Vocal - Singer,Wonogiri
31/07/2016 15:01:28,Participant 838,Participant 838,Wanita,31/07/2021,85000000838,participant838@email.com,Internal,Arts - Percussion,Yogyakarta
31/07/2016 17:00:19,Participant 839,Participant 839,Wanita,1/7/1993,85000000839,participant839@email.com,Internal,Vocal - Singer,Solo 
31/07/2016 18:22:23,Participant 840,Participant 840,Wanita,3/4/1982,85000000840,participant840@email.com,Internal,Visual - Makeup,Salatiga
31/07/2016 22:37:57,Participant 841,Participant 841,Wanita,8/4/1986,85000000841,participant841@email.com,Internal,Vocal - Singer,Bali
31/07/2016 22:43:35,Participant 842,Participant 842,Wanita,24/03/2009,85000000842,participant842@email.com,Internal,Arts - Percussion,Solo
1/8/2016 11:32,Participant 843,Participant 843,Pria,5/6/1966,85000000843,participant843@email.com,Internal,Audio - Engineer,Tangerang
1/8/2016 11:42,Participant 844,Participant 844,,13/11/1996,85000000844,participant844@email.com,Internal,Vocal - Singer,Jakarta
1/8/2016 14:38,Participant 845,Participant 845,Wanita,1/10/1999,85000000845,participant845@email.com,Internal,Vocal - Singer,Salatiga
1/8/2016 16:28,Participant 846,Participant 846,Wanita,4/10/1996,85000000846,participant846@email.com,Internal,Vocal - Singer,Tangerang
1/8/2016 19:59,participant 847,participant 847,Pria,23/08/2007,85000000847,participant847@email.com,Internal,Vocal - Choir,Bali
1/8/2016 20:17,Participant 519,Participant 519,Wanita,25/12/1998,85000000519,participant519@email.com,Internal,Vocal - Singer,Solo 
1/8/2016 20:24,Participant 665,Participant 665,Wanita,7/5/2021,85000000665,participant665@email.com,Internal,Vocal - Singer,Solo
2/8/2016 8:14,Participant 427,Participant 427,Wanita,7/7/1983,85000000427,participant427@email.com,Internal,Vocal - Choir,Solo
2/8/2016 9:02,Participant 848,Participant 848,Wanita,2/5/2006,85000000848,participant848@email.com,Internal,Arts - Percussion,Semarang
2/8/2016 9:28,Participant 720,Participant 720,Pria,14/05/1995,85000000720,participant720@email.com,Internal,Vocal - Singer,Solo
2/8/2016 10:06,Participant 849,Participant 849,Pria,5/3/2006,85000000849,participant849@email.com,Internal,Arts - Flag,Semarang
2/8/2016 10:13,participant 850,participant 850,Wanita,11/11/2005,85000000850,participant850@email.com,Internal,Arts - Flag,Semarang
2/8/2016 13:24,Participant 851,Participant 851,Wanita,12/9/1998,85000000851,participant851@email.com,Internal,Arts - Percussion,Jakarta
2/8/2016 19:35,Participant 834,Participant 834,Wanita,14/08/2001,85000000834,participant834@email.com,Internal,Vocal - Choir,Bali
2/8/2016 21:16,PARTICIPANT 852,PARTICIPANT 852,Pria,24/09/1992,85000000852,participant852@email.com,Internal,Music - Guitar,Bali
3/8/2016 9:25,Participant 853,Participant 853,Wanita,15/07/1990,85000000853,participant853@email.com,Internal,Arts - Percussion,Tangerang
3/8/2016 11:26,participant 854,participant 854,Pria,28/12/1983,85000000854,participant854@email.com,Internal,Vocal - Singer,Yogyakarta
3/8/2016 12:07,PARTICIPANT 855,PARTICIPANT 855,Wanita,27/02/1992,85000000855,participant855@email.com,Internal,Vocal - Singer,Solo
3/8/2016 16:53,participant 856,participant 856,Pria,28/12/1983,85000000856,participant856@email.com,Internal,Vocal - Singer,Yogyakarta
3/8/2016 17:06,Participant 857,Participant 857,Pria,13/05/2000,85000000857,participant857@email.com,Internal,Vocal - Singer,Bandung
3/8/2016 18:23,Participant 763,Participant 763,Pria,22/06/2001,85000000763,participant763@email.com,Internal,Music - Bass,Yogyakarta
3/8/2016 18:26,Participant 858,Participant 858,Wanita,24/11/1958,85000000858,participant858@email.com,Internal,Vocal - Singer,Ngawi
3/8/2016 18:33,Participant 859,Participant 859,Wanita,6/10/2010,85000000859,participant859@email.com,Internal,Music - Keyboard,Madiun
3/8/2016 18:35,Participant 768,Participant 768,Wanita,17/04/2004,85000000768,participant768@email.com,Internal,Arts - Percussion,Wonogiri
3/8/2016 18:41,Participant 860,Participant 860,Wanita,6/10/2010,85000000860,participant860@email.com,Internal,Music - Keyboard,Bali
3/8/2016 19:33,Participant 861,Participant 861,Wanita,13/02/1989,85000000861,participant861@email.com,Internal,Music - Keyboard,Nias
3/8/2016 19:35,Participant 861,Participant 861,Wanita,13/02/1989,85000000861,participant861@email.com,Internal,Music - Keyboard,Nias
3/8/2016 19:53,Participant 862,Participant 862,Wanita,20/09/2005,85000000862,participant862@email.com,Internal,Vocal - Singer,Bali
3/8/2016 20:14,Participant 836,Participant 836,Pria,1/7/1986,85000000836,participant836@email.com,Internal,Vocal - Singer,Yogyakarta
3/8/2016 21:17,Participant 863,Participant 863,Wanita,12/10/1994,85000000863,participant863@email.com,Internal,Music - Keyboard,Bandung
3/8/2016 21:56,PARTICIPANT 864,PARTICIPANT 864,Pria,23/06/2004,85000000864,participant864@email.com,Internal,Music - Drum,Bali
3/8/2016 22:20,participant 499,participant 499,Wanita,14/06/1999,85000000499,participant499@email.com,Internal,Arts - Percussion,Solo
4/8/2016 6:49,Participant 865,Participant 865,Wanita,29/05/2003,85000000865,participant865@email.com,Internal,Vocal - Singer,Solo
4/8/2016 12:14,Participant 148,Participant 148,Wanita,30/06/1999,85000000148,participant148@email.com,Internal,Arts - Percussion,Solo
4/8/2016 12:16,Participant 148,Participant 148,Wanita,30/06/1999,85000000148,participant148@email.com,Internal,Arts - Percussion,Solo
4/8/2016 13:17,Participant 866,Participant 866,Pria,7/1/1993,85000000866,participant866@email.com,Internal,Music - Keyboard,Jakarta
4/8/2016 17:46,Participant 645,Participant 645,Wanita,30/05/1982,85000000645,participant645@email.com,Internal,Vocal - Singer,Solo
6/1/2017 16:25,Participant 2559,Participant 2559,Wanita,10/4/1996,85000002559,participant2559@email.com,Internal,Vocal - Singer,Yogyakarta
6/1/2017 16:26,Participant 2560,Participant 2560,Pria,2/12/1982,85000002560,participant2560@email.com,Internal,Audio - Engineer,Yogyakarta
6/1/2017 16:37,participant 2561,participant 2561,Wanita,26/04/1990,85000002561,participant2561@email.com,Internal,Arts - Movement,Yogyakarta
6/1/2017 16:41,Participant 2562,Participant 2562,Wanita,2/12/1991,85000002562,participant2562@email.com,Internal,Vocal - Body Voice,Yogyakarta
6/1/2017 16:49,participant 2563,participant 2563,Pria,9/1/1991,85000002563,participant2563@email.com,Internal,Arts - Movement,Yogyakarta
6/1/2017 16:55,Participant 966,Participant 966,Wanita,18/11/1991,85000000966,participant966@email.com,Internal,Vocal - Singer,Yogyakarta (Open Class)
6/1/2017 16:58,Participant 2564,Participant 2564,Pria,23/03/1990,85000002564,participant2564@email.com,Internal,Vocal - Singer,Yogyakarta
6/1/2017 17:11,Participant 2565,Participant 2565,Pria,9/8/1990,85000002565,participant2565@email.com,Internal,Vocal - Body Voice,Yogyakarta
6/1/2017 17:36,Participant 2566,Participant 2566,Pria,3/3/1987,85000002566,participant2566@email.com,Internal,Music - Drum,Yogyakarta
6/1/2017 18:04,Participant 2567,Participant 2567,Wanita,10/7/1998,85000002567,participant2567@email.com,Internal,Vocal - Body Voice,Yogyakarta
6/1/2017 18:14,Participant 2568,Participant 2568,Wanita,13/05/1998,85000002568,participant2568@email.com,Internal,Vocal - Singer,Yogyakarta
6/1/2017 18:16,Participant 2560,Participant 2560,Pria,2/12/1982,85000002560,participant2560@email.com,Internal,Audio - Engineer,Yogyakarta
6/1/2017 19:13,Participant 2569,Participant 2569,Wanita,14/03/1984,85000002569,participant2569@email.com,Internal,Music - Guitar,Yogyakarta
6/1/2017 19:22,PARTICIPANT 2570,PARTICIPANT 2570,Pria,19/01/2017,85000002570,participant2570@email.com,Internal,Music - Bass,Yogyakarta
6/1/2017 19:32,Participant 2571,Participant 2571,Wanita,10/10/1984,85000002571,participant2571@email.com,Internal,Arts - Percussion,Yogyakarta
6/1/2017 21:31,Participant 2572,Participant 2572,Pria,24/03/1997,85000002572,participant2572@email.com,Internal,Music - Keyboard,Yogyakarta
6/1/2017 21:32,Participant 2572,Participant 2572,Pria,24/03/1997,85000002572,participant2572@email.com,Internal,Music - Keyboard,Yogyakarta
6/1/2017 22:04,Participant 2573,Participant 2573,Pria,20/04/1983,85000002573,participant2573@email.com,Internal,Music - Drum,Yogyakarta
6/1/2017 22:43,Participant 2574,Participant 2574,Wanita,9/11/1997,85000002574,participant2574@email.com,Internal,Arts - Percussion,Yogyakarta
6/1/2017 22:43,Participant 2575,Participant 2575,Pria,19/07/2000,85000002575,participant2575@email.com,Internal,Music - Guitar,Yogyakarta
6/1/2017 22:49,Participant 2576,Participant 2576,Wanita,17/11/1992,85000002576,participant2576@email.com,Internal,Arts - Percussion,Yogyakarta
6/1/2017 23:00,Participant 2577,Participant 2577,Wanita,5/2/1995,85000002577,participant2577@email.com,Internal,Vocal - Singer,Yogyakarta
6/1/2017 23:06,participant 1975,participant 1975,Pria,26/10/1977,85000001975,participant1975@email.com,Internal,Vocal - Singer,Jakarta (Open Class)
7/1/2017 2:34,Participant 2578,Participant 2578,Wanita,10/11/1994,85000002578,participant2578@email.com,Internal,Vocal - Singer,Yogyakarta
7/1/2017 7:17,Participant 2579,Participant 2579,Wanita,14/12/1992,85000002579,participant2579@email.com,Internal,Vocal - Singer,Yogyakarta
7/1/2017 8:38,Participant 2568,Participant 2568,Wanita,13/05/1998,85000002568,participant2568@email.com,Internal,Vocal - Singer,Yogyakarta
7/1/2017 10:15,Participant 2580,Participant 2580,Wanita,26/05/2017,85000002580,participant2580@email.com,Internal,Music - Drum,Yogyakarta
7/1/2017 12:55,Participant 2568,Participant 2568,Wanita,13/05/1998,85000002568,participant2568@email.com,Internal,Vocal - Singer,Yogyakarta
7/1/2017 20:36,Participant 2581,Participant 2581,Wanita,25/10/1994,85000002581,participant2581@email.com,Internal,Vocal - Singer,Yogyakarta
7/1/2017 22:04,Participant 2582,Participant 2582,Pria,22/11/1998,85000002582,participant2582@email.com,Internal,Music - Bass,Yogyakarta
8/1/2017 8:19,Participant 2583,Participant 2583,Pria,12/5/1995,85000002583,participant2583@email.com,Internal,Music - Drum,Yogyakarta
8/1/2017 9:54,Participant 2584,Participant 2584,Wanita,17/09/1999,85000002584,participant2584@email.com,Internal,Vocal - Choir,Yogyakarta
8/1/2017 12:08,Participant 2585,Participant 2585,Pria,30/09/1993,85000002585,participant2585@email.com,Internal,Audio - Engineer,Yogyakarta
8/1/2017 12:22,Participant 2586,Participant 2586,Pria,31/03/1996,85000002586,participant2586@email.com,Internal,Music - Keyboard,Yogyakarta
8/1/2017 14:02,Participant 2587,Participant 2587,Wanita,28/11/1992,85000002587,participant2587@email.com,Internal,Arts - Percussion,Yogyakarta
8/1/2017 14:13,Participant 2588,Participant 2588,Wanita,19/02/1990,85000002588,participant2588@email.com,Internal,Vocal - Singer,Yogyakarta
8/1/2017 16:18,Participant 2589,Participant 2589,Wanita,22/09/1997,85000002589,participant2589@email.com,Internal,Vocal - Singer,Yogyakarta
8/1/2017 18:41,Participant 2590,Participant 2590,Wanita,2/12/1994,85000002590,participant2590@email.com,Internal,Music - Guitar,Yogyakarta
8/1/2017 18:44,Participant 2591,Participant 2591,Wanita,30/08/1997,85000002591,participant2591@email.com,Internal,Arts - Percussion,Yogyakarta
8/1/2017 20:25,Participant 2592,Participant 2592,Wanita,26/01/1995,85000002592,participant2592@email.com,Internal,Vocal - Body Voice,Yogyakarta
8/1/2017 20:46,Participant 2588,Participant 2588,Wanita,19/02/1990,85000002588,participant2588@email.com,Internal,Vocal - Singer,Yogyakarta
8/1/2017 21:41,Participant 2593,Participant 2593,Wanita,29/11/1997,85000002593,participant2593@email.com,Internal,Vocal - Singer,Yogyakarta
9/1/2017 0:01,Participant 2594,Participant 2594,Wanita,04/06/1898,85000002594,participant2594@email.com,Internal,Vocal - Singer,Yogyakarta
9/1/2017 9:13,Participant 2592,Participant 2592,Wanita,26/01/1995,85000002592,participant2592@email.com,Internal,Vocal - Body Voice,Yogyakarta
9/1/2017 9:54,Participant 2583,Participant 2583,Pria,12/5/1995,85000002583,participant2583@email.com,Internal,Music - Drum,Yogyakarta
9/1/2017 10:46,Participant 2595,Participant 2595,Wanita,4/8/1998,85000002595,participant2595@email.com,Internal,Arts - Percussion,Yogyakarta
9/1/2017 13:26,Participant 2596,Participant 2596,Wanita,14/01/1997,85000002596,participant2596@email.com,Internal,Arts - Percussion,Yogyakarta
9/1/2017 13:40,Participant 2597,Participant 2597,Wanita,14/12/1974,85000002597,participant2597@email.com,Internal,Vocal - Singer,Yogyakarta
9/1/2017 15:42,Participant 2598,Participant 2598,Pria,7/12/1996,85000002598,participant2598@email.com,Internal,Vocal - Singer,Yogyakarta
9/1/2017 17:55,Participant 2596,Participant 2596,Wanita,14/01/1997,85000002596,participant2596@email.com,Internal,Arts - Percussion,Yogyakarta
9/1/2017 21:56,Participant 2599,Participant 2599,Wanita,9/4/1997,85000002599,participant2599@email.com,Internal,Music - Drum,Yogyakarta
10/1/2017 6:13,Participant 1992,Participant 1992,Pria,22/04/2002,85000001992,participant1992@email.com,Internal,Vocal - Singer,Yogyakarta (Open Class)
10/1/2017 9:26,Participant 2600,Participant 2600,Pria,12/6/1989,85000002600,participant2600@email.com,Internal,Vocal - Singer,Yogyakarta
10/1/2017 10:49,Participant 2601,Participant 2601,Pria,14/05/1992,85000002601,participant2601@email.com,Internal,Vocal - Singer,Yogyakarta
10/1/2017 17:50,Participant 2602,Participant 2602,Pria,3/9/1992,85000002602,participant2602@email.com,Internal,Music - Drum,Yogyakarta
10/1/2017 17:50,Participant 2603,Participant 2603,Wanita,6/4/1995,85000002603,participant2603@email.com,Internal,Vocal - Singer,Yogyakarta
10/1/2017 17:57,Participant 2604,Participant 2604,Wanita,31/07/1998,85000002604,participant2604@email.com,Internal,Vocal - Choir,Yogyakarta
10/1/2017 20:19,Participant 1341,Participant 1341,Pria,8/1/1999,85000001341,participant1341@email.com,Internal,Vocal - Singer,Yogyakarta (Open Class)
11/1/2017 0:25,Participant 1676,Participant 1676,Pria,21/06/1995,85000001676,participant1676@email.com,Internal,Music - Drum,Jakarta (Open Class)
11/1/2017 11:45,Participant 2605,Participant 2605,Wanita,3/9/1996,85000002605,participant2605@email.com,Internal,Arts - Percussion,Yogyakarta
11/1/2017 12:11,Participant 2606,Participant 2606,Wanita,6/4/1993,85000002606,participant2606@email.com,Internal,Vocal - Singer,Yogyakarta
11/1/2017 13:16,Participant 2607,Participant 2607,Wanita,23/12/1990,85000002607,participant2607@email.com,Internal,Arts - Movement,Yogyakarta
11/1/2017 19:05,Participant 2608,Participant 2608,Wanita,29/12/2001,85000002608,participant2608@email.com,Internal,Arts - Percussion,Yogyakarta
11/1/2017 19:13,Participant 2609,Participant 2609,Wanita,11/8/1997,85000002609,participant2609@email.com,Internal,Vocal - Singer,Yogyakarta
11/1/2017 19:34,Participant 2610,Participant 2610,Wanita,24/01/1998,85000002610,participant2610@email.com,Internal,Vocal - Choir,Yogyakarta
11/1/2017 19:37,Participant 2611,Participant 2611,Pria,25/07/1995,85000002611,participant2611@email.com,Internal,Music - Bass,Yogyakarta
11/1/2017 19:40,Participant 2612,Participant 2612,Pria,6/8/1995,85000002612,participant2612@email.com,Internal,Music - Guitar,Yogyakarta
11/1/2017 19:40,Participant 2613,Participant 2613,Pria,3/12/1994,85000002613,participant2613@email.com,Internal,Music - Drum,Yogyakarta
11/1/2017 19:44,Participant 2613,Participant 2613,Pria,3/12/1994,85000002613,participant2613@email.com,Internal,Music - Drum,Yogyakarta
11/1/2017 21:10,participant 2614,participant 2614,Wanita,27/01/1997,85000002614,participant2614@email.com,Internal,Arts - Percussion,Yogyakarta
11/1/2017 21:38,Participant 2615,Participant 2615,Wanita,16/04/1997,85000002615,participant2615@email.com,Internal,Music - Keyboard,Yogyakarta
11/1/2017 21:41,Participant 2616,Participant 2616,Pria,28/10/1996,85000002616,participant2616@email.com,Internal,Vocal - Choir,Yogyakarta
12/1/2017 15:08,participant 2607,participant 2607,Wanita,23/01/2017,85000002607,participant2607@email.com,Internal,Arts - Movement,Yogyakarta
12/1/2017 15:46,participant 2607,participant 2607,Wanita,23/12/1990,85000002607,participant2607@email.com,Internal,Arts - Movement,Yogyakarta
12/1/2017 16:24,Participant 2617,Participant 2617,Pria,12/2/1996,85000002617,participant2617@email.com,Internal,Music - Keyboard,Yogyakarta
12/1/2017 19:13,Participant 2618,Participant 2618,Wanita,29/10/1995,85000002618,participant2618@email.com,Internal,Vocal - Singer,Yogyakarta
12/1/2017 19:29,Participant 2619,Participant 2619,Pria,12/8/1997,85000002619,participant2619@email.com,Internal,Vocal - Singer,Yogyakarta
12/1/2017 19:35,Participant 2620,Participant 2620,Wanita,25/01/1998,85000002620,participant2620@email.com,Internal,Vocal - Singer,Yogyakarta
12/1/2017 20:17,Participant 2621,Participant 2621,Wanita,5/2/1990,85000002621,participant2621@email.com,Internal,Vocal - Body Voice,Yogyakarta
12/1/2017 20:59,PARTICIPANT 2622,PARTICIPANT 2622,Pria,6/5/1983,85000002622,participant2622@email.com,Internal,Audio - Engineer,Yogyakarta
12/1/2017 21:10,Participant 2623,Participant 2623,Wanita,22/10/1973,85000002623,participant2623@email.com,Internal,Vocal - Body Voice,Yogyakarta
12/1/2017 21:12,participant 2624,participant 2624,Wanita,3/3/1998,85000002624,participant2624@email.com,Internal,Vocal - Singer,Yogyakarta
12/1/2017 21:12,Participant 2623,Participant 2623,Wanita,22/10/1973,85000002623,participant2623@email.com,Internal,Vocal - Body Voice,Yogyakarta
12/1/2017 21:14,PARTICIPANT 2625,PARTICIPANT 2625,Wanita,1/5/1986,85000002625,participant2625@email.com,Internal,Arts - Percussion,Yogyakarta
12/1/2017 21:21,Participant 2626,Participant 2626,Wanita,31/07/1981,85000002626,participant2626@email.com,Internal,Vocal - Body Voice,Yogyakarta
12/1/2017 21:34,Participant 2627,Participant 2627,Wanita,7/2/1998,85000002627,participant2627@email.com,Internal,Arts - Percussion,Yogyakarta
12/1/2017 21:43,Participant 2628,Participant 2628,Wanita,20/08/2001,85000002628,participant2628@email.com,Internal,Vocal - Body Voice,Yogyakarta
12/1/2017 22:41,Participant 2629,Participant 2629,Wanita,31/01/1997,85000002629,participant2629@email.com,Internal,Arts - Percussion,Yogyakarta
12/1/2017 22:41,Participant 2630,Participant 2630,Wanita,17/09/1995,85000002630,participant2630@email.com,Internal,Arts - Movement,Yogyakarta
12/1/2017 22:46,Participant 2631,Participant 2631,Wanita,19/03/1997,85000002631,participant2631@email.com,Internal,Vocal - Singer,Yogyakarta
13/01/2017 12:00:34,Participant 2632,Participant 2632,Wanita,27/06/1998,85000002632,participant2632@email.com,Internal,Arts - Percussion,Yogyakarta
13/01/2017 18:22:24,Participant 2633,Participant 2633,Wanita,15/11/1995,85000002633,participant2633@email.com,Internal,Vocal - Singer,Yogyakarta
13/01/2017 19:09:56,Participant 2634,Participant 2634,Wanita,14/08/1996,85000002634,participant2634@email.com,Internal,Vocal - Singer,Yogyakarta
13/01/2017 20:16:12,Participant 2635,Participant 2635,Wanita,6/11/1989,85000002635,participant2635@email.com,Internal,Vocal - Body Voice,Yogyakarta
13/01/2017 21:50:11,Participant 2636,Participant 2636,Pria,8/9/1996,85000002636,participant2636@email.com,Internal,Music - Guitar,Yogyakarta
13/01/2017 23:57:36,Participant 2637,Participant 2637,Wanita,17/10/1993,85000002637,participant2637@email.com,Internal,Vocal - Singer,Yogyakarta
13/01/2017 23:58:14,participant 2638,participant 2638,Pria,3/10/1994,85000002638,participant2638@email.com,Internal,Music - Drum,Yogyakarta
14/01/2017 00:06:19,participant 2639,participant 2639,Pria,30/04/1996,85000002639,participant2639@email.com,Internal,Music - Drum,Yogyakarta
14/01/2017 00:36:51,Participant 2640,Participant 2640,Pria,16/02/1994,85000002640,participant2640@email.com,Internal,Music - Keyboard,Yogyakarta
14/01/2017 00:39:27,Participant 2640,Participant 2640,Pria,16/02/1994,85000002640,participant2640@email.com,Internal,Music - Keyboard,Yogyakarta
14/01/2017 00:43:53,Participant 2590,Participant 2590,Wanita,2/12/1994,85000002590,participant2590@email.com,Internal,Music - Guitar,Yogyakarta
14/01/2017 06:14:23,Participant 2641,Participant 2641,Wanita,16/04/1984,85000002641,participant2641@email.com,Internal,Vocal - Choir,Yogyakarta
14/01/2017 07:23:32,Participant 265,Participant 265,Pria,28/07/1986,85000000265,participant265@email.com,Internal,Vocal - Choir,Yogyakarta
14/01/2017 07:24:24,Participant 265,Participant 265,Pria,28/07/1986,85000000265,participant265@email.com,Internal,Vocal - Choir,Yogyakarta
14/01/2017 15:43:19,Participant 2642,Participant 2642,Wanita,5/5/1998,85000002642,participant2642@email.com,Internal,Vocal - Body Voice,Yogyakarta
14/01/2017 18:49:15,Participant 2643,Participant 2643,Wanita,4/2/1960,85000002643,participant2643@email.com,Internal,Vocal - Body Voice,Yogyakarta
14/01/2017 19:31:59,Participant 2644,Participant 2644,Wanita,4/6/2000,85000002644,participant2644@email.com,Internal,Vocal - Singer,Yogyakarta
15/01/2017 13:07:33,Participant 2645,Participant 2645,Wanita,20/02/1994,85000002645,participant2645@email.com,Internal,Vocal - Singer,Yogyakarta
15/01/2017 14:50:18,Participant 2646,Participant 2646,Wanita,2/7/1997,85000002646,participant2646@email.com,Internal,Vocal - Singer,Yogyakarta
15/01/2017 15:02:34,Participant 2647,Participant 2647,Wanita,2/5/2002,85000002647,participant2647@email.com,Internal,Vocal - Singer,Yogyakarta
15/01/2017 18:13:59,participant 2648,participant 2648,Pria,5/3/1997,85000002648,participant2648@email.com,Internal,Vocal - Singer,Yogyakarta
15/01/2017 18:27:32,participant 2649,participant 2649,Wanita,4/6/2000,85000002649,participant2649@email.com,Internal,Vocal - Singer,Yogyakarta
15/01/2017 18:29:34,participant 2650,participant 2650,Wanita,28/05/2001,85000002650,participant2650@email.com,Internal,Vocal - Singer,Yogyakarta
15/01/2017 19:12:20,Participant 2651,Participant 2651,Pria,24/08/1992,85000002651,participant2651@email.com,Internal,Vocal - Singer,Yogyakarta
15/01/2017 20:21:48,Participant 2652,Participant 2652,Wanita,24/05/1996,85000002652,participant2652@email.com,Internal,Vocal - Singer,Yogyakarta
15/01/2017 20:24:30,Participant 2653,Participant 2653,Pria,28/08/1993,85000002653,participant2653@email.com,Internal,Music - Bass,Yogyakarta
15/01/2017 21:03:10,Participant 2654,Participant 2654,Wanita,12/11/1993,85000002654,participant2654@email.com,Internal,Vocal - Singer,Yogyakarta
15/01/2017 21:22:22,Participant 2655,Participant 2655,Pria,23/10/1998,85000002655,participant2655@email.com,Internal,Music - Guitar,Yogyakarta
15/01/2017 21:45:29,Participant 2656,Participant 2656,Wanita,25/11/1990,85000002656,participant2656@email.com,Internal,Vocal - Body Voice,Yogyakarta
15/01/2017 21:51:24,Participant 2657,Participant 2657,Pria,30/06/2017,85000002657,participant2657@email.com,Internal,Vocal - Singer,Yogyakarta
15/01/2017 22:09:53,participant 2658,participant 2658,Wanita,10/7/1975,85000002658,participant2658@email.com,Internal,Vocal - Body Voice,Yogyakarta
15/01/2017 22:10:24,participant 2658,participant 2658,Wanita,10/7/1975,85000002658,participant2658@email.com,Internal,Vocal - Body Voice,Yogyakarta
15/01/2017 22:21:45,Participant 2659,Participant 2659,Wanita,18/03/2017,85000002659,participant2659@email.com,Internal,Arts - Percussion,Yogyakarta
16/01/2017 00:25:54,Participant 2660,Participant 2660,Wanita,11/6/1996,85000002660,participant2660@email.com,Internal,Vocal - Singer,Yogyakarta
16/01/2017 08:48:15,participant 2661,participant 2661,Wanita,19/07/1979,85000002661,participant2661@email.com,Internal,Vocal - Singer,Yogyakarta
16/01/2017 09:54:23,Participant 2662,Participant 2662,Pria,5/10/1995,85000002662,participant2662@email.com,Internal,Music - Bass,Yogyakarta
16/01/2017 11:14:36,Participant 2576,Participant 2576,Wanita,17/11/1992,85000002576,participant2576@email.com,Internal,Arts - Percussion,Yogyakarta
16/01/2017 11:23:08,Participant 2663,Participant 2663,Pria,14/01/2005,85000002663,participant2663@email.com,Internal,Music - Drum,Yogyakarta
16/01/2017 11:24:50,Participant 2664,Participant 2664,Wanita,10/1/1996,85000002664,participant2664@email.com,Internal,Music - Drum,Yogyakarta
16/01/2017 12:10:35,Participant 2665,Participant 2665,Pria,4/12/1998,85000002665,participant2665@email.com,Internal,Vocal - Singer,Yogyakarta
16/01/2017 12:37:42,Participant 2666,Participant 2666,Pria,16/12/1986,85000002666,participant2666@email.com,Internal,Vocal - Singer,Yogyakarta
16/01/2017 15:24:10,PARTICIPANT 2667,PARTICIPANT 2667,Wanita,16/01/1985,85000002667,participant2667@email.com,Internal,Vocal - Body Voice,Yogyakarta
16/01/2017 15:25:17,Participant 2668,Participant 2668,Pria,15/06/2001,85000002668,participant2668@email.com,Internal,Music - Keyboard,Yogyakarta
16/01/2017 15:27:15,PARTICIPANT 2669,PARTICIPANT 2669,Wanita,25/10/1992,85000002669,participant2669@email.com,Internal,Vocal - Singer,Yogyakarta
16/01/2017 15:39:52,Participant 2670,Participant 2670,Wanita,7/10/1993,85000002670,participant2670@email.com,Internal,Vocal - Body Voice,Yogyakarta
16/01/2017 15:50:20,Participant 2671,Participant 2671,Pria,21/12/1992,85000002671,participant2671@email.com,Internal,Music - Drum,Yogyakarta
16/01/2017 15:50:55,Participant 2672,Participant 2672,Wanita,13/04/1978,85000002672,participant2672@email.com,Internal,Vocal - Body Voice,Yogyakarta
16/01/2017 15:51:52,Participant 2673,Participant 2673,Wanita,14/02/1984,85000002673,participant2673@email.com,Internal,Vocal - Singer,Yogyakarta
16/01/2017 16:09:29,Participant 1966,Participant 1966,Pria,22/05/2003,85000001966,participant1966@email.com,Internal,Music - Drum,Yogyakarta (Open Class)
16/01/2017 16:12:42,Participant 2674,Participant 2674,Wanita,25/06/1967,85000002674,participant2674@email.com,Internal,Vocal - Body Voice,Yogyakarta
16/01/2017 16:14:14,Participant 2675,Participant 2675,Wanita,7/5/1973,85000002675,participant2675@email.com,Internal,Vocal - Singer,Yogyakarta
16/01/2017 16:23:46,Participant 2676,Participant 2676,Wanita,11/9/1981,85000002676,participant2676@email.com,Internal,Music - Keyboard,Yogyakarta
16/01/2017 16:45:44,Participant 2677,Participant 2677,Wanita,13/03/1993,85000002677,participant2677@email.com,Internal,Arts - Percussion,Yogyakarta
16/01/2017 17:16:47,participant 2678,participant 2678,Pria,23/04/1987,85000002678,participant2678@email.com,Internal,Vocal - Singer,Yogyakarta
16/01/2017 17:44:29,Participant 2679,Participant 2679,Wanita,5/6/1997,85000002679,participant2679@email.com,Internal,Vocal - Body Voice,Yogyakarta
16/01/2017 18:44:23,Participant 2680,Participant 2680,Pria,24/02/1997,85000002680,participant2680@email.com,Internal,Music - Keyboard,Yogyakarta
16/01/2017 18:47:28,Participant 2680,Participant 2680,Pria,24/02/1997,85000002680,participant2680@email.com,Internal,Music - Keyboard,Yogyakarta
16/01/2017 18:59:26,Participant 2681,Participant 2681,Pria,28/04/2017,85000002681,participant2681@email.com,Internal,Music - Drum,Yogyakarta
16/01/2017 19:38:17,participant 2682,participant 2682,Wanita,5/1/1995,85000002682,participant2682@email.com,Internal,Vocal - Body Voice,Yogyakarta
16/01/2017 19:42:30,Participant 2683,Participant 2683,Wanita,31/03/1977,85000002683,participant2683@email.com,Internal,Vocal - Body Voice,Yogyakarta
16/01/2017 20:30:02,Participant 2684,Participant 2684,Wanita,16/06/1996,85000002684,participant2684@email.com,Internal,Vocal - Body Voice,Yogyakarta
16/01/2017 22:27:31,Participant 2685,Participant 2685,Pria,26/06/1997,85000002685,participant2685@email.com,Internal,Vocal - Body Voice,Yogyakarta
16/01/2017 22:58:09,Participant 2686,Participant 2686,Wanita,17/12/1975,85000002686,participant2686@email.com,Internal,Vocal - Singer,Yogyakarta
16/01/2017 23:23:29,Participant 2687,Participant 2687,Wanita,13/02/1987,85000002687,participant2687@email.com,Internal,Vocal - Body Voice,Yogyakarta
17/01/2017 07:06:55,Participant 2688,Participant 2688,Pria,13/05/1997,85000002688,participant2688@email.com,Internal,Audio - Engineer,Yogyakarta
17/01/2017 08:03:41,Participant 2689,Participant 2689,Wanita,12/6/1994,85000002689,participant2689@email.com,Internal,Music - Keyboard,Yogyakarta
17/01/2017 08:07:42,PARTICIPANT 2480,PARTICIPANT 2480,Wanita,20/07/1982,85000002480,participant2480@email.com,Internal,Vocal - Choir,Yogyakarta
17/01/2017 09:02:20,Participant 2689,Participant 2689,Wanita,12/6/1994,85000002689,participant2689@email.com,Internal,Music - Keyboard,Yogyakarta
17/01/2017 09:39:34,participant 905,participant 905,Wanita,1/12/1997,85000000905,participant905@email.com,Internal,Vocal - Singer,Yogyakarta (Open Class)
17/01/2017 09:43:01,Participant 2690,Participant 2690,Pria,7/11/1989,85000002690,participant2690@email.com,Internal,Vocal - Singer,Yogyakarta
17/01/2017 09:53:01,Participant 2595,Participant 2595,Wanita,4/8/1998,85000002595,participant2595@email.com,Internal,Arts - Percussion,Yogyakarta
17/01/2017 09:54:53,Participant 2691,Participant 2691,Pria,3/3/2016,85000002691,participant2691@email.com,Internal,Vocal - Singer,Yogyakarta
17/01/2017 10:10:53,Participant 2692,Participant 2692,Wanita,30/04/1998,85000002692,participant2692@email.com,Internal,Vocal - Singer,Yogyakarta
17/01/2017 11:21:24,Participant 2693,Participant 2693,Pria,20/11/1998,85000002693,participant2693@email.com,Internal,Music - Bass,Yogyakarta
17/01/2017 12:02:27,Participant 2694,Participant 2694,Pria,21/09/1998,85000002694,participant2694@email.com,Internal,Music - Keyboard,Yogyakarta
17/01/2017 12:53:39,Participant 1966,Participant 1966,Pria,22/05/2003,85000001966,participant1966@email.com,Internal,Music - Drum,Yogyakarta (Open Class)
17/01/2017 13:07:04,Participant 2358,Participant 2358,Pria,31/01/1993,85000002358,participant2358@email.com,Internal,Audio - Engineer,Yogyakarta (Open Class)
17/01/2017 14:01:09,participant 2695,participant 2695,Pria,27/07/2000,85000002695,participant2695@email.com,Internal,Music - Guitar,Yogyakarta
17/01/2017 14:19:35,Participant 2696,Participant 2696,Wanita,25/04/1998,85000002696,participant2696@email.com,Internal,Music - Keyboard,Yogyakarta
17/01/2017 15:18:23,PARTICIPANT 2697,PARTICIPANT 2697,Pria,17/01/1996,85000002697,participant2697@email.com,Internal,Vocal - Body Voice,Yogyakarta
17/01/2017 15:19:43,PARTICIPANT 2698,PARTICIPANT 2698,Wanita,18/12/1973,85000002698,participant2698@email.com,Internal,Vocal - Body Voice,Yogyakarta
17/01/2017 15:23:30,PARTICIPANT 2699,PARTICIPANT 2699,Wanita,21/09/1971,85000002699,participant2699@email.com,Internal,Vocal - Body Voice,Yogyakarta
17/01/2017 15:58:03,Participant 2700,Participant 2700,Pria,19/01/2017,85000002700,participant2700@email.com,Internal,Vocal - Singer,Yogyakarta
17/01/2017 17:38:39,Participant 2701,Participant 2701,Pria,10/9/2017,85000002701,participant2701@email.com,Internal,Audio - Engineer,Yogyakarta
17/01/2017 18:43:55,Participant 2702,Participant 2702,Wanita,19/05/1993,85000002702,participant2702@email.com,Internal,Vocal - Singer,Yogyakarta
17/01/2017 19:04:02,Participant 2703,Participant 2703,Wanita,17/01/2017,85000002703,participant2703@email.com,Internal,Arts - Percussion,Yogyakarta
17/01/2017 19:41:24,Participant 2704,Participant 2704,Pria,22/06/1993,85000002704,participant2704@email.com,Internal,Music - Guitar,Yogyakarta
17/01/2017 21:19:27,Participant 2705,Participant 2705,Wanita,23/08/1995,85000002705,participant2705@email.com,Internal,Vocal - Singer,Yogyakarta
17/01/2017 21:59:07,Participant 2706,Participant 2706,Pria,10/2/1997,85000002706,participant2706@email.com,Internal,Music - Keyboard,Yogyakarta
17/01/2017 22:33:21,Participant 2647,Participant 2647,Wanita,2/5/2002,85000002647,participant2647@email.com,Internal,Vocal - Singer,Yogyakarta
17/01/2017 23:02:54,Participant 2707,Participant 2707,Wanita,20/05/2001,85000002707,participant2707@email.com,Internal,Vocal - Singer,Yogyakarta
17/01/2017 23:18:20,Participant 2708,Participant 2708,Wanita,24/04/1998,85000002708,participant2708@email.com,Internal,Vocal - Singer,Yogyakarta
17/01/2017 23:41:31,Participant 2653,Participant 2653,Pria,28/08/1993,85000002653,participant2653@email.com,Internal,Music - Bass,Yogyakarta
18/01/2017 00:03:54,Participant 2709,Participant 2709,Wanita,13/01/1998,85000002709,participant2709@email.com,Internal,Music - Keyboard,Yogyakarta
18/01/2017 07:38:42,Participant 2710,Participant 2710,Wanita,17/02/1991,85000002710,participant2710@email.com,Internal,Vocal - Choir,Yogyakarta
18/01/2017 10:36:33,Participant 2711,Participant 2711,Wanita,21/10/1995,85000002711,participant2711@email.com,Internal,Vocal - Singer,Yogyakarta
18/01/2017 10:50:07,PARTICIPANT 2712,PARTICIPANT 2712,Wanita,3/12/1995,85000002712,participant2712@email.com,Internal,Vocal - Singer,Yogyakarta
18/01/2017 12:37:21,Participant 2713,Participant 2713,Wanita,1/7/1955,85000002713,participant2713@email.com,Internal,Vocal - Body Voice,Yogyakarta
18/01/2017 12:39:39,Participant 2714,Participant 2714,Pria,26/05/1981,85000002714,participant2714@email.com,Internal,Audio - Engineer,Yogyakarta
18/01/2017 12:42:30,PARTICIPANT 2715,PARTICIPANT 2715,Pria,11/4/1996,85000002715,participant2715@email.com,Internal,Music - Keyboard,Yogyakarta
18/01/2017 13:40:05,Participant 2716,Participant 2716,Wanita,1/10/2001,85000002716,participant2716@email.com,Internal,Arts - Percussion,Yogyakarta
18/01/2017 14:31:06,Participant 2717,Participant 2717,Pria,20/08/1994,85000002717,participant2717@email.com,Internal,Music - Guitar,Yogyakarta
18/01/2017 14:35:00,Participant 2718,Participant 2718,Wanita,21/07/1997,85000002718,participant2718@email.com,Internal,Arts - Percussion,Yogyakarta
18/01/2017 16:24:32,Participant 2656,Participant 2656,Wanita,25/11/1990,85000002656,participant2656@email.com,Internal,Vocal - Body Voice,Yogyakarta
18/01/2017 16:35:15,Participant 2719,Participant 2719,Wanita,29/06/2000,85000002719,participant2719@email.com,Internal,Arts - Percussion,Yogyakarta
18/01/2017 16:36:01,Participant 2719,Participant 2719,Wanita,29/06/2000,85000002719,participant2719@email.com,Internal,Arts - Percussion,Yogyakarta
18/01/2017 19:27:45,Participant 2720,Participant 2720,Pria,14/02/1997,85000002720,participant2720@email.com,Internal,Music - Guitar,Yogyakarta
18/01/2017 19:52:44,Participant 2721,Participant 2721,Pria,17/04/1996,85000002721,participant2721@email.com,Internal,Music - Drum,Yogyakarta
18/01/2017 19:56:16,Participant 2721,Participant 2721,Pria,17/04/1996,85000002721,participant2721@email.com,Internal,Music - Drum,Yogyakarta
18/01/2017 20:35:11,Participant 2722,Participant 2722,Wanita,4/9/1997,85000002722,participant2722@email.com,Internal,Arts - Percussion,Yogyakarta
18/01/2017 20:43:40,Participant 2723,Participant 2723,Pria,18/04/1988,85000002723,participant2723@email.com,Internal,Music - Keyboard,Yogyakarta
18/01/2017 21:59:02,Participant 2724,Participant 2724,Wanita,18/11/1997,85000002724,participant2724@email.com,Internal,Arts - Percussion,Yogyakarta
20/01/2017 13:58:21,Participant 325,Participant 325,Pria,20/01/2022,85000000325,participant325@email.com,Internal,Arts - Flag,Samarinda
20/01/2017 13:59:17,Participant 413,Participant 413,Pria,20/01/2022,85000000413,participant413@email.com,Internal,Arts - Flag,Jakarta
20/01/2017 14:03:54,Participant 868,Participant 868,Pria,5/8/1976,85000000868,participant868@email.com,Internal,Music - Guitar,Solo (Open Class)
20/01/2017 14:11:52,Participant 869,Participant 869,Pria,6/9/2005,85000000869,participant869@email.com,Internal,Vocal - Singer,Magelang
20/01/2017 14:13:39,Participant 870,Participant 870,Pria,7/9/2006,85000000870,participant870@email.com,Internal,Music - Guitar,Solo (Open Class)
20/01/2017 14:15:35,Participant 871,Participant 871,Wanita,22/06/1992,85000000871,participant871@email.com,Internal,Vocal - Singer,Solo (Open Class)
20/01/2017 14:26:24,Participant 871,Participant 871,Wanita,22/06/1992,85000000871,participant871@email.com,Internal,Vocal - Singer,Solo (Open Class)
20/01/2017 14:35:03,Participant 751,Participant 751,Pria,31/07/1993,85000000751,participant751@email.com,Internal,Music - Drum,Solo
20/01/2017 15:06:35,participant 872,participant 872,Pria,25/08/1986,85000000872,participant872@email.com,Internal,Music - Keyboard,Jakarta (Open Class)
20/01/2017 15:16:40,Participant 873,Participant 873,Pria,17/02/1992,85000000873,participant873@email.com,Internal,Music - Drum,Jakarta (Open Class)
20/01/2017 15:21:47,Participant 874,Participant 874,Wanita,16/10/2007,85000000874,participant874@email.com,Internal,Arts - Percussion,Semarang
20/01/2017 15:21:59,Participant 82,Participant 82,Pria,15/05/1995,85000000082,participant82@email.com,Internal,Vocal - Singer,Yogyakarta
20/01/2017 15:23:00,Participant 875,Participant 875,Wanita,22/07/2007,85000000875,participant875@email.com,Internal,Arts - Percussion,Semarang
20/01/2017 15:43:34,Participant 876,Participant 876,Pria,10/11/2020,85000000876,participant876@email.com,Internal,Music - Drum,Yogyakarta (Open Class)
20/01/2017 16:13:30,Participant 877,Participant 877,Pria,5/5/1999,85000000877,participant877@email.com,Internal,Music - Drum,Bali
20/01/2017 16:20:56,Participant 878,Participant 878,Wanita,21/09/1988,85000000878,participant878@email.com,Internal,Vocal - Body Voice,Solo (Open Class)
20/01/2017 16:23:26,participant 879,participant 879,Wanita,15/02/1985,85000000879,participant879@email.com,Internal,Vocal - Singer,Solo (Open Class)
20/01/2017 16:47:03,Participant 880,Participant 880,Pria,22/06/1991,85000000880,participant880@email.com,Internal,Music - Guitar,Bali
20/01/2017 17:21:15,Participant 881,Participant 881,Pria,25/09/2002,85000000881,participant881@email.com,Internal,Vocal - Singer,Yogyakarta (Open Class)
20/01/2017 17:45:50,Participant 882,Participant 882,Wanita,28/05/2006,85000000882,participant882@email.com,Internal,Arts - Percussion,Solo (Open Class)
20/01/2017 18:06:36,Participant 883,Participant 883,Pria,25/04/2006,85000000883,participant883@email.com,Internal,Music - Guitar,Magelang
20/01/2017 19:03:58,Participant 884,Participant 884,Wanita,2/5/1984,85000000884,participant884@email.com,Internal,Vocal - Singer,Solo  (Open Class)
20/01/2017 19:26:17,Participant 885,Participant 885,Wanita,25/07/2007,85000000885,participant885@email.com,Internal,Arts - Percussion,Magelang
20/01/2017 20:00:59,Participant 886,Participant 886,Pria,24/04/1986,85000000886,participant886@email.com,Internal,Vocal - Singer,Magelang
20/01/2017 20:06:14,Participant 887,Participant 887,Wanita,8/8/1986,85000000887,participant887@email.com,Internal,Vocal - Singer,Solo (Open Class)
20/01/2017 21:43:14,Participant 427,Participant 427,Wanita,7/7/1983,85000000427,participant427@email.com,Internal,Vocal - Choir,Solo
20/01/2017 21:48:05,Participant 888,Participant 888,Wanita,24/11/2004,85000000888,participant888@email.com,Internal,Arts - Percussion,Magelang
20/01/2017 22:04:37,Participant 889,Participant 889,Wanita,4/10/2007,85000000889,participant889@email.com,Internal,Arts - Percussion,Magelang
20/01/2017 22:10:41,Participant 890,Participant 890,Wanita,2/9/2005,85000000890,participant890@email.com,Internal,Arts - Percussion,Magelang
20/01/2017 22:14:29,Participant 891,Participant 891,Wanita,24/03/2010,85000000891,participant891@email.com,Internal,Arts - Percussion,Magelang
20/01/2017 22:29:14,Participant 892,Participant 892,Pria,24/01/2010,85000000892,participant892@email.com,Internal,Arts - Flag,Magelang
20/01/2017 22:30:48,Participant 382,Participant 382,Pria,17/04/1974,85000000382,participant382@email.com,Internal,Vocal - Singer,Solo
20/01/2017 22:36:43,Participant 893,Participant 893,Pria,26/04/1999,85000000893,participant893@email.com,Internal,Vocal - Singer,Solo  (Open Class)
20/01/2017 23:04:03,Participant 894,Participant 894,Pria,3/9/1997,85000000894,participant894@email.com,Internal,Music - Drum,Bali
21/01/2017 05:10:33,PARTICIPANT 895,PARTICIPANT 895,Wanita,3/11/1984,85000000895,participant895@email.com,Internal,Vocal - Singer,Wonosari
21/01/2017 09:02:08,PARTICIPANT 896,PARTICIPANT 896,Pria,24/02/1992,85000000896,participant896@email.com,Internal,Vocal - Singer,Solo (Open Class)
21/01/2017 09:54:53,Participant 655,Participant 655,Wanita,4/6/2009,85000000655,participant655@email.com,Internal,Arts - Percussion,Solo
21/01/2017 10:50:29,Participant 897,Participant 897,Wanita,30/09/2004,85000000897,participant897@email.com,Internal,Vocal - Singer,Solo (Open Class)
21/01/2017 11:06:10,Participant 898,Participant 898,Wanita,5/11/1979,85000000898,participant898@email.com,Internal,Vocal - Singer,Solo (Open Class)
21/01/2017 11:35:25,Participant 899,Participant 899,Pria,4/4/2003,85000000899,participant899@email.com,Internal,Vocal - Singer,Magelang
21/01/2017 11:53:50,Participant 900,Participant 900,Pria,1/10/2007,85000000900,participant900@email.com,Internal,Music - Drum,Solo (Open Class)
21/01/2017 12:27:13,Participant 886,Participant 886,Pria,24/04/1986,85000000886,participant886@email.com,Internal,Vocal - Singer,Magelang
21/01/2017 13:28:00,Participant 901,Participant 901,Pria,22/06/2013,85000000901,participant901@email.com,Internal,Music - Drum,Solo (Open Class)
21/01/2017 13:41:00,Participant 902,Participant 902,Pria,23/07/2008,85000000902,participant902@email.com,Internal,Music - Drum,Solo (Open Class)
21/01/2017 13:46:51,Participant 903,Participant 903,Wanita,23/05/1997,85000000903,participant903@email.com,Internal,Vocal - Singer,Solo (Open Class)
21/01/2017 13:47:48,Participant 904,Participant 904,Pria,4/6/1981,85000000904,participant904@email.com,Internal,Vocal - Singer,Jakarta (Open Class)
21/01/2017 13:50:07,Participant 904,Participant 904,Pria,4/6/1981,85000000904,participant904@email.com,Internal,Vocal - Singer,Jakarta (Open Class)
21/01/2017 14:07:46,Participant 905,Participant 905,Wanita,1/12/1997,85000000905,participant905@email.com,Internal,Vocal - Singer,Yogyakarta (Open Class)
21/01/2017 14:18:08,Participant 898,Participant 898,Wanita,5/11/1979,85000000898,participant898@email.com,Internal,Vocal - Singer,Solo (Open Class)
21/01/2017 14:22:34,Participant 906,Participant 906,Wanita,24/09/1996,85000000906,participant906@email.com,Internal,Vocal - Singer,Jakarta (Open Class)
21/01/2017 14:32:07,Participant 907,Participant 907,Wanita,1/2/2000,85000000907,participant907@email.com,Internal,Arts - Percussion,Jakarta (Open Class)
21/01/2017 14:55:14,Participant 908,Participant 908,Wanita,3/10/1991,85000000908,participant908@email.com,Internal,Vocal - Singer,Surabaya
21/01/2017 15:17:57,Participant 909,Participant 909,Wanita,10/3/1959,85000000909,participant909@email.com,Internal,Visual - Makeup,Solo (Open Class)
21/01/2017 15:27:39,Participant 910,Participant 910,Wanita,1/8/1998,85000000910,participant910@email.com,Internal,Vocal - Choir,Solo (Open Class)
21/01/2017 15:29:36,Participant 910,Participant 910,Wanita,1/8/1998,85000000910,participant910@email.com,Internal,Vocal - Choir,Solo (Open Class)
21/01/2017 15:41:04,Participant 911,Participant 911,Pria,12/3/1982,85000000911,participant911@email.com,Internal,Vocal - Singer,Solo (Open Class)
21/01/2017 15:49:52,Participant 912,Participant 912,Wanita,2/12/1979,85000000912,participant912@email.com,Internal,Visual - Makeup,Bali
21/01/2017 15:51:08,Participant 913,Participant 913,Wanita,16/11/2005,85000000913,participant913@email.com,Internal,Arts - Movement,Solo (Open Class)
21/01/2017 15:54:26,Participant 914,Participant 914,Pria,19/07/1991,85000000914,participant914@email.com,Internal,Music - Drum,Solo (Open Class)
21/01/2017 15:55:02,Participant 915,Participant 915,Wanita,4/10/2001,85000000915,participant915@email.com,Internal,Arts - Percussion,Solo (Open Class)
21/01/2017 15:55:04,Participant 916,Participant 916,Wanita,22/08/1960,85000000916,participant916@email.com,Internal,Visual - Makeup,Bali
21/01/2017 16:37:07,Participant 917,Participant 917,Wanita,22/10/1981,85000000917,participant917@email.com,Internal,Music - Guitar,Solo (Open Class)
21/01/2017 17:05:44,Participant 918,Participant 918,Wanita,9/9/2008,85000000918,participant918@email.com,Internal,Arts - Movement,Surabaya
21/01/2017 17:06:47,Participant 919,Participant 919,Pria,15/01/1974,85000000919,participant919@email.com,Internal,Music - Guitar,Bali
21/01/2017 17:20:56,Participant 920,Participant 920,Wanita,26/07/2003,85000000920,participant920@email.com,Internal,Arts - Percussion,Solo (Open Class)
21/01/2017 18:11:02,Participant 921,Participant 921,Pria,3/6/2001,85000000921,participant921@email.com,Internal,Music - Guitar,Solo (Open Class)
21/01/2017 18:23:17,Participant 922,Participant 922,Wanita,3/10/2006,85000000922,participant922@email.com,Internal,Arts - Percussion,Solo (Open Class)
21/01/2017 19:18:32,Participant 923,Participant 923,Pria,9/7/1997,85000000923,participant923@email.com,Internal,Music - Drum,Jakarta (Open Class)
21/01/2017 19:24:45,Participant 361,Participant 361,Wanita,1/20/0058,85000000361,participant361@email.com,Internal,Music - Keyboard,Solo
21/01/2017 20:12:45,participant 924,participant 924,Wanita,7/10/2008,85000000924,participant924@email.com,Internal,Music - Guitar,Solo (Open Class)
21/01/2017 20:22:39,Participant 925,Participant 925,Wanita,8/8/2001,85000000925,participant925@email.com,Internal,Vocal - Choir,Solo (Open Class)
21/01/2017 20:30:52,Participant 926,Participant 926,Pria,2/6/2001,85000000926,participant926@email.com,Internal,Vocal - Singer,Solo (Open Class)
21/01/2017 20:44:47,Participant 927,Participant 927,Wanita,10/4/1996,85000000927,participant927@email.com,Internal,Vocal - Singer,Solo (Open Class)
21/01/2017 20:45:59,Participant 928,Participant 928,Wanita,7/10/1997,85000000928,participant928@email.com,Internal,Vocal - Singer,Yogyakarta (Open Class)
21/01/2017 21:04:31,Participant 929,Participant 929,Wanita,17/07/1981,85000000929,participant929@email.com,Internal,Vocal - Singer,Bali
21/01/2017 21:04:38,Participant 930,Participant 930,Pria,10/9/1994,85000000930,participant930@email.com,Internal,Music - Drum,Yogyakarta (Open Class)
21/01/2017 21:14:44,Participant 931,Participant 931,Pria,14/12/1999,85000000931,participant931@email.com,Internal,Vocal - Singer,Solo (Open Class)
21/01/2017 21:30:05,Participant 930,Participant 930,Pria,10/9/1994,85000000930,participant930@email.com,Internal,Music - Drum,Yogyakarta (Open Class)
21/01/2017 22:00:04,Participant 932,Participant 932,Pria,5/7/2005,85000000932,participant932@email.com,Internal,Vocal - Singer,Solo (Open Class)
21/01/2017 22:27:11,Participant 933,Participant 933,Pria,27/09/2003,85000000933,participant933@email.com,Internal,Music - Bass,Yogyakarta (Open Class)
21/01/2017 22:38:15,Participant 482,Participant 482,Wanita,1/8/1998,85000000482,participant482@email.com,Internal,Arts - Flag,Solo
22/01/2017 02:31:10,Participant 934,Participant 934,Wanita,4/3/2022,85000000934,participant934@email.com,Internal,Vocal - Choir,Solo (Open Class)
22/01/2017 07:23:19,Participant 690,Participant 690,Wanita,31/05/1996,85000000690,participant690@email.com,Internal,Arts - Percussion,Jakarta
22/01/2017 09:04:40,PARTICIPANT 935,PARTICIPANT 935,Pria,10/10/1993,85000000935,participant935@email.com,Internal,Vocal - Singer,Solo  (Open Class)
22/01/2017 10:13:28,Participant 936,Participant 936,Pria,27/05/1988,85000000936,participant936@email.com,Internal,Music - Keyboard,Bali
22/01/2017 11:08:15,Participant 937,Participant 937,Pria,1/10/1998,85000000937,participant937@email.com,Internal,Audio - Engineer,Magelang
22/01/2017 11:39:45,Participant 459,Participant 459,Wanita,24/02/2008,85000000459,participant459@email.com,Internal,Arts - Percussion,Solo
22/01/2017 12:18:13,Participant 938,Participant 938,Wanita,26/01/1998,85000000938,participant938@email.com,Internal,Arts - Movement,Bali
22/01/2017 12:55:35,PARTICIPANT 939,PARTICIPANT 939,Pria,18/07/1985,85000000939,participant939@email.com,Internal,Music - Drum,Solo (Open Class)
22/01/2017 13:10:27,Participant 940,Participant 940,Pria,2/3/1992,85000000940,participant940@email.com,Internal,Audio - Engineer,Solo (Open Class)
22/01/2017 14:32:56,Participant 941,Participant 941,Wanita,29/07/2008,85000000941,participant941@email.com,Internal,Vocal - Choir,Bali
22/01/2017 14:49:01,Participant 942,Participant 942,Wanita,30/12/1971,85000000942,participant942@email.com,Internal,Vocal - Singer,Solo (Open Class)
22/01/2017 15:17:26,Participant 943,Participant 943,Wanita,3/11/1988,85000000943,participant943@email.com,Internal,Vocal - Singer,Solo (Open Class)
22/01/2017 15:23:05,PARTICIPANT 944,PARTICIPANT 944,Wanita,19/05/1975,85000000944,participant944@email.com,Internal,Vocal - Body Voice,Bali
22/01/2017 15:25:48,Participant 945,Participant 945,Wanita,11/4/2004,85000000945,participant945@email.com,Internal,Arts - Percussion,Surabaya
22/01/2017 16:54:19,Participant 802,Participant 802,Wanita,26/12/1987,85000000802,participant802@email.com,Internal,Vocal - Singer,Solo
22/01/2017 17:25:04,Participant 946,Participant 946,Wanita,7/6/1996,85000000946,participant946@email.com,Internal,Arts - Percussion,Jakarta (Open Class)
22/01/2017 18:03:06,Participant 947,Participant 947,Wanita,12/11/2009,85000000947,participant947@email.com,Internal,Arts - Movement,Madiun
22/01/2017 18:58:06,Participant 948,Participant 948,Wanita,1/6/2002,85000000948,participant948@email.com,Internal,Vocal - Singer,Solo (Open Class)
22/01/2017 18:59:19,Participant 949,Participant 949,Wanita,6/7/2005,85000000949,participant949@email.com,Internal,Vocal - Singer,Solo (Open Class)
22/01/2017 19:25:23,Participant 950,Participant 950,Wanita,3/8/2003,85000000950,participant950@email.com,Internal,Arts - Percussion,Solo (Open Class)
22/01/2017 19:35:56,Participant 951,Participant 951,Wanita,24/02/1991,85000000951,participant951@email.com,Internal,Vocal - Singer,Solo  (Open Class)
22/01/2017 19:56:27,Participant 952,Participant 952,Wanita,3/8/2009,85000000952,participant952@email.com,Internal,Vocal - Singer,Solo (Open Class)
22/01/2017 20:03:46,Participant 953,Participant 953,Wanita,27/11/2003,85000000953,participant953@email.com,Internal,Vocal - Singer,Solo (Open Class)
22/01/2017 20:27:06,participant 954,participant 954,Pria,4/4/2005,85000000954,participant954@email.com,Internal,Audio - Engineer,Yogyakarta (Open Class)
22/01/2017 21:52:23,Participant 955,Participant 955,Wanita,22/12/2000,85000000955,participant955@email.com,Internal,Vocal - Choir,Solo (Open Class)
22/01/2017 22:25:24,Participant 956,Participant 956,Pria,28/02/2001,85000000956,participant956@email.com,Internal,Music - Keyboard,Yogyakarta (Open Class)
22/01/2017 22:27:56,Participant 957,Participant 957,Wanita,25/12/2021,85000000957,participant957@email.com,Internal,Arts - Movement,Solo (Open Class)
22/01/2017 22:49:34,participant 958,participant 958,Pria,6/4/2009,85000000958,participant958@email.com,Internal,Arts - Flag,Solo (Open Class)
22/01/2017 22:52:01,Participant 959,Participant 959,Pria,17/08/2003,85000000959,participant959@email.com,Internal,Music - Drum,Yogyakarta (Open Class)
22/01/2017 23:04:44,Participant 960,Participant 960,Pria,11/5/2002,85000000960,participant960@email.com,Internal,Vocal - Singer,Yogyakarta (Open Class)
23/01/2017 07:15:17,Participant 961,Participant 961,Pria,28/07/1988,85000000961,participant961@email.com,Internal,Vocal - Singer,Solo (Open Class)
23/01/2017 07:27:51,Participant 962,Participant 962,Wanita,28/09/1997,85000000962,participant962@email.com,Internal,Arts - Movement,Jakarta (Open Class)
23/01/2017 09:59:18,Participant 963,Participant 963,Pria,25/03/1986,85000000963,participant963@email.com,Internal,Vocal - Singer,Solo (Open Class)
23/01/2017 10:53:32,Participant 964,Participant 964,Wanita,7/4/1998,85000000964,participant964@email.com,Internal,Vocal - Singer,Solo (Open Class)
23/01/2017 11:49:31,Participant 965,Participant 965,Pria,16/04/1991,85000000965,participant965@email.com,Internal,Music - Drum,Bali
23/01/2017 11:50:17,Participant 966,Participant 966,Wanita,18/11/1991,85000000966,participant966@email.com,Internal,Vocal - Singer,Yogyakarta (Open Class)
23/01/2017 15:36:31,Participant 967,Participant 967,Wanita,1/2/2004,85000000967,participant967@email.com,Internal,Arts - Movement,Jakarta (Open Class)
23/01/2017 16:15:55,Participant 968,Participant 968,Pria,13/10/1995,85000000968,participant968@email.com,Internal,Music - Guitar,Solo (Open Class)
23/01/2017 17:30:44,Participant 969,Participant 969,Wanita,2/10/2005,85000000969,participant969@email.com,Internal,Arts - Movement,Bali
23/01/2017 18:34:26,Participant 903,Participant 903,Wanita,23/05/1997,85000000903,participant903@email.com,Internal,Vocal - Singer,Solo (Open Class)
23/01/2017 19:42:16,Participant 970,Participant 970,Wanita,20/11/1999,85000000970,participant970@email.com,Internal,Vocal - Singer,Yogyakarta (Open Class)
23/01/2017 20:14:38,Participant 971,Participant 971,Pria,7/2/2000,85000000971,participant971@email.com,Internal,Music - Bass,Solo  (Open Class)
23/01/2017 20:15:23,Participant 972,Participant 972,Pria,27/06/1979,85000000972,participant972@email.com,Internal,Vocal - Singer,Surabaya
23/01/2017 20:18:11,Participant 973,Participant 973,Wanita,29/09/1978,85000000973,participant973@email.com,Internal,Vocal - Singer,Surabaya
23/01/2017 20:57:44,Participant 974,Participant 974,Wanita,16/07/1993,85000000974,participant974@email.com,Internal,Vocal - Singer,Surabaya
23/01/2017 21:05:52,Participant 975,Participant 975,Pria,13/09/1994,85000000975,participant975@email.com,Internal,Music - Drum,Solo (Open Class)
23/01/2017 21:40:24,Participant 976,Participant 976,Wanita,4/7/1992,85000000976,participant976@email.com,Internal,Audio - Engineer,Solo (Open Class)
23/01/2017 23:48:09,Participant 977,Participant 977,Wanita,9/3/2004,85000000977,participant977@email.com,Internal,Arts - Movement,Solo (Open Class)
24/01/2017 05:29:55,Participant 36,Participant 36,Wanita,28/04/2001,85000000036,participant36@email.com,Internal,Music - Guitar,Solo 
24/01/2017 05:33:46,Participant 36,Participant 36,Wanita,28/04/2001,85000000036,participant36@email.com,Internal,Music - Guitar,Solo 
24/01/2017 07:34:26,Participant 978,Participant 978,Pria,5/5/1983,85000000978,participant978@email.com,Internal,Vocal - Singer,Solo (Open Class)
24/01/2017 09:27:22,participant 979,participant 979,Wanita,27/08/2000,85000000979,participant979@email.com,Internal,Vocal - Singer,Yogyakarta (Open Class)
24/01/2017 10:34:15,Participant 980,Participant 980,Wanita,4/11/2004,85000000980,participant980@email.com,Internal,Arts - Percussion,Solo (Open Class)
24/01/2017 10:58:19,participant 981,participant 981,Wanita,15/02/1994,85000000981,participant981@email.com,Internal,Vocal - Singer,Yogyakarta (Open Class)
24/01/2017 18:50:37,Participant 982,Participant 982,Wanita,25/08/1999,85000000982,participant982@email.com,Internal,Vocal - Singer,Solo (Open Class)
24/01/2017 18:51:15,Participant 983,Participant 983,Wanita,21/08/2001,85000000983,participant983@email.com,Internal,Vocal - Singer,Yogyakarta (Open Class)
24/01/2017 19:22:32,Participant 984,Participant 984,Pria,16/02/1997,85000000984,participant984@email.com,Internal,Music - Bass,Solo (Open Class)
24/01/2017 21:12:15,Participant 985,Participant 985,Pria,1/10/1980,85000000985,participant985@email.com,Internal,Music - Keyboard,Solo (Open Class)
24/01/2017 21:56:19,Participant 986,Participant 986,Wanita,19/05/1980,85000000986,participant986@email.com,Internal,Vocal - Singer,Solo (Open Class)
24/01/2017 22:28:10,Participant 987,Participant 987,Wanita,16/01/1981,85000000987,participant987@email.com,Internal,Visual - Makeup,Solo (Open Class)
24/01/2017 22:31:32,Participant 987,Participant 987,Wanita,16/01/1981,85000000987,participant987@email.com,Internal,Visual - Makeup,Solo (Open Class)
24/01/2017 23:46:45,Participant 988,Participant 988,Wanita,5/9/1987,85000000988,participant988@email.com,Internal,Vocal - Singer,Solo (Open Class)
25/01/2017 08:25:23,Participant 989,Participant 989,Wanita,8/10/2000,85000000989,participant989@email.com,Internal,Vocal - Singer,Solo (Open Class)
25/01/2017 11:11:33,Participant 990,Participant 990,Wanita,28/07/2006,85000000990,participant990@email.com,Internal,Arts - Percussion,Solo (Open Class)
25/01/2017 13:37:23,PARTICIPANT 991,PARTICIPANT 991,Wanita,23/11/1993,85000000991,participant991@email.com,Internal,Vocal - Singer,Jakarta (Open Class)
25/01/2017 17:33:10,Participant 992,Participant 992,Wanita,22/05/2006,85000000992,participant992@email.com,Internal,Vocal - Singer,Bali
25/01/2017 19:02:10,Participant 993,Participant 993,Wanita,1/10/2002,85000000993,participant993@email.com,Internal,Arts - Percussion,Yogyakarta (Open Class)
25/01/2017 23:47:27,Participant 605,Participant 605,Wanita,24/11/2001,85000000605,participant605@email.com,Internal,Vocal - Singer,Yogyakarta
26/01/2017 14:46:56,Participant 994,Participant 994,Wanita,4/3/1997,85000000994,participant994@email.com,Internal,Vocal - Singer,Jakarta (Open Class)
26/01/2017 15:10:13,Participant 995,Participant 995,Pria,10/2/1987,85000000995,participant995@email.com,Internal,Music - Drum,Jakarta (Open Class)
26/01/2017 15:15:39,Participant 996,Participant 996,Pria,16/08/1990,85000000996,participant996@email.com,Internal,Vocal - Singer,Surabaya
26/01/2017 16:39:52,Participant 984,Participant 984,Pria,16/02/1997,85000000984,participant984@email.com,Internal,Music - Bass,Solo (Open Class)
26/01/2017 17:42:56,Participant 997,Participant 997,Wanita,29/10/1996,85000000997,participant997@email.com,Internal,Vocal - Singer,Jakarta (Open Class)
26/01/2017 18:47:17,Participant 998,Participant 998,Pria,24/05/1984,85000000998,participant998@email.com,Internal,Vocal - Singer,Jakarta (Open Class)
26/01/2017 19:05:15,Participant 999,Participant 999,Wanita,24/01/2006,85000000999,participant999@email.com,Internal,Music - Guitar,Solo (Open Class)
26/01/2017 21:57:24,Participant 1000,Participant 1000,Pria,28/10/1988,85000001000,participant1000@email.com,Internal,Music - Drum,Jakarta (Open Class)
27/01/2017 08:35:42,Participant 1001,Participant 1001,Wanita,12/1/1994,85000001001,participant1001@email.com,Internal,Vocal - Singer,Jakarta (Open Class)
27/01/2017 11:20:29,Participant 1002,Participant 1002,Wanita,26/03/2003,85000001002,participant1002@email.com,Internal,Visual - Makeup,Solo (Open Class)
27/01/2017 11:40:49,Participant 1003,Participant 1003,Wanita,6/8/1992,85000001003,participant1003@email.com,Internal,Vocal - Singer,Yogyakarta (Open Class)
27/01/2017 11:42:16,Participant 1003,Participant 1003,Wanita,6/8/1992,85000001003,participant1003@email.com,Internal,Vocal - Singer,Yogyakarta (Open Class)
27/01/2017 12:27:29,Participant 1004,Participant 1004,Wanita,14/05/1997,85000001004,participant1004@email.com,Internal,Vocal - Singer,Jakarta (Open Class)
27/01/2017 13:22:23,Participant 645,Participant 645,Wanita,30/05/1982,85000000645,participant645@email.com,Internal,Vocal - Singer,Solo
27/01/2017 14:26:14,PARTICIPANT 1005,PARTICIPANT 1005,Pria,4/8/1988,85000001005,participant1005@email.com,Internal,Music - Drum,Solo  (Open Class)
27/01/2017 15:00:42,Participant 1006,Participant 1006,Wanita,22/12/1989,85000001006,participant1006@email.com,Internal,Visual - Makeup,Solo  (Open Class)
27/01/2017 16:21:42,Participant 1007,Participant 1007,Wanita,13/09/1983,85000001007,participant1007@email.com,Internal,Music - Keyboard,Surabaya
27/01/2017 17:42:47,Participant 1008,Participant 1008,Pria,16/02/1997,85000001008,participant1008@email.com,Internal,Music - Bass,Solo (Open Class)
27/01/2017 17:52:43,Participant 1009,Participant 1009,Wanita,14/04/1994,85000001009,participant1009@email.com,Internal,Music - Guitar,Jakarta (Open Class)
27/01/2017 18:26:38,Participant 1010,Participant 1010,Pria,22/01/1988,85000001010,participant1010@email.com,Internal,Music - Guitar,Surabaya
27/01/2017 19:29:44,Participant 1011,Participant 1011,Wanita,10/7/1983,85000001011,participant1011@email.com,Internal,Vocal - Body Voice,Solo (Open Class)
27/01/2017 19:37:07,Participant 826,Participant 826,Wanita,15/08/1997,85000000826,participant826@email.com,Internal,Arts - Percussion,Bali
27/01/2017 19:43:16,Participant 1012,Participant 1012,Pria,4/9/1992,85000001012,participant1012@email.com,Internal,Vocal - Singer,Solo (Open Class)
27/01/2017 20:14:26,PARTICIPANT 1013,PARTICIPANT 1013,Wanita,10/6/1994,85000001013,participant1013@email.com,Internal,Arts - Percussion,Yogyakarta (Open Class)
27/01/2017 21:54:20,PARTICIPANT 1014,PARTICIPANT 1014,Wanita,30/05/2022,85000001014,participant1014@email.com,Internal,Vocal - Body Voice,Solo (Open Class)
28/01/2017 06:10:59,Participant 1015,Participant 1015,Pria,19/08/1990,85000001015,participant1015@email.com,Internal,Music - Keyboard,Jakarta (Open Class)
28/01/2017 09:37:24,Participant 297,Participant 297,Pria,5/7/1998,85000000297,participant297@email.com,Internal,Vocal - Singer,Jakarta
28/01/2017 10:54:07,Participant 750,Participant 750,Wanita,13/11/2008,85000000750,participant750@email.com,Internal,Arts - Percussion,Solo
28/01/2017 11:58:26,Participant 1016,Participant 1016,Wanita,26/01/1977,85000001016,participant1016@email.com,Internal,Visual - Makeup,Solo (Open Class)
28/01/2017 15:44:58,PARTICIPANT 1018,PARTICIPANT 1018,Wanita,4/6/1985,85000001018,participant1018@email.com,Internal,Vocal - Choir,Solo (Open Class)
28/01/2017 15:49:49,PARTICIPANT 1019,PARTICIPANT 1019,Wanita,26/04/1996,85000001019,participant1019@email.com,Internal,Vocal - Singer,Solo (Open Class)
28/01/2017 15:55:49,Participant 946,Participant 946,Wanita,7/6/1996,85000000946,participant946@email.com,Internal,Arts - Percussion,Jakarta (Open Class)
29/01/2017 10:58:25,Participant 1020,Participant 1020,Pria,20/02/2012,85000001020,participant1020@email.com,Internal,Music - Drum,Solo (Open Class)
29/01/2017 14:06:31,Participant 1021,Participant 1021,Pria,9/9/2009,85000001021,participant1021@email.com,Internal,Vocal - Body Voice,Jakarta (Open Class)
29/01/2017 14:36:13,Participant 1022,Participant 1022,Pria,5/5/1989,85000001022,participant1022@email.com,Internal,Visual - Makeup,Solo (Open Class)
29/01/2017 20:45:37,Participant 1023,Participant 1023,Wanita,21/10/1984,85000001023,participant1023@email.com,Internal,Vocal - Body Voice,Solo (Open Class)
29/01/2017 20:52:41,Participant 1024,Participant 1024,Wanita,28/04/1994,85000001024,participant1024@email.com,Internal,Vocal - Singer,Solo (Open Class)
30/01/2017 09:13:39,Participant 460,Participant 460,Wanita,24/02/2007,85000000460,participant460@email.com,Internal,Vocal - Singer,Solo
30/01/2017 19:44:37,Participant 977,Participant 977,Wanita,9/3/2004,85000000977,participant977@email.com,Internal,Arts - Movement,Solo (Open Class)
30/01/2017 20:58:47,Participant 1025,Participant 1025,Wanita,16/02/2001,85000001025,participant1025@email.com,Internal,Arts - Percussion,Yogyakarta (Open Class)
30/01/2017 21:00:15,Participant 1025,Participant 1025,Wanita,16/02/2001,85000001025,participant1025@email.com,Internal,Arts - Percussion,Yogyakarta (Open Class)
30/01/2017 21:52:14,Participant 1026,Participant 1026,Pria,3/6/2001,85000001026,participant1026@email.com,Internal,Music - Drum,Magelang
30/01/2017 23:26:32,Participant 1027,Participant 1027,Wanita,28/07/1990,85000001027,participant1027@email.com,Internal,Vocal - Singer,Jakarta (Open Class)
31/01/2017 09:15:13,Participant 1028,Participant 1028,Pria,26/06/2004,85000001028,participant1028@email.com,Internal,Vocal - Singer,Surabaya
31/01/2017 10:56:23,Participant 1029,Participant 1029,Pria,11/7/1976,85000001029,participant1029@email.com,Internal,Music - Keyboard,Solo (Open Class)
31/01/2017 11:09:16,Participant 1029,Participant 1029,Pria,11/7/1976,85000001029,participant1029@email.com,Internal,Music - Keyboard,Solo (Open Class)
31/01/2017 11:31:34,Participant 1030,Participant 1030,Wanita,6/10/1989,85000001030,participant1030@email.com,Internal,Vocal - Singer,Yogyakarta (Open Class)
31/01/2017 11:54:18,Participant 1031,Participant 1031,Pria,4/10/2000,85000001031,participant1031@email.com,Internal,Music - Drum,Solo (Open Class)
31/01/2017 15:21:57,Participant 1032,Participant 1032,Pria,26/09/1979,85000001032,participant1032@email.com,Internal,Music - Guitar,Solo (Open Class)
31/01/2017 16:05:54,Participant 1033,Participant 1033,Pria,5/12/1998,85000001033,participant1033@email.com,Internal,Music - Drum,Solo (Open Class)
31/01/2017 16:10:37,Participant 1033,Participant 1033,Pria,5/12/1998,85000001033,participant1033@email.com,Internal,Music - Drum,Solo (Open Class)
31/01/2017 16:11:01,Participant 1033,Participant 1033,Pria,5/12/1998,85000001033,participant1033@email.com,Internal,Music - Drum,Solo (Open Class)
1/2/2017 10:31,Participant 1034,Participant 1034,Wanita,2/4/2008,85000001034,participant1034@email.com,Internal,Arts - Percussion,Solo (Open Class)
1/2/2017 14:47,Participant 1035,Participant 1035,Wanita,22/12/1989,85000001035,participant1035@email.com,Internal,Vocal - Singer,Surabaya
2/2/2017 11:59,Participant 1036,Participant 1036,Wanita,12/7/1999,85000001036,participant1036@email.com,Internal,Arts - Movement,Yogyakarta (Open Class)
2/2/2017 14:34,PARTICIPANT 1037,PARTICIPANT 1037,Pria,31/05/1993,85000001037,participant1037@email.com,Internal,Music - Bass,Jakarta (Open Class)
2/2/2017 16:48,Participant 1038,Participant 1038,Wanita,5/9/2002,85000001038,participant1038@email.com,Internal,Vocal - Singer,Solo (Open Class)
2/2/2017 21:05,Participant 1039,Participant 1039,Wanita,18/06/2005,85000001039,participant1039@email.com,Internal,Arts - Movement,Solo (Open Class)
2/2/2017 21:06,Participant 1040,Participant 1040,Wanita,27/08/2007,85000001040,participant1040@email.com,Internal,Arts - Percussion,Solo (Open Class)
2/2/2017 21:14,Participant 1041,Participant 1041,Wanita,12/6/2005,85000001041,participant1041@email.com,Internal,Arts - Movement,Solo (Open Class)
2/2/2017 22:57,Participant 1042,Participant 1042,Pria,31/08/1993,85000001042,participant1042@email.com,Internal,Music - Drum,Jakarta (Open Class)
3/2/2017 5:18,Participant 87,Participant 87,Wanita,29/09/2005,85000000087,participant87@email.com,Internal,Vocal - Singer,Solo
3/2/2017 8:43,Participant 1043,Participant 1043,Wanita,2/10/2005,85000001043,participant1043@email.com,Internal,Arts - Movement,Surabaya
3/2/2017 23:35,Participant 1044,Participant 1044,Wanita,24/07/1981,85000001044,participant1044@email.com,Internal,Music - Keyboard,Jakarta (Open Class)
3/2/2017 23:37,Participant 1045,Participant 1045,Wanita,20/06/2008,85000001045,participant1045@email.com,Internal,Vocal - Singer,Jakarta (Open Class)
4/2/2017 8:03,Participant 148,Participant 148,Wanita,30/06/1999,85000000148,participant148@email.com,Internal,Arts - Percussion,Solo
4/2/2017 13:53,Participant 1046,Participant 1046,Pria,28/04/2022,85000001046,participant1046@email.com,Internal,Music - Drum,Solo (Open Class)
4/2/2017 13:58,Participant 1047,Participant 1047,Pria,3/4/1982,85000001047,participant1047@email.com,Internal,Music - Guitar,Solo (Open Class)
4/2/2017 17:06,Participant 1048,Participant 1048,Wanita,16/06/1984,85000001048,participant1048@email.com,Internal,Vocal - Singer,Jakarta (Open Class)
4/2/2017 17:10,Participant 1049,Participant 1049,Wanita,28/10/2012,85000001049,participant1049@email.com,Internal,Vocal - Singer,Jakarta (Open Class)
4/2/2017 19:55,Participant 1050,Participant 1050,Pria,18/04/1997,85000001050,participant1050@email.com,Internal,Vocal - Singer,Yogyakarta (Open Class)
4/2/2017 21:26,Participant 1051,Participant 1051,Pria,22/04/1996,85000001051,participant1051@email.com,Internal,Arts - Movement,Yogyakarta (Open Class)
4/2/2017 21:27,Participant 1051,Participant 1051,Pria,22/04/1996,85000001051,participant1051@email.com,Internal,Arts - Movement,Yogyakarta (Open Class)
5/2/2017 0:01,Participant 1052,Participant 1052,Wanita,21/05/1994,85000001052,participant1052@email.com,Internal,Vocal - Body Voice,Madiun
5/2/2017 5:37,Participant 1053,Participant 1053,Pria,16/09/1974,85000001053,participant1053@email.com,Internal,Vocal - Singer,Surabaya
5/2/2017 7:06,Participant 737,Participant 737,Wanita,6/8/1998,85000000737,participant737@email.com,Internal,Vocal - Singer,Bali
5/2/2017 8:00,Participant 1054,Participant 1054,Wanita,4/1/2012,85000001054,participant1054@email.com,Internal,Music - Keyboard,Solo (Open Class)
5/2/2017 11:18,Participant 1055,Participant 1055,Wanita,27/03/1989,85000001055,participant1055@email.com,Internal,Vocal - Choir,Solo (Open Class)
5/2/2017 19:27,Participant 1056,Participant 1056,Wanita,29/09/2009,85000001056,participant1056@email.com,Internal,Arts - Percussion,Solo  (Open Class)
5/2/2017 22:06,Participant 1057,Participant 1057,Wanita,27/11/2003,85000001057,participant1057@email.com,Internal,Vocal - Singer,Yogyakarta (Open Class)
6/2/2017 11:54,Participant 927,Participant 927,Wanita,10/4/1996,85000000927,participant927@email.com,Internal,Vocal - Singer,Solo (Open Class)
6/2/2017 13:18,Participant 1058,Participant 1058,Pria,20/03/1997,85000001058,participant1058@email.com,Internal,Music - Drum,Jakarta (Open Class)
6/2/2017 14:49,Participant 1059,Participant 1059,Pria,14/08/2004,85000001059,participant1059@email.com,Internal,Music - Guitar,Yogyakarta (Open Class)
6/2/2017 18:35,Participant 1060,Participant 1060,Wanita,10/9/2001,85000001060,participant1060@email.com,Internal,Vocal - Singer,Surabaya
6/2/2017 20:16,Participant 519,Participant 519,Wanita,25/12/1998,85000000519,participant519@email.com,Internal,Vocal - Singer,Solo 
7/2/2017 9:13,Participant 1061,Participant 1061,Pria,8/4/1997,85000001061,participant1061@email.com,Internal,Music - Guitar,Surabaya
7/2/2017 12:29,Participant 1062,Participant 1062,Pria,15/09/2005,85000001062,participant1062@email.com,Internal,Music - Drum,Yogyakarta (Open Class)
7/2/2017 15:47,Participant 1063,Participant 1063,Wanita,20/07/1999,85000001063,participant1063@email.com,Internal,Vocal - Singer,Yogyakarta (Open Class)
7/2/2017 21:03,Participant 1064,Participant 1064,Wanita,1/5/2000,85000001064,participant1064@email.com,Internal,Vocal - Singer,Yogyakarta (Open Class)
8/2/2017 8:57,Participant 1065,Participant 1065,Wanita,4/4/2009,85000001065,participant1065@email.com,Internal,Arts - Movement,Jakarta (Open Class)
8/2/2017 9:00,Participant 1066,Participant 1066,Wanita,26/07/2008,85000001066,participant1066@email.com,Internal,Arts - Movement,Jakarta (Open Class)
8/2/2017 9:24,Participant 1067,Participant 1067,Wanita,1/8/1980,85000001067,participant1067@email.com,Internal,Vocal - Choir,Solo (Open Class)
8/2/2017 12:20,Participant 1068,Participant 1068,Wanita,8/2/2022,85000001068,participant1068@email.com,Internal,Vocal - Singer,Jakarta (Open Class)
8/2/2017 13:28,Participant 1068,Participant 1068,Wanita,7/2/2022,85000001068,participant1068@email.com,Internal,Vocal - Singer,Jakarta (Open Class)
8/2/2017 13:40,Participant 1069,Participant 1069,Wanita,17/02/2003,85000001069,participant1069@email.com,Internal,Vocal - Singer,Yogyakarta (Open Class)
8/2/2017 14:53,Participant 1070,Participant 1070,Wanita,21/04/2000,85000001070,participant1070@email.com,Internal,Vocal - Singer,Yogyakarta (Open Class)
9/2/2017 1:36,Participant 1071,Participant 1071,Wanita,22/03/1986,85000001071,participant1071@email.com,Internal,Vocal - Body Voice,Solo (Open Class)
9/2/2017 1:42,Participant 1071,Participant 1071,Wanita,22/03/1986,85000001071,participant1071@email.com,Internal,Vocal - Body Voice,Solo (Open Class)
9/2/2017 11:58,Participant 1072,Participant 1072,Wanita,16/07/1969,85000001072,participant1072@email.com,Internal,Vocal - Body Voice,Solo (Open Class)
9/2/2017 17:09,Participant 1073,Participant 1073,Wanita,25/11/2002,85000001073,participant1073@email.com,Internal,Arts - Percussion,Yogyakarta (Open Class)
9/2/2017 17:52,Participant 1074,Participant 1074,Pria,17/01/1985,85000001074,participant1074@email.com,Internal,Music - Keyboard,Surabaya
9/2/2017 20:36,Participant 1075,Participant 1075,Wanita,31/07/2007,85000001075,participant1075@email.com,Internal,Arts - Percussion,Surabaya
10/2/2017 9:44,Participant 1076,Participant 1076,Pria,21/07/1982,85000001076,participant1076@email.com,Internal,Music - Keyboard,Wonosari
10/2/2017 9:46,Participant 1076,Participant 1076,Pria,21/07/1982,85000001076,participant1076@email.com,Internal,Music - Keyboard,Wonosari
10/2/2017 15:01,Participant 1077,Participant 1077,Pria,1/12/1993,85000001077,participant1077@email.com,Internal,Vocal - Singer,Solo (Open Class)
10/2/2017 16:56,Participant 1078,Participant 1078,Wanita,18/12/2005,85000001078,participant1078@email.com,Internal,Vocal - Singer,Solo (Open Class)
11/2/2017 6:45,PARTICIPANT 1079,PARTICIPANT 1079,Wanita,21/08/2007,85000001079,participant1079@email.com,Internal,Arts - Percussion,Solo (Open Class)
11/2/2017 9:06,Participant 1080,Participant 1080,Wanita,28/05/2006,85000001080,participant1080@email.com,Internal,Arts - Percussion,Solo (Open Class)
11/2/2017 11:34,Participant 1080,Participant 1080,Wanita,28/05/2006,85000001080,participant1080@email.com,Internal,Arts - Percussion,Solo (Open Class)
12/2/2017 20:10,PARTICIPANT 1081,PARTICIPANT 1081,Pria,11/10/1995,85000001081,participant1081@email.com,Internal,Music - Guitar,Surabaya
13/02/2017 08:39:03,Participant 1082,Participant 1082,Wanita,3/6/2008,85000001082,participant1082@email.com,Internal,Arts - Percussion,Solo (Open Class)
13/02/2017 08:47:47,participant 1083,participant 1083,Wanita,28/08/2005,85000001083,participant1083@email.com,Internal,Visual - Makeup,Jakarta (Open Class)
13/02/2017 08:49:13,Participant 1083,Participant 1083,Wanita,8/28/0005,85000001083,participant1083@email.com,Internal,Visual - Makeup,Jakarta (Open Class)
13/02/2017 09:12:05,Participant 1084,Participant 1084,Wanita,26/03/1989,85000001084,participant1084@email.com,Internal,Vocal - Singer,Solo (Open Class)
13/02/2017 11:00:38,PARTICIPANT 458,PARTICIPANT 458,Wanita,24/08/2001,85000000458,participant458@email.com,Internal,Arts - Percussion,Solo
13/02/2017 13:46:37,Participant 1085,Participant 1085,Wanita,4/6/2003,85000001085,participant1085@email.com,Internal,Arts - Percussion,Surabaya
13/02/2017 13:56:53,Participant 1086,Participant 1086,Wanita,13/06/2003,85000001086,participant1086@email.com,Internal,Music - Keyboard,Surabaya
13/02/2017 14:18:50,Participant 1087,Participant 1087,Wanita,27/06/2006,85000001087,participant1087@email.com,Internal,Arts - Movement,Yogyakarta (Open Class)
13/02/2017 17:09:11,Participant 1088,Participant 1088,Pria,14/06/1999,85000001088,participant1088@email.com,Internal,Vocal - Singer,Yogyakarta (Open Class)
13/02/2017 19:15:07,Participant 1089,Participant 1089,Wanita,11/6/1979,85000001089,participant1089@email.com,Internal,Vocal - Singer,Solo (Open Class)
13/02/2017 21:58:40,Participant 1090,Participant 1090,Wanita,16/04/2006,85000001090,participant1090@email.com,Internal,Visual - Makeup,Solo (Open Class)
14/02/2017 07:19:20,Participant 1091,Participant 1091,Pria,8/5/2002,85000001091,participant1091@email.com,Internal,Music - Bass,Yogyakarta (Open Class)
14/02/2017 09:14:56,Participant 1092,Participant 1092,Wanita,1/11/1993,85000001092,participant1092@email.com,Internal,Vocal - Singer,Jakarta (Open Class)
14/02/2017 11:16:09,Participant 1093,Participant 1093,Pria,19/08/1971,85000001093,participant1093@email.com,Internal,Vocal - Singer,Solo (Open Class)
14/02/2017 12:14:58,Participant 1094,Participant 1094,Pria,11/6/1989,85000001094,participant1094@email.com,Internal,Music - Guitar,Jakarta (Open Class)
14/02/2017 12:24:33,Participant 1095,Participant 1095,Pria,13/01/2004,85000001095,participant1095@email.com,Internal,Music - Drum,Yogyakarta (Open Class)
14/02/2017 12:24:45,Participant 370,Participant 370,Wanita,7/6/1989,85000000370,participant370@email.com,Internal,Vocal - Singer,Yogyakarta
14/02/2017 12:28:14,Participant 1096,Participant 1096,Pria,20/12/2002,85000001096,participant1096@email.com,Internal,Music - Keyboard,Yogyakarta (Open Class)
14/02/2017 13:10:30,PARTICIPANT 1097,PARTICIPANT 1097,Pria,23/11/1977,85000001097,participant1097@email.com,Internal,Vocal - Choir,Solo (Open Class)
14/02/2017 22:03:11,Participant 1098,Participant 1098,Pria,23/01/1981,85000001098,participant1098@email.com,Internal,Vocal - Singer,Solo (Open Class)
15/02/2017 07:57:04,participant 1099,participant 1099,Wanita,18/02/2000,85000001099,participant1099@email.com,Internal,Arts - Percussion,Solo (Open Class)
15/02/2017 12:18:55,Participant 1100,Participant 1100,Pria,27/02/2001,85000001100,participant1100@email.com,Internal,Music - Guitar,Tangerang
15/02/2017 16:38:33,Participant 1101,Participant 1101,Wanita,3/7/1997,85000001101,participant1101@email.com,Internal,Arts - Percussion,Jakarta (Open Class)
15/02/2017 18:25:16,Participant 1102,Participant 1102,Wanita,21/06/2004,85000001102,participant1102@email.com,Internal,Arts - Percussion,Solo (Open Class)
15/02/2017 18:27:27,Participant 1103,Participant 1103,Wanita,17/04/2003,85000001103,participant1103@email.com,Internal,Arts - Percussion,Solo (Open Class)
15/02/2017 22:01:06,Participant 1104,Participant 1104,Wanita,13/07/2001,85000001104,participant1104@email.com,Internal,Vocal - Singer,Yogyakarta (Open Class)
15/02/2017 23:14:51,Participant 1105,Participant 1105,Wanita,22/10/2010,85000001105,participant1105@email.com,Internal,Arts - Movement,Solo (Open Class)
16/02/2017 11:07:13,Participant 238,Participant 238,Wanita,9/1/1999,85000000238,participant238@email.com,Internal,Vocal - Singer,Tangerang
16/02/2017 11:59:53,Participant 1106,Participant 1106,Pria,18/09/2001,85000001106,participant1106@email.com,Internal,Music - Guitar,Yogyakarta (Open Class)
16/02/2017 12:15:41,Participant 1107,Participant 1107,Pria,10/6/1979,85000001107,participant1107@email.com,Internal,Music - Bass,Surabaya
16/02/2017 12:33:49,Participant 1108,Participant 1108,Wanita,22/10/2002,85000001108,participant1108@email.com,Internal,Vocal - Singer,Bandung
16/02/2017 13:04:45,Participant 1109,Participant 1109,Wanita,3/8/2009,85000001109,participant1109@email.com,Internal,Vocal - Singer,Solo (Open Class)
16/02/2017 15:58:37,Participant 872,Participant 872,Pria,25/08/1986,85000000872,participant872@email.com,Internal,Music - Keyboard,Jakarta (Open Class)
16/02/2017 15:59:48,Participant 1110,Participant 1110,Wanita,20/06/2022,85000001110,participant1110@email.com,Internal,Vocal - Singer,Yogyakarta (Open Class)
16/02/2017 18:45:55,Participant 1111,Participant 1111,Wanita,3/11/2001,85000001111,participant1111@email.com,Internal,Vocal - Singer,Yogyakarta (Open Class)
16/02/2017 20:58:52,Participant 1112,Participant 1112,Wanita,3/3/2003,85000001112,participant1112@email.com,Internal,Music - Keyboard,Yogyakarta (Open Class)
16/02/2017 21:10:25,Participant 1113,Participant 1113,Wanita,10/3/1992,85000001113,participant1113@email.com,Internal,Vocal - Singer,Yogyakarta (Open Class)
16/02/2017 22:44:25,Participant 321,Participant 321,Wanita,21/07/1990,85000000321,participant321@email.com,Internal,Vocal - Singer,Solo
16/02/2017 23:31:09,Participant 1114,Participant 1114,Wanita,28/05/1999,85000001114,participant1114@email.com,Internal,Vocal - Singer,Solo  (Open Class)
17/02/2017 06:43:15,Participant 1115,Participant 1115,Wanita,12/10/1984,85000001115,participant1115@email.com,Internal,Vocal - Singer,Surabaya
17/02/2017 07:29:28,Participant 1116,Participant 1116,Wanita,13/01/1990,85000001116,participant1116@email.com,Internal,Vocal - Singer,Surabaya
17/02/2017 07:58:18,Participant 1117,Participant 1117,Wanita,30/07/1981,85000001117,participant1117@email.com,Internal,Vocal - Singer,Surabaya
17/02/2017 09:15:56,Participant 1118,Participant 1118,Pria,1/2/1993,85000001118,participant1118@email.com,Internal,Vocal - Singer,Surabaya
17/02/2017 10:39:35,Participant 1119,Participant 1119,Pria,29/03/2007,85000001119,participant1119@email.com,Internal,Music - Guitar,Solo (Open Class)
17/02/2017 12:20:52,Participant 1120,Participant 1120,Wanita,15/07/2003,85000001120,participant1120@email.com,Internal,Arts - Percussion,Solo (Open Class)
17/02/2017 13:28:38,Participant 1121,Participant 1121,Wanita,10/4/2008,85000001121,participant1121@email.com,Internal,Music - Guitar,Solo  (Open Class)
17/02/2017 13:29:13,PARTICIPANT 1018,PARTICIPANT 1018,Wanita,4/1/2022,85000001018,participant1018@email.com,Internal,Vocal - Choir,Solo (Open Class)
17/02/2017 14:22:42,Participant 1122,Participant 1122,Pria,23/09/1963,85000001122,participant1122@email.com,Internal,Music - Drum,Solo (Open Class)
17/02/2017 14:47:05,Participant 1123,Participant 1123,Pria,22/07/2001,85000001123,participant1123@email.com,Internal,Music - Drum,Surabaya
17/02/2017 19:35:01,Participant 1124,Participant 1124,Wanita,14/01/2004,85000001124,participant1124@email.com,Internal,Arts - Percussion,Solo (Open Class)
17/02/2017 19:56:48,PARTICIPANT 738,PARTICIPANT 738,Pria,18/11/2003,85000000738,participant738@email.com,Internal,Music - Drum,Solo
17/02/2017 20:06:15,Participant 1125,Participant 1125,Pria,30/06/2005,85000001125,participant1125@email.com,Internal,Music - Guitar,Yogyakarta (Open Class)
17/02/2017 22:57:06,Participant 1126,Participant 1126,Pria,22/08/1990,85000001126,participant1126@email.com,Internal,Music - Drum,Surabaya
18/02/2017 04:51:20,Participant 1127,Participant 1127,Wanita,18/02/2022,85000001127,participant1127@email.com,Internal,Visual - Makeup,Surabaya
18/02/2017 17:05:41,Participant 1128,Participant 1128,Pria,27/04/2005,85000001128,participant1128@email.com,Internal,Audio - Engineer,Wonosari
18/02/2017 17:08:27,Participant 1129,Participant 1129,Pria,12/5/2000,85000001129,participant1129@email.com,Internal,Vocal - Singer,Solo (Open Class)
18/02/2017 19:14:55,Participant 1130,Participant 1130,Pria,23/06/1963,85000001130,participant1130@email.com,Internal,Music - Drum,Solo (Open Class)
18/02/2017 23:34:43,Participant 1031,Participant 1031,Pria,4/10/2000,85000001031,participant1031@email.com,Internal,Music - Drum,Solo (Open Class)
19/02/2017 02:13:58,Participant 1131,Participant 1131,Pria,5/10/2003,85000001131,participant1131@email.com,Internal,Music - Drum,Yogyakarta (Open Class)
19/02/2017 09:21:20,Participant 1132,Participant 1132,Pria,11/11/1991,85000001132,participant1132@email.com,Internal,Music - Bass,Wonosari
19/02/2017 16:38:07,Participant 1133,Participant 1133,Pria,25/09/1999,85000001133,participant1133@email.com,Internal,Audio - Engineer,Magelang
19/02/2017 17:24:45,Participant 1134,Participant 1134,Pria,22/12/1976,85000001134,participant1134@email.com,Internal,Vocal - Singer,Surabaya
19/02/2017 18:26:56,Participant 1135,Participant 1135,Wanita,22/11/2004,85000001135,participant1135@email.com,Internal,Arts - Flag,Solo (Open Class)
19/02/2017 19:14:24,Participant 1136,Participant 1136,Wanita,6/12/1986,85000001136,participant1136@email.com,Internal,Vocal - Singer,Surabaya
19/02/2017 19:45:35,Participant 1137,Participant 1137,Pria,19/10/2007,85000001137,participant1137@email.com,Internal,Music - Drum,Yogyakarta (Open Class)
20/02/2017 04:52:04,Participant 980,Participant 980,Wanita,4/11/2004,85000000980,participant980@email.com,Internal,Arts - Percussion,Solo (Open Class)
20/02/2017 05:05:43,Participant 980,Participant 980,Wanita,4/11/2004,85000000980,participant980@email.com,Internal,Arts - Percussion,Solo (Open Class)
20/02/2017 08:26:32,Participant 1138,Participant 1138,Wanita,23/06/1979,85000001138,participant1138@email.com,Internal,Vocal - Singer,Jakarta (Open Class)
20/02/2017 08:29:59,Participant 1139,Participant 1139,Wanita,17/09/2004,85000001139,participant1139@email.com,Internal,Music - Keyboard,Jakarta (Open Class)
20/02/2017 08:59:57,Participant 1140,Participant 1140,Wanita,12/2/2003,85000001140,participant1140@email.com,Internal,Arts - Percussion,Surabaya
20/02/2017 09:13:23,Participant 1141,Participant 1141,Wanita,13/11/2008,85000001141,participant1141@email.com,Internal,Arts - Percussion,Surabaya
20/02/2017 09:16:32,Participant 1142,Participant 1142,Wanita,23/06/2008,85000001142,participant1142@email.com,Internal,Arts - Percussion,Surabaya
20/02/2017 09:30:06,PARTICIPANT 686,PARTICIPANT 686,Wanita,28/06/1995,85000000686,participant686@email.com,Internal,Vocal - Singer,Solo
20/02/2017 11:05:06,Participant 645,Participant 645,Wanita,30/05/1982,85000000645,participant645@email.com,Internal,Vocal - Singer,Solo
20/02/2017 13:49:53,Participant 1143,Participant 1143,Pria,11/3/2003,85000001143,participant1143@email.com,Internal,Music - Drum,Yogyakarta (Open Class)
20/02/2017 13:53:50,Participant 1143,Participant 1143,Pria,11/3/2003,85000001143,participant1143@email.com,Internal,Music - Drum,Yogyakarta (Open Class)
20/02/2017 15:20:42,Participant 1144,Participant 1144,Wanita,17/06/1982,85000001144,participant1144@email.com,Internal,Vocal - Singer,Yogyakarta (Open Class)
20/02/2017 15:41:25,Participant 1145,Participant 1145,Wanita,5/2/1983,85000001145,participant1145@email.com,Internal,Vocal - Singer,Solo (Open Class)
20/02/2017 16:30:13,Participant 1146,Participant 1146,Wanita,21/08/1998,85000001146,participant1146@email.com,Internal,Arts - Percussion,Yogyakarta (Open Class)
20/02/2017 16:52:52,participant 1147,participant 1147,Wanita,2/8/2004,85000001147,participant1147@email.com,Internal,Arts - Percussion,Solo (Open Class)
20/02/2017 19:03:47,Participant 1148,Participant 1148,Wanita,19/05/2002,85000001148,participant1148@email.com,Internal,Arts - Percussion,Surabaya
20/02/2017 21:31:48,Participant 1149,Participant 1149,Wanita,18/11/1991,85000001149,participant1149@email.com,Internal,Vocal - Singer,Yogyakarta (Open Class)
20/02/2017 21:37:01,Participant 1146,Participant 1146,Wanita,21/08/1998,85000001146,participant1146@email.com,Internal,Arts - Percussion,Yogyakarta (Open Class)
20/02/2017 21:38:07,Participant 1150,Participant 1150,Wanita,17/10/2003,85000001150,participant1150@email.com,Internal,Vocal - Singer,Yogyakarta (Open Class)
20/02/2017 21:39:13,Participant 924,Participant 924,Wanita,10/7/2008,85000000924,participant924@email.com,Internal,Music - Guitar,Solo (Open Class)
21/02/2017 05:15:21,Participant 1151,Participant 1151,Pria,1/7/2022,85000001151,participant1151@email.com,Internal,Music - Guitar,Surabaya
21/02/2017 07:07:30,Participant 1152,Participant 1152,Pria,6/7/2000,85000001152,participant1152@email.com,Internal,Music - Guitar,Surabaya
21/02/2017 09:18:04,Participant 281,Participant 281,Wanita,12/9/2006,85000000281,participant281@email.com,Internal,Arts - Percussion,Magelang
21/02/2017 09:30:18,Participant 1153,Participant 1153,Wanita,11/12/1977,85000001153,participant1153@email.com,Internal,Vocal - Singer,Magelang
21/02/2017 10:00:53,Participant 1154,Participant 1154,Wanita,12/11/2022,85000001154,participant1154@email.com,Internal,Vocal - Singer,Magelang
21/02/2017 10:39:05,Participant 1155,Participant 1155,Pria,23/02/2006,85000001155,participant1155@email.com,Internal,Vocal - Singer,Surabaya
21/02/2017 11:23:21,Participant 1156,Participant 1156,Pria,4/9/2005,85000001156,participant1156@email.com,Internal,Music - Guitar,Solo (Open Class)
21/02/2017 12:37:41,PARTICIPANT 738,PARTICIPANT 738,Pria,18/11/2003,85000000738,participant738@email.com,Internal,Music - Drum,Solo
21/02/2017 14:16:38,Participant 1157,Participant 1157,Wanita,23/10/1986,85000001157,participant1157@email.com,Internal,Vocal - Singer,Solo (Open Class)
21/02/2017 15:53:56,Participant 1086,Participant 1086,Wanita,13/06/2003,85000001086,participant1086@email.com,Internal,Music - Keyboard,Surabaya
21/02/2017 17:17:41,Participant 1158,Participant 1158,Wanita,14/09/2000,85000001158,participant1158@email.com,Internal,Arts - Percussion,Yogyakarta (Open Class)
21/02/2017 18:36:32,Participant 1159,Participant 1159,Wanita,29/08/2008,85000001159,participant1159@email.com,Internal,Music - Guitar,Solo (Open Class)
21/02/2017 19:14:48,Participant 1017,Participant 1017,Wanita,6/11/1994,85000001017,participant1017@email.com,Internal,Vocal - Body Voice,Yogyakarta (Open Class)
21/02/2017 19:20:24,Participant 1160,Participant 1160,Wanita,14/09/1999,85000001160,participant1160@email.com,Internal,Arts - Percussion,Semarang
21/02/2017 19:27:02,Participant 148,Participant 148,Wanita,30/06/1999,85000000148,participant148@email.com,Internal,Arts - Percussion,Solo
21/02/2017 23:06:22,Participant 932,Participant 932,Pria,5/7/2005,85000000932,participant932@email.com,Internal,Vocal - Singer,Solo (Open Class)
22/02/2017 01:57:07,Participant 1161,Participant 1161,Pria,17/09/1991,85000001161,participant1161@email.com,Internal,Vocal - Body Voice,Jakarta (Open Class)
22/02/2017 01:59:15,Participant 1161,Participant 1161,Pria,17/09/1991,85000001161,participant1161@email.com,Internal,Vocal - Body Voice,Jakarta (Open Class)
22/02/2017 09:15:19,Participant 1162,Participant 1162,Wanita,6/4/1991,85000001162,participant1162@email.com,Internal,Vocal - Singer,Surabaya
22/02/2017 09:23:40,Participant 1163,Participant 1163,Wanita,4/10/1992,85000001163,participant1163@email.com,Internal,Vocal - Singer,Surabaya
22/02/2017 10:14:58,PARTICIPANT 1164,PARTICIPANT 1164,Pria,23/03/2000,85000001164,participant1164@email.com,Internal,Music - Bass,Surabaya
22/02/2017 10:59:42,Participant 460,Participant 460,Wanita,24/02/2007,85000000460,participant460@email.com,Internal,Vocal - Singer,Solo
22/02/2017 11:00:38,Participant 1165,Participant 1165,Wanita,30/05/1998,85000001165,participant1165@email.com,Internal,Vocal - Singer,Solo (Open Class)
22/02/2017 11:04:18,Participant 1166,Participant 1166,Wanita,12/30/0071,85000001166,participant1166@email.com,Internal,Vocal - Singer,Solo  (Open Class)
22/02/2017 11:19:48,Participant 965,Participant 965,Pria,16/04/1991,85000000965,participant965@email.com,Internal,Music - Drum,Bali
22/02/2017 12:24:34,Participant 1167,Participant 1167,Wanita,7/2/2012,85000001167,participant1167@email.com,Internal,Arts - Percussion,Solo (Open Class)
22/02/2017 13:07:27,Participant 1168,Participant 1168,Pria,27/03/2022,85000001168,participant1168@email.com,Internal,Audio - Engineer,Magelang
22/02/2017 14:25:15,Participant 1169,Participant 1169,Wanita,9/9/1988,85000001169,participant1169@email.com,Internal,Vocal - Singer,Yogyakarta (Open Class)
22/02/2017 14:47:12,Participant 1157,Participant 1157,Wanita,23/10/1986,85000001157,participant1157@email.com,Internal,Vocal - Singer,Solo (Open Class)
22/02/2017 14:52:48,Participant 1170,Participant 1170,Wanita,18/07/1990,85000001170,participant1170@email.com,Internal,Visual - Makeup,Yogyakarta (Open Class)
22/02/2017 16:30:46,Participant 1137,Participant 1137,Pria,19/10/2007,85000001137,participant1137@email.com,Internal,Music - Drum,Yogyakarta (Open Class)
22/02/2017 17:30:31,Participant 136,Participant 136,Wanita,2/3/1977,85000000136,participant136@email.com,Internal,Vocal - Singer,Magelang
22/02/2017 19:11:57,Participant 999,Participant 999,Wanita,24/01/2006,85000000999,participant999@email.com,Internal,Music - Guitar,Solo (Open Class)
22/02/2017 19:20:49,Participant 923,Participant 923,Pria,9/7/1997,85000000923,participant923@email.com,Internal,Music - Drum,Jakarta (Open Class)
22/02/2017 20:01:59,Participant 1171,Participant 1171,Pria,17/02/1992,85000001171,participant1171@email.com,Internal,Music - Drum,Jakarta (Open Class)
22/02/2017 20:02:53,participant 1172,participant 1172,Wanita,11/5/1982,85000001172,participant1172@email.com,Internal,Vocal - Singer,Magelang
22/02/2017 20:06:58,participant 1173,participant 1173,Pria,10/10/1983,85000001173,participant1173@email.com,Internal,Audio - Engineer,Magelang
22/02/2017 21:19:03,Participant 1174,Participant 1174,Pria,15/01/2007,85000001174,participant1174@email.com,Internal,Audio - Engineer,Magelang
22/02/2017 21:41:58,Participant 1175,Participant 1175,Pria,6/10/1974,85000001175,participant1175@email.com,Internal,Vocal - Singer,Semarang
22/02/2017 21:48:57,Participant 1176,Participant 1176,Wanita,10/5/1962,85000001176,participant1176@email.com,Internal,Vocal - Singer,Solo (Open Class)
22/02/2017 22:50:30,Participant 961,Participant 961,Pria,27/07/1988,85000000961,participant961@email.com,Internal,Vocal - Singer,Solo (Open Class)
22/02/2017 23:07:26,Participant 1177,Participant 1177,Pria,6/8/1996,85000001177,participant1177@email.com,Internal,Audio - Engineer,Yogyakarta (Open Class)
24/02/2017 18:11:15,Participant 1167,Participant 1167,Wanita,7/1/2012,85000001167,participant1167@email.com,Internal,Arts - Percussion,Solo (Open Class)
24/02/2017 19:26:49,Participant 1105,Participant 1105,Wanita,22/10/2010,85000001105,participant1105@email.com,Internal,Arts - Movement,Solo (Open Class)
25/02/2017 11:28:33,Participant 1123,Participant 1123,Pria,22/07/2001,85000001123,participant1123@email.com,Internal,Music - Drum,Surabaya
25/02/2017 13:00:43,Participant 1065,Participant 1065,Wanita,4/4/2009,85000001065,participant1065@email.com,Internal,Arts - Movement,Jakarta (Open Class)
25/02/2017 13:07:23,Participant 1066,Participant 1066,Wanita,26/07/2008,85000001066,participant1066@email.com,Internal,Arts - Movement,Jakarta (Open Class)
25/02/2017 21:10:21,PARTICIPANT 1178,PARTICIPANT 1178,Wanita,28/10/1994,85000001178,participant1178@email.com,Internal,Visual - Makeup,Jakarta (Open Class)
1/3/2017 13:54,PARTICIPANT 533,PARTICIPANT 533,Wanita,6/10/2000,85000000533,participant533@email.com,Internal,Arts - Percussion,Bali
1/3/2017 13:56,Participant 1179,Participant 1179,Wanita,26/01/2004,85000001179,participant1179@email.com,Internal,Arts - Percussion,Solo (Open Class)
1/3/2017 13:57,PARTICIPANT 533,PARTICIPANT 533,Wanita,6/10/2000,85000000533,participant533@email.com,Internal,Arts - Percussion,Bali
1/3/2017 14:14,PARTICIPANT 545,PARTICIPANT 545,Wanita,15/10/1992,85000000545,participant545@email.com,Internal,Arts - Percussion,Solo
1/3/2017 17:29,Participant 763,Participant 763,Pria,22/06/2001,85000000763,participant763@email.com,Internal,Music - Bass,Yogyakarta
1/3/2017 19:05,participant 1180,participant 1180,Wanita,23/01/2005,85000001180,participant1180@email.com,Internal,Arts - Percussion,Solo (Open Class)
19/05/2017 11:01:52,Participant 801,Participant 801,Pria,30/06/1979,85000000801,participant801@email.com,Internal,Arts - Flag,Bali
19/05/2017 11:03:45,Participant 1157,Participant 1157,Wanita,23/10/1986,85000001157,participant1157@email.com,Internal,Vocal - Singer,Solo (Open Class)
19/05/2017 11:04:44,Participant 1182,Participant 1182,Pria,1/9/1985,85000001182,participant1182@email.com,Internal,Vocal - Singer,Jakarta (Open Class)
19/05/2017 11:06:35,PARTICIPANT 1183,PARTICIPANT 1183,Wanita,8/7/1972,85000001183,participant1183@email.com,Internal,Vocal - Singer,Solo (Open Class)
19/05/2017 11:09:01,Participant 1184,Participant 1184,Wanita,2/1/2001,85000001184,participant1184@email.com,Internal,Visual - Makeup,Tangerang
19/05/2017 11:14:48,Participant 1185,Participant 1185,Wanita,22/03/1988,85000001185,participant1185@email.com,Internal,Vocal - Singer,Surabaya
19/05/2017 11:21:15,Participant 1186,Participant 1186,Wanita,18/12/1999,85000001186,participant1186@email.com,Internal,Vocal - Singer,Solo (Open Class)
19/05/2017 11:22:44,Participant 1187,Participant 1187,Wanita,29/07/1987,85000001187,participant1187@email.com,Internal,Vocal - Singer,Solo (Open Class)
19/05/2017 11:22:50,Participant 36,Participant 36,Wanita,28/04/2001,85000000036,participant36@email.com,Internal,Music - Guitar,Solo 
19/05/2017 11:23:40,Participant 1188,Participant 1188,Wanita,26/02/1985,85000001188,participant1188@email.com,Internal,Vocal - Body Voice,Solo (Open Class)
19/05/2017 11:23:56,Participant 1189,Participant 1189,Wanita,3/2/2002,85000001189,participant1189@email.com,Internal,Vocal - Singer,Solo (Open Class)
19/05/2017 11:50:57,Participant 1190,Participant 1190,Wanita,14/08/1987,85000001190,participant1190@email.com,Internal,Visual - Makeup,Solo (Open Class)
19/05/2017 12:12:31,Participant 1191,Participant 1191,Wanita,6/2/1986,85000001191,participant1191@email.com,Internal,Vocal - Singer,Wonogiri
19/05/2017 12:18:53,Participant 1192,Participant 1192,Pria,13/11/1988,85000001192,participant1192@email.com,Internal,Vocal - Singer,Jakarta (Open Class)
19/05/2017 12:23:30,Participant 1193,Participant 1193,Wanita,19/01/2009,85000001193,participant1193@email.com,Internal,Vocal - Singer,Solo (Open Class)
19/05/2017 12:24:40,Participant 1194,Participant 1194,Wanita,29/06/1990,85000001194,participant1194@email.com,Internal,Vocal - Singer,Semarang
19/05/2017 12:29:12,Participant 1195,Participant 1195,Pria,16/02/2002,85000001195,participant1195@email.com,Internal,Vocal - Singer,Yogyakarta (Open Class)
19/05/2017 13:01:51,Participant 156,Participant 156,Wanita,26/09/1989,85000000156,participant156@email.com,Internal,Vocal - Singer,Madiun
19/05/2017 13:10:14,Participant 1196,Participant 1196,Pria,22/10/1983,85000001196,participant1196@email.com,Internal,Vocal - Singer,Surabaya
19/05/2017 13:19:20,Participant 1197,Participant 1197,Pria,9/11/1989,85000001197,participant1197@email.com,Internal,Music - Keyboard,Surabaya
19/05/2017 13:20:10,Participant 792,Participant 792,Pria,6/1/2009,85000000792,participant792@email.com,Internal,Music - Drum,Solo
19/05/2017 13:20:32,Participant 1198,Participant 1198,Wanita,30/11/1978,85000001198,participant1198@email.com,Internal,Music - Guitar,Solo (Open Class)
19/05/2017 13:20:51,Participant 1078,Participant 1078,Wanita,18/12/2004,85000001078,participant1078@email.com,Internal,Vocal - Singer,Solo (Open Class)
19/05/2017 13:38:52,Participant 1199,Participant 1199,Wanita,25/12/2008,85000001199,participant1199@email.com,Internal,Arts - Percussion,Solo (Open Class)
19/05/2017 13:42:00,Participant 451,Participant 451,Pria,13/05/2008,85000000451,participant451@email.com,Internal,Music - Drum,Solo
19/05/2017 13:46:47,Participant 1200,Participant 1200,Wanita,6/13/0076,85000001200,participant1200@email.com,Internal,Vocal - Body Voice,Solo (Open Class)
19/05/2017 13:50:30,Participant 1201,Participant 1201,Wanita,26/04/2000,85000001201,participant1201@email.com,Internal,Arts - Percussion,Solo (Open Class)
19/05/2017 13:50:35,Participant 1202,Participant 1202,Pria,12/6/1985,85000001202,participant1202@email.com,Internal,Music - Drum,Solo (Open Class)
19/05/2017 14:46:24,Participant 1203,Participant 1203,Wanita,20/06/2008,85000001203,participant1203@email.com,Internal,Arts - Percussion,Solo (Open Class)
19/05/2017 14:51:54,Participant 1204,Participant 1204,Wanita,20/06/2022,85000001204,participant1204@email.com,Internal,Arts - Percussion,Solo (Open Class)
19/05/2017 15:14:06,Participant 1205,Participant 1205,Pria,16/11/2000,85000001205,participant1205@email.com,Internal,Arts - Movement,Solo (Open Class)
19/05/2017 15:34:19,Participant 1206,Participant 1206,Pria,10/4/1988,85000001206,participant1206@email.com,Internal,Music - Bass,Surabaya
19/05/2017 15:38:26,Participant 1207,Participant 1207,Pria,4/9/2005,85000001207,participant1207@email.com,Internal,Music - Guitar,Solo (Open Class)
19/05/2017 17:16:56,PARTICIPANT 1208,PARTICIPANT 1208,Pria,20/01/1991,85000001208,participant1208@email.com,Internal,Music - Drum,Solo (Open Class)
19/05/2017 17:20:43,PARTICIPANT 519,PARTICIPANT 519,Wanita,25/12/1998,85000000519,participant519@email.com,Internal,Vocal - Singer,Solo 
19/05/2017 17:29:00,Participant 1209,Participant 1209,Pria,3/7/2006,85000001209,participant1209@email.com,Internal,Music - Keyboard,Solo (Open Class)
19/05/2017 17:44:21,Participant 1210,Participant 1210,Wanita,26/01/2007,85000001210,participant1210@email.com,Internal,Arts - Movement,Solo (Open Class)
19/05/2017 19:04:14,PARTICIPANT 1211,PARTICIPANT 1211,Wanita,24/12/2005,85000001211,participant1211@email.com,Internal,Visual - Makeup,Solo (Open Class)
19/05/2017 19:08:33,Participant 932,Participant 932,Pria,5/7/2005,85000000932,participant932@email.com,Internal,Vocal - Singer,Solo (Open Class)
19/05/2017 19:15:00,PARTICIPANT 594,PARTICIPANT 594,Wanita,21/07/2022,85000000594,participant594@email.com,Internal,Arts - Percussion,Madiun
19/05/2017 19:17:02,Participant 943,Participant 943,Wanita,3/11/1988,85000000943,participant943@email.com,Internal,Vocal - Singer,Solo (Open Class)
19/05/2017 20:28:11,Participant 1212,Participant 1212,Wanita,14/02/2002,85000001212,participant1212@email.com,Internal,Arts - Percussion,Solo (Open Class)
19/05/2017 20:44:31,Participant 1213,Participant 1213,Wanita,30/12/1971,85000001213,participant1213@email.com,Internal,Vocal - Singer,Solo (Open Class)
19/05/2017 20:50:20,Participant 1214,Participant 1214,Wanita,19/03/1977,85000001214,participant1214@email.com,Internal,Vocal - Body Voice,Yogyakarta (Open Class)
19/05/2017 21:40:30,Participant 1215,Participant 1215,Wanita,11/6/2005,85000001215,participant1215@email.com,Internal,Music - Guitar,Solo (Open Class)
19/05/2017 21:41:53,Participant 1216,Participant 1216,Pria,12/6/1985,85000001216,participant1216@email.com,Internal,Music - Drum,Solo (Open Class)
19/05/2017 22:30:09,Participant 1217,Participant 1217,Pria,24/05/2001,85000001217,participant1217@email.com,Internal,Music - Drum,Surabaya
20/05/2017 09:54:06,Participant 1218,Participant 1218,Wanita,17/01/1976,85000001218,participant1218@email.com,Internal,Vocal - Singer,Solo (Open Class)
20/05/2017 11:24:33,Participant 1219,Participant 1219,Pria,17/02/2010,85000001219,participant1219@email.com,Internal,Vocal - Singer,Solo (Open Class)
20/05/2017 11:31:31,Participant 1220,Participant 1220,Wanita,24/01/1985,85000001220,participant1220@email.com,Internal,Vocal - Singer,Solo (Open Class)
20/05/2017 15:15:21,Participant 1221,Participant 1221,Pria,16/05/1989,85000001221,participant1221@email.com,Internal,Music - Guitar,Jakarta (Open Class)
20/05/2017 15:19:15,Participant 1222,Participant 1222,Pria,21/12/1999,85000001222,participant1222@email.com,Internal,Music - Bass,Yogyakarta (Open Class)
20/05/2017 15:32:01,Participant 1223,Participant 1223,Wanita,7/8/2022,85000001223,participant1223@email.com,Internal,Music - Keyboard,Surabaya
20/05/2017 16:39:27,Participant 1224,Participant 1224,Wanita,27/01/1993,85000001224,participant1224@email.com,Internal,Arts - Percussion,Solo (Open Class)
20/05/2017 16:45:09,Participant 1224,Participant 1224,Wanita,27/02/1992,85000001224,participant1224@email.com,Internal,Arts - Percussion,Solo (Open Class)
20/05/2017 19:02:19,Participant 1225,Participant 1225,Wanita,5/7/2004,85000001225,participant1225@email.com,Internal,Arts - Percussion,Solo (Open Class)
20/05/2017 19:19:15,participant 1226,participant 1226,Pria,25/08/1979,85000001226,participant1226@email.com,Internal,Music - Drum,Solo (Open Class)
20/05/2017 20:22:43,Participant 871,Participant 871,Wanita,22/06/1992,85000000871,participant871@email.com,Internal,Vocal - Singer,Solo (Open Class)
20/05/2017 20:24:33,Participant 871,Participant 871,Wanita,22/06/1992,85000000871,participant871@email.com,Internal,Vocal - Singer,Solo (Open Class)
21/05/2017 06:30:18,Participant 1227,Participant 1227,Wanita,14/05/1988,85000001227,participant1227@email.com,Internal,Visual - Makeup,Solo (Open Class)
21/05/2017 09:58:23,Participant 1228,Participant 1228,Pria,6/1/1976,85000001228,participant1228@email.com,Internal,Vocal - Singer,Solo (Open Class)
21/05/2017 10:09:52,Participant 737,Participant 737,Wanita,6/8/1998,85000000737,participant737@email.com,Internal,Vocal - Singer,Bali
21/05/2017 11:57:41,Participant 1229,Participant 1229,Wanita,18/09/1999,85000001229,participant1229@email.com,Internal,Vocal - Singer,Solo (Open Class)
21/05/2017 15:51:08,Participant 1187,Participant 1187,Wanita,29/07/1987,85000001187,participant1187@email.com,Internal,Vocal - Singer,Solo (Open Class)
21/05/2017 16:30:45,Participant 1224,Participant 1224,Wanita,27/02/1992,85000001224,participant1224@email.com,Internal,Arts - Percussion,Solo (Open Class)
21/05/2017 19:07:16,Participant 927,Participant 927,Wanita,10/4/1996,85000000927,participant927@email.com,Internal,Vocal - Singer,Solo (Open Class)
21/05/2017 22:29:03,Participant 645,Participant 645,Wanita,30/05/1982,85000000645,participant645@email.com,Internal,Vocal - Singer,Solo
21/05/2017 23:44:42,Participant 897,Participant 897,Wanita,30/09/2004,85000000897,participant897@email.com,Internal,Vocal - Singer,Solo (Open Class)
22/05/2017 09:37:24,Participant 1230,Participant 1230,Pria,18/01/1991,85000001230,participant1230@email.com,Internal,Music - Keyboard,Semarang
22/05/2017 11:43:38,Participant 1224,Participant 1224,Wanita,27/02/1993,85000001224,participant1224@email.com,Internal,Arts - Percussion,Solo (Open Class)
22/05/2017 12:40:55,Participant 1231,Participant 1231,Wanita,20/06/2008,85000001231,participant1231@email.com,Internal,Arts - Percussion,Solo (Open Class)
22/05/2017 16:29:10,Participant 1231,Participant 1231,Wanita,20/06/2008,85000001231,participant1231@email.com,Internal,Arts - Percussion,Solo (Open Class)
22/05/2017 16:46:21,Participant 1232,Participant 1232,Wanita,19/01/2006,85000001232,participant1232@email.com,Internal,Arts - Percussion,Solo (Open Class)
22/05/2017 17:12:13,Participant 1026,Participant 1026,Pria,3/6/2001,85000001026,participant1026@email.com,Internal,Music - Drum,Magelang
23/05/2017 04:26:06,PARTICIPANT 1233,PARTICIPANT 1233,Pria,18/12/1986,85000001233,participant1233@email.com,Internal,Music - Keyboard,Surabaya
23/05/2017 07:49:29,Participant 1234,Participant 1234,Wanita,9/7/1975,85000001234,participant1234@email.com,Internal,Music - Keyboard,Surabaya
23/05/2017 08:31:35,Participant 1235,Participant 1235,Wanita,5/12/1994,85000001235,participant1235@email.com,Internal,Visual - Makeup,Solo (Open Class)
23/05/2017 15:34:04,Participant 1224,Participant 1224,Wanita,27/02/1992,85000001224,participant1224@email.com,Internal,Arts - Percussion,Solo (Open Class)
23/05/2017 21:40:41,Participant 1237,Participant 1237,Wanita,17/05/1987,85000001237,participant1237@email.com,Internal,Vocal - Singer,Madiun
24/05/2017 08:30:35,Participant 871,Participant 871,Wanita,22/06/1992,85000000871,participant871@email.com,Internal,Vocal - Singer,Solo (Open Class)
24/05/2017 10:51:57,Participant 1238,Participant 1238,Wanita,23/10/1982,85000001238,participant1238@email.com,Internal,Vocal - Singer,Surabaya
24/05/2017 19:08:32,Participant 1239,Participant 1239,Wanita,30/05/2005,85000001239,participant1239@email.com,Internal,Arts - Percussion,Solo (Open Class)
24/05/2017 21:01:01,Participant 932,Participant 932,Pria,5/7/2005,85000000932,participant932@email.com,Internal,Vocal - Singer,Solo (Open Class)
24/05/2017 21:09:10,Participant 1240,Participant 1240,Wanita,5/10/2006,85000001240,participant1240@email.com,Internal,Vocal - Singer,Solo (Open Class)
24/05/2017 21:10:05,Participant 1241,Participant 1241,Wanita,22/11/2006,85000001241,participant1241@email.com,Internal,Vocal - Singer,Solo (Open Class)
24/05/2017 21:22:12,Participant 1242,Participant 1242,Wanita,11/5/2006,85000001242,participant1242@email.com,Internal,Vocal - Singer,Solo (Open Class)
24/05/2017 21:45:01,Participant 1243,Participant 1243,Wanita,12/30/0071,85000001243,participant1243@email.com,Internal,Vocal - Singer,Solo  (Open Class)
24/05/2017 21:47:40,Participant 1244,Participant 1244,Wanita,12/30/0071,85000001244,participant1244@email.com,Internal,Vocal - Singer,Solo (Open Class)
24/05/2017 22:18:25,Participant 927,Participant 927,Wanita,10/4/1996,85000000927,participant927@email.com,Internal,Vocal - Singer,Solo (Open Class)
24/05/2017 22:20:21,Participant 1057,Participant 1057,Wanita,27/11/2003,85000001057,participant1057@email.com,Internal,Vocal - Singer,Yogyakarta (Open Class)
25/05/2017 13:04:16,Participant 1245,Participant 1245,Wanita,29/06/1999,85000001245,participant1245@email.com,Internal,Vocal - Choir,Yogyakarta (Open Class)
25/05/2017 16:49:47,Participant 763,Participant 763,Pria,22/06/2001,85000000763,participant763@email.com,Internal,Music - Bass,Yogyakarta
25/05/2017 16:51:28,Participant 1246,Participant 1246,Wanita,18/04/2001,85000001246,participant1246@email.com,Internal,Arts - Percussion,Yogyakarta (Open Class)
25/05/2017 18:45:42,Participant 1050,Participant 1050,Pria,18/04/1997,85000001050,participant1050@email.com,Internal,Vocal - Singer,Yogyakarta (Open Class)
26/05/2017 08:33:18,Participant 1247,Participant 1247,Pria,17/05/2002,85000001247,participant1247@email.com,Internal,Music - Keyboard,Semarang
26/05/2017 09:10:51,Participant 1248,Participant 1248,Wanita,26/05/2022,85000001248,participant1248@email.com,Internal,Arts - Percussion,Magelang
26/05/2017 12:48:49,Participant 1249,Participant 1249,Wanita,1/7/1995,85000001249,participant1249@email.com,Internal,Visual - Makeup,Surabaya
26/05/2017 14:24:57,Participant 980,Participant 980,Wanita,4/11/2004,85000000980,participant980@email.com,Internal,Arts - Percussion,Solo (Open Class)
26/05/2017 19:36:07,Participant 1147,Participant 1147,Wanita,2/8/2004,85000001147,participant1147@email.com,Internal,Arts - Percussion,Solo (Open Class)
27/05/2017 09:14:00,Participant 1250,Participant 1250,Wanita,8/2/1988,85000001250,participant1250@email.com,Internal,Vocal - Singer,Solo (Open Class)
27/05/2017 10:16:17,Participant 1251,Participant 1251,Wanita,17/02/2002,85000001251,participant1251@email.com,Internal,Vocal - Singer,Surabaya
27/05/2017 13:33:06,Participant 645,Participant 645,Wanita,30/05/1982,85000000645,participant645@email.com,Internal,Vocal - Singer,Solo
27/05/2017 19:46:34,Participant 1252,Participant 1252,Wanita,11/4/2007,85000001252,participant1252@email.com,Internal,Arts - Movement,Solo (Open Class)
27/05/2017 21:10:01,PARTICIPANT 1253,PARTICIPANT 1253,Wanita,17/06/1986,85000001253,participant1253@email.com,Internal,Vocal - Singer,Solo (Open Class)
28/05/2017 08:54:19,PARTICIPANT 742,PARTICIPANT 742,Wanita,21/02/2005,85000000742,participant742@email.com,Internal,Arts - Percussion,Solo
28/05/2017 09:02:38,Participant 1254,Participant 1254,Pria,6/6/2008,85000001254,participant1254@email.com,Internal,Music - Guitar,Solo (Open Class)
28/05/2017 11:36:01,Participant 1255,Participant 1255,Wanita,30/10/1978,85000001255,participant1255@email.com,Internal,Vocal - Choir,Yogyakarta (Open Class)
28/05/2017 12:39:14,Participant 1256,Participant 1256,Pria,10/12/1973,85000001256,participant1256@email.com,Internal,Music - Guitar,Surabaya
28/05/2017 12:49:19,Participant 1257,Participant 1257,Wanita,18/04/2003,85000001257,participant1257@email.com,Internal,Arts - Percussion,Solo (Open Class)
29/05/2017 10:44:46,Participant 1258,Participant 1258,Pria,18/08/2011,85000001258,participant1258@email.com,Internal,Music - Drum,Solo (Open Class)
29/05/2017 13:20:26,Participant 1259,Participant 1259,Wanita,3/10/2007,85000001259,participant1259@email.com,Internal,Arts - Movement,Solo (Open Class)
29/05/2017 15:48:46,Participant 1260,Participant 1260,Pria,5/1/1983,85000001260,participant1260@email.com,Internal,Vocal - Singer,Solo (Open Class)
29/05/2017 16:50:27,Participant 1228,Participant 1228,Pria,6/1/1976,85000001228,participant1228@email.com,Internal,Vocal - Singer,Solo (Open Class)
29/05/2017 19:48:14,Participant 1261,Participant 1261,Pria,21/02/1988,85000001261,participant1261@email.com,Internal,Music - Drum,Jakarta (Open Class)
30/05/2017 01:07:45,Participant 1236,Participant 1236,Pria,11/11/1998,85000001236,participant1236@email.com,Internal,Vocal - Singer,Solo (Open Class)
30/05/2017 07:36:21,Participant 1262,Participant 1262,Pria,24/04/1972,85000001262,participant1262@email.com,Internal,Vocal - Singer,Pekalongan
30/05/2017 12:39:57,Participant 11,Participant 11,Wanita,2/4/2002,85000000011,participant11@email.com,Internal,Arts - Percussion,Solo
30/05/2017 12:54:28,Participant 1263,Participant 1263,Wanita,10/5/1981,85000001263,participant1263@email.com,Internal,Vocal - Singer,Solo (Open Class)
30/05/2017 12:55:29,Participant 1264,Participant 1264,Wanita,23/08/1984,85000001264,participant1264@email.com,Internal,Vocal - Singer,Solo (Open Class)
30/05/2017 13:03:32,Participant 1265,Participant 1265,Wanita,24/12/1980,85000001265,participant1265@email.com,Internal,Vocal - Choir,Solo (Open Class)
30/05/2017 17:18:15,Participant 1266,Participant 1266,Wanita,14/04/2000,85000001266,participant1266@email.com,Internal,Arts - Percussion,Yogyakarta (Open Class)
30/05/2017 19:15:06,Participant 736,Participant 736,Wanita,30/05/2022,85000000736,participant736@email.com,Internal,Arts - Percussion,Tangerang
31/05/2017 06:55:17,Participant 1267,Participant 1267,Wanita,11/6/1988,85000001267,participant1267@email.com,Internal,Visual - Makeup,Yogyakarta (Open Class)
31/05/2017 11:14:34,PARTICIPANT 1257,PARTICIPANT 1257,Wanita,18/04/2003,85000001257,participant1257@email.com,Internal,Arts - Percussion,Solo (Open Class)
31/05/2017 11:36:51,Participant 1268,Participant 1268,Wanita,8/2/1988,85000001268,participant1268@email.com,Internal,Vocal - Singer,Solo (Open Class)
31/05/2017 22:03:04,Participant 1269,Participant 1269,Wanita,18/03/1997,85000001269,participant1269@email.com,Internal,Vocal - Singer,Surabaya
1/6/2017 10:53,Participant 1270,Participant 1270,Wanita,22/07/2004,85000001270,participant1270@email.com,Internal,Arts - Percussion,Solo (Open Class)
1/6/2017 17:35,Participant 1270,Participant 1270,Wanita,22/07/2004,85000001270,participant1270@email.com,Internal,Arts - Percussion,Solo (Open Class)
2/6/2017 8:37,Participant 1271,Participant 1271,Wanita,10/6/1998,85000001271,participant1271@email.com,Internal,Visual - Makeup,Yogyakarta (Open Class)
2/6/2017 11:59,Participant 1272,Participant 1272,Wanita,1/11/2006,85000001272,participant1272@email.com,Internal,Arts - Movement,Solo (Open Class)
2/6/2017 21:38,Participant 1033,Participant 1033,Pria,5/12/1998,85000001033,participant1033@email.com,Internal,Music - Drum,Solo (Open Class)
4/6/2017 16:02,Participant 1273,Participant 1273,Wanita,12/6/2006,85000001273,participant1273@email.com,Internal,Vocal - Body Voice,Yogyakarta (Open Class)
4/6/2017 16:18,Participant 1274,Participant 1274,Wanita,4/8/1999,85000001274,participant1274@email.com,Internal,Vocal - Singer,Yogyakarta (Open Class)
4/6/2017 23:36,Participant 1275,Participant 1275,Wanita,22/02/1980,85000001275,participant1275@email.com,Internal,Vocal - Body Voice,Semarang
4/6/2017 23:47,Participant 1275,Participant 1275,Wanita,22/02/1980,85000001275,participant1275@email.com,Internal,Vocal - Body Voice,Semarang
5/6/2017 13:33,Participant 1276,Participant 1276,Wanita,27/11/1990,85000001276,participant1276@email.com,Internal,Music - Guitar,Semarang
5/6/2017 17:11,Participant 1274,Participant 1274,Wanita,4/8/1999,85000001274,participant1274@email.com,Internal,Vocal - Singer,Yogyakarta (Open Class)
5/6/2017 17:37,Participant 1277,Participant 1277,Pria,23/03/1990,85000001277,participant1277@email.com,Internal,Music - Guitar,Semarang
5/6/2017 18:48,Participant 1278,Participant 1278,Wanita,8/2/2003,85000001278,participant1278@email.com,Internal,Arts - Percussion,Yogyakarta (Open Class)
5/6/2017 18:49,Participant 1279,Participant 1279,Wanita,22/06/2003,85000001279,participant1279@email.com,Internal,Arts - Percussion,Yogyakarta (Open Class)
5/6/2017 18:51,Participant 1280,Participant 1280,Wanita,9/7/1975,85000001280,participant1280@email.com,Internal,Vocal - Singer,Semarang
6/6/2017 13:38,Participant 1275,Participant 1275,Wanita,22/02/1980,85000001275,participant1275@email.com,Internal,Vocal - Body Voice,Semarang
6/6/2017 13:41,Participant 1275,Participant 1275,Wanita,22/02/1980,85000001275,participant1275@email.com,Internal,Vocal - Body Voice,Semarang
6/6/2017 15:35,Participant 1281,Participant 1281,Pria,10/9/2003,85000001281,participant1281@email.com,Internal,Music - Guitar,Klaten
6/6/2017 16:25,Participant 1282,Participant 1282,Pria,28/10/2002,85000001282,participant1282@email.com,Internal,Music - Bass,Klaten
6/6/2017 17:52,Participant 1283,Participant 1283,Wanita,10/1/2008,85000001283,participant1283@email.com,Internal,Arts - Percussion,Yogyakarta (Open Class)
6/6/2017 18:40,Participant 1284,Participant 1284,Wanita,17/11/2004,85000001284,participant1284@email.com,Internal,Arts - Percussion,Klaten
6/6/2017 18:50,PARTICIPANT 776,PARTICIPANT 776,Pria,23/09/1976,85000000776,participant776@email.com,Internal,Vocal - Singer,Bali
6/6/2017 18:59,Participant 1285,Participant 1285,Wanita,26/05/2000,85000001285,participant1285@email.com,Internal,Arts - Percussion,Klaten
6/6/2017 19:01,Participant 1285,Participant 1285,Wanita,26/05/2000,85000001285,participant1285@email.com,Internal,Arts - Percussion,Klaten
6/6/2017 19:02,Participant 1286,Participant 1286,Pria,15/06/1982,85000001286,participant1286@email.com,Internal,Music - Keyboard,Semarang
6/6/2017 20:13,Participant 1287,Participant 1287,Wanita,29/07/1998,85000001287,participant1287@email.com,Internal,Arts - Percussion,Semarang
6/6/2017 22:31,Participant 1288,Participant 1288,Pria,20/02/1995,85000001288,participant1288@email.com,Internal,Music - Keyboard,Semarang
7/6/2017 18:56,Participant 1289,Participant 1289,Pria,7/6/1978,85000001289,participant1289@email.com,Internal,Vocal - Choir,Yogyakarta (Open Class)
7/6/2017 19:13,Participant 1290,Participant 1290,Wanita,3/11/2002,85000001290,participant1290@email.com,Internal,Vocal - Choir,Yogyakarta (Open Class)
7/6/2017 20:07,Participant 1291,Participant 1291,Pria,19/01/2002,85000001291,participant1291@email.com,Internal,Vocal - Singer,Yogyakarta (Open Class)
7/6/2017 20:09,Participant 1292,Participant 1292,Wanita,25/06/2022,85000001292,participant1292@email.com,Internal,Vocal - Singer,Semarang
7/6/2017 22:49,Participant 118,Participant 118,Pria,19/09/2003,85000000118,participant118@email.com,Internal,Music - Keyboard,Klaten
7/6/2017 23:37,Participant 763,Participant 763,Pria,22/06/2001,85000000763,participant763@email.com,Internal,Music - Bass,Yogyakarta
7/6/2017 23:38,Participant 1246,Participant 1246,Wanita,18/04/2001,85000001246,participant1246@email.com,Internal,Arts - Percussion,Yogyakarta (Open Class)
8/6/2017 5:01,Participant 1293,Participant 1293,Wanita,6/6/1978,85000001293,participant1293@email.com,Internal,Vocal - Singer,Semarang
9/6/2017 13:56,Participant 1294,Participant 1294,Wanita,22/06/2003,85000001294,participant1294@email.com,Internal,Arts - Percussion,Yogyakarta (Open Class)
10/6/2017 8:49,Participant 1280,Participant 1280,Wanita,9/7/1975,85000001280,participant1280@email.com,Internal,Vocal - Singer,Semarang
24/06/2017 13:58:02,Participant 1295,Participant 1295,Wanita,12/12/2007,85000001295,participant1295@email.com,Internal,Arts - Percussion,Tangerang
12/8/2017 9:18,Participant 1297,Participant 1297,Wanita,23/03/1992,85000001297,participant1297@email.com,Internal,Vocal - Singer,Wonosari
12/8/2017 13:28,Participant 1298,Participant 1298,Pria,18/01/1995,85000001298,participant1298@email.com,Internal,Music - Keyboard,Wonosari
12/8/2017 20:51,participant 1299,participant 1299,Wanita,29/10/1989,85000001299,participant1299@email.com,Internal,Vocal - Singer,Pekalongan
14/08/2017 19:13:19,Participant 1300,Participant 1300,Wanita,22/07/1988,85000001300,participant1300@email.com,Internal,Vocal - Singer,Solo  (Open Class)
19/08/2017 21:57:42,Participant 1301,Participant 1301,Pria,21/11/1988,85000001301,participant1301@email.com,Internal,Vocal - Singer,Solo (Open Class)
22/08/2017 11:07:36,Participant 1302,Participant 1302,Pria,17/01/1995,85000001302,participant1302@email.com,Internal,Vocal - Singer,Solo  (Open Class)
23/08/2017 08:30:19,Participant 228,Participant 228,Pria,22/10/1991,85000000228,participant228@email.com,Internal,Vocal - Singer,Tangerang
23/08/2017 10:15:18,Participant 1303,Participant 1303,Wanita,22/08/2000,85000001303,participant1303@email.com,Internal,Arts - Movement,Yogyakarta (Open Class)
23/08/2017 17:54:33,Participant 1304,Participant 1304,Pria,4/8/1997,85000001304,participant1304@email.com,Internal,Music - Guitar,Semarang
24/08/2017 16:12:06,Participant 1305,Participant 1305,Wanita,19/01/1992,85000001305,participant1305@email.com,Internal,Vocal - Singer,Yogyakarta (Open Class)
24/08/2017 16:46:51,Participant 1306,Participant 1306,Wanita,30/11/1999,85000001306,participant1306@email.com,Internal,Arts - Percussion,Yogyakarta (Open Class)
24/08/2017 17:46:18,Participant 1307,Participant 1307,Wanita,5/12/2003,85000001307,participant1307@email.com,Internal,Music - Guitar,Yogyakarta (Open Class)
7/9/2017 22:11,Participant 1308,Participant 1308,Wanita,30/11/2004,85000001308,participant1308@email.com,Internal,Arts - Movement,Yogyakarta (Open Class)
9/9/2017 16:44,Participant 876,Participant 876,Pria,7/8/2007,85000000876,participant876@email.com,Internal,Music - Drum,Yogyakarta (Open Class)
10/9/2017 10:09,Participant 2725,Participant 2725,Wanita,27/03/1904,85000002725,participant2725@email.com,Internal,Vocal - Singer,Yogyakarta
10/9/2017 11:10,Participant 2726,Participant 2726,Wanita,29/06/1982,85000002726,participant2726@email.com,Internal,Vocal - Singer,Yogyakarta
10/9/2017 11:13,Participant 2727,Participant 2727,Pria,12/2/1953,85000002727,participant2727@email.com,Internal,Music - Keyboard,Yogyakarta
10/9/2017 11:24,Participant 2725,Participant 2725,Wanita,27/03/1904,85000002725,participant2725@email.com,Internal,Vocal - Singer,Yogyakarta
10/9/2017 11:55,Participant 2728,Participant 2728,Wanita,13/03/1996,85000002728,participant2728@email.com,Internal,Arts - Percussion,Yogyakarta
10/9/2017 11:59,Participant 2729,Participant 2729,Wanita,28/08/2000,85000002729,participant2729@email.com,Internal,Arts - Percussion,Yogyakarta
10/9/2017 11:59,Participant 2729,Participant 2729,Wanita,28/08/2000,85000002729,participant2729@email.com,Internal,Arts - Percussion,Yogyakarta
10/9/2017 14:37,Participant 2730,Participant 2730,Pria,3/4/1983,85000002730,participant2730@email.com,Internal,Vocal - Singer,Yogyakarta
10/9/2017 14:49,Participant 2731,Participant 2731,Wanita,29/06/2000,85000002731,participant2731@email.com,Internal,Arts - Percussion,Yogyakarta
10/9/2017 14:55,Participant 2732,Participant 2732,Wanita,21/01/1992,85000002732,participant2732@email.com,Internal,Vocal - Singer,Yogyakarta
10/9/2017 18:19,Participant 2684,Participant 2684,Wanita,16/06/1996,85000002684,participant2684@email.com,Internal,Vocal - Body Voice,Yogyakarta
10/9/2017 18:33,Participant 2733,Participant 2733,Pria,9/7/1993,85000002733,participant2733@email.com,Internal,Music - Drum,Yogyakarta
10/9/2017 18:43,Participant 2725,Participant 2725,Wanita,27/03/1904,85000002725,participant2725@email.com,Internal,Vocal - Singer,Yogyakarta
10/9/2017 22:08,Participant 1992,Participant 1992,Pria,22/04/2002,85000001992,participant1992@email.com,Internal,Vocal - Singer,Yogyakarta (Open Class)
10/9/2017 22:20,Participant 2734,Participant 2734,Pria,13/08/1996,85000002734,participant2734@email.com,Internal,Music - Drum,Yogyakarta
10/9/2017 22:21,Participant 2725,Participant 2725,Wanita,27/03/1904,85000002725,participant2725@email.com,Internal,Vocal - Singer,Yogyakarta
11/9/2017 4:06,Participant 2735,Participant 2735,Wanita,6/10/2000,85000002735,participant2735@email.com,Internal,Vocal - Singer,Yogyakarta
11/9/2017 6:52,Participant 2736,Participant 2736,Wanita,5/11/1997,85000002736,participant2736@email.com,Internal,Arts - Percussion,Yogyakarta
11/9/2017 6:56,Participant 2736,Participant 2736,Wanita,5/11/1997,85000002736,participant2736@email.com,Internal,Arts - Percussion,Yogyakarta
11/9/2017 7:32,Participant 183,Participant 183,Wanita,12/8/1977,85000000183,participant183@email.com,Internal,Vocal - Body Voice,Yogyakarta
11/9/2017 8:42,Participant 2737,Participant 2737,Pria,2/6/1996,85000002737,participant2737@email.com,Internal,Vocal - Singer,Yogyakarta
11/9/2017 9:56,Participant 2738,Participant 2738,Pria,3/9/1999,85000002738,participant2738@email.com,Internal,Music - Drum,Yogyakarta
11/9/2017 12:29,Participant 2734,Participant 2734,Pria,13/08/1996,85000002734,participant2734@email.com,Internal,Music - Drum,Yogyakarta
11/9/2017 13:29,Participant 2732,Participant 2732,Wanita,21/01/2017,85000002732,participant2732@email.com,Internal,Vocal - Singer,Yogyakarta
11/9/2017 16:52,Participant 2738,Participant 2738,Pria,3/9/1999,85000002738,participant2738@email.com,Internal,Music - Drum,Yogyakarta
11/9/2017 16:52,Participant 2738,Participant 2738,Pria,3/9/1999,85000002738,participant2738@email.com,Internal,Music - Drum,Yogyakarta
11/9/2017 17:18,participant 2739,participant 2739,Pria,27/08/1984,85000002739,participant2739@email.com,Internal,Audio - Engineer,Yogyakarta
11/9/2017 20:25,Participant 2740,Participant 2740,Wanita,28/02/2002,85000002740,participant2740@email.com,Internal,Arts - Percussion,Yogyakarta
12/9/2017 9:53,Participant 2678,Participant 2678,Pria,23/04/1987,85000002678,participant2678@email.com,Internal,Vocal - Singer,Yogyakarta
12/9/2017 11:08,Participant 2738,Participant 2738,Pria,3/9/1999,85000002738,participant2738@email.com,Internal,Music - Drum,Yogyakarta
12/9/2017 13:22,Participant 2741,Participant 2741,Pria,15/01/1998,85000002741,participant2741@email.com,Internal,Music - Keyboard,Yogyakarta
12/9/2017 14:42,Participant 2738,Participant 2738,Pria,3/9/1999,85000002738,participant2738@email.com,Internal,Music - Drum,Yogyakarta
12/9/2017 19:41,PARTICIPANT 2742,PARTICIPANT 2742,Wanita,11/4/2017,85000002742,participant2742@email.com,Internal,Arts - Percussion,Yogyakarta
13/09/2017 13:02:20,Participant 2743,Participant 2743,Wanita,19/09/1996,85000002743,participant2743@email.com,Internal,Arts - Percussion,Yogyakarta
13/09/2017 14:38:21,PARTICIPANT 2744,PARTICIPANT 2744,Pria,12/4/1989,85000002744,participant2744@email.com,Internal,Arts - Movement,Yogyakarta
14/09/2017 11:52:13,Participant 2745,Participant 2745,Wanita,15/06/2001,85000002745,participant2745@email.com,Internal,Vocal - Choir,Yogyakarta
14/09/2017 12:40:45,Participant 2746,Participant 2746,Wanita,27/08/1982,85000002746,participant2746@email.com,Internal,Vocal - Singer,Yogyakarta
15/09/2017 11:36:12,Participant 2652,Participant 2652,Wanita,24/05/1996,85000002652,participant2652@email.com,Internal,Vocal - Singer,Yogyakarta
15/09/2017 14:22:54,Participant 1171,Participant 1171,Pria,20/07/1998,85000001171,participant1171@email.com,Internal,Music - Drum,Jakarta (Open Class)
15/09/2017 15:55:10,participant 2747,participant 2747,Wanita,26/06/2002,85000002747,participant2747@email.com,Internal,Arts - Percussion,Yogyakarta
15/09/2017 17:43:14,participant 2747,participant 2747,Wanita,26/06/2002,85000002747,participant2747@email.com,Internal,Arts - Percussion,Yogyakarta
15/09/2017 21:57:30,Participant 2748,Participant 2748,Wanita,20/06/1999,85000002748,participant2748@email.com,Internal,Arts - Flag,Yogyakarta
15/09/2017 23:25:58,Participant 2748,Participant 2748,Wanita,20/06/1999,85000002748,participant2748@email.com,Internal,Arts - Flag,Yogyakarta
16/09/2017 11:45:56,Participant 2738,Participant 2738,Pria,3/9/1999,85000002738,participant2738@email.com,Internal,Music - Drum,Yogyakarta
16/09/2017 11:46:41,Participant 2738,Participant 2738,Pria,3/9/1999,85000002738,participant2738@email.com,Internal,Music - Drum,Yogyakarta
16/09/2017 20:12:22,Participant 2749,Participant 2749,Wanita,18/10/2001,85000002749,participant2749@email.com,Internal,Arts - Percussion,Yogyakarta
17/09/2017 10:02:46,Participant 2750,Participant 2750,Wanita,20/10/1996,85000002750,participant2750@email.com,Internal,Arts - Percussion,Yogyakarta
17/09/2017 11:02:17,Participant 2751,Participant 2751,Wanita,19/05/1975,85000002751,participant2751@email.com,Internal,Vocal - Singer,Yogyakarta
17/09/2017 12:08:13,Participant 2732,Participant 2732,Wanita,21/01/1992,85000002732,participant2732@email.com,Internal,Vocal - Singer,Yogyakarta
17/09/2017 13:08:10,Participant 2752,Participant 2752,Pria,25/05/2000,85000002752,participant2752@email.com,Internal,Music - Guitar,Yogyakarta
17/09/2017 16:05:35,Participant 2753,Participant 2753,Wanita,22/11/1997,85000002753,participant2753@email.com,Internal,Vocal - Singer,Yogyakarta
17/09/2017 17:46:31,Participant 2754,Participant 2754,Wanita,5/5/1998,85000002754,participant2754@email.com,Internal,Arts - Percussion,Yogyakarta
17/09/2017 20:23:41,PARTICIPANT 931,PARTICIPANT 931,Pria,14/12/1997,85000000931,participant931@email.com,Internal,Vocal - Singer,Solo (Open Class)
17/09/2017 20:45:31,Participant 1309,Participant 1309,Wanita,27/11/1998,85000001309,participant1309@email.com,Internal,Arts - Percussion,Solo (Open Class)
17/09/2017 21:12:41,Participant 1310,Participant 1310,Wanita,2/1/1971,85000001310,participant1310@email.com,Internal,Vocal - Body Voice,Madiun
17/09/2017 21:14:07,Participant 1311,Participant 1311,Pria,25/01/2003,85000001311,participant1311@email.com,Internal,Music - Bass,Solo (Open Class)
17/09/2017 21:30:23,Participant 1205,Participant 1205,Pria,16/11/2000,85000001205,participant1205@email.com,Internal,Arts - Movement,Solo (Open Class)
17/09/2017 21:33:46,participant 2755,participant 2755,Wanita,25/02/1981,85000002755,participant2755@email.com,Internal,Vocal - Singer,Yogyakarta
17/09/2017 21:36:25,participant 2755,participant 2755,Wanita,25/02/1981,85000002755,participant2755@email.com,Internal,Vocal - Singer,Yogyakarta
17/09/2017 22:05:24,Participant 1312,Participant 1312,Wanita,7/3/2008,85000001312,participant1312@email.com,Internal,Arts - Percussion,Solo (Open Class)
17/09/2017 22:40:19,Participant 2756,Participant 2756,Wanita,2/2/2000,85000002756,participant2756@email.com,Internal,Arts - Percussion,Yogyakarta
17/09/2017 22:50:11,Participant 2757,Participant 2757,Wanita,25/12/1997,85000002757,participant2757@email.com,Internal,Arts - Percussion,Yogyakarta
17/09/2017 23:44:18,Participant 1313,Participant 1313,Wanita,27/07/1972,85000001313,participant1313@email.com,Internal,Vocal - Singer,Nias
18/09/2017 00:25:32,Participant 2758,Participant 2758,Wanita,10/1/1998,85000002758,participant2758@email.com,Internal,Arts - Percussion,Yogyakarta
18/09/2017 00:39:04,Participant 1314,Participant 1314,Pria,9/1/1987,85000001314,participant1314@email.com,Internal,Audio - Engineer,Nias
18/09/2017 06:20:13,Participant 1315,Participant 1315,Wanita,2/3/1986,85000001315,participant1315@email.com,Internal,Visual - Makeup,Nias
18/09/2017 08:29:01,Participant 1316,Participant 1316,Wanita,23/07/1984,85000001316,participant1316@email.com,Internal,Vocal - Body Voice,Nias
18/09/2017 08:47:57,Participant 2759,Participant 2759,Pria,25/10/1998,85000002759,participant2759@email.com,Internal,Vocal - Singer,Yogyakarta
18/09/2017 11:45:46,Participant 1317,Participant 1317,Wanita,2/8/1990,85000001317,participant1317@email.com,Internal,Vocal - Singer,Madiun
18/09/2017 12:04:47,PARTICIPANT 1318,PARTICIPANT 1318,Wanita,3/10/1990,85000001318,participant1318@email.com,Internal,Vocal - Singer,Solo (Open Class)
18/09/2017 13:05:14,Participant 1319,Participant 1319,Wanita,31/03/2001,85000001319,participant1319@email.com,Internal,Vocal - Singer,Solo (Open Class)
18/09/2017 16:07:12,PARTICIPANT 776,PARTICIPANT 776,Pria,23/09/1976,85000000776,participant776@email.com,Internal,Vocal - Singer,Bali
18/09/2017 16:38:02,Participant 1320,Participant 1320,Pria,27/03/1998,85000001320,participant1320@email.com,Internal,Vocal - Singer,Jakarta (Open Class)
18/09/2017 17:14:09,Participant 2760,Participant 2760,Pria,13/08/2017,85000002760,participant2760@email.com,Internal,Music - Drum,Yogyakarta
18/09/2017 18:59:40,Participant 2761,Participant 2761,Wanita,24/04/1979,85000002761,participant2761@email.com,Internal,Vocal - Singer,Yogyakarta
18/09/2017 20:57:01,Participant 2518,Participant 2518,Wanita,2/12/1996,85000002518,participant2518@email.com,Internal,Vocal - Choir,Yogyakarta
18/09/2017 23:04:18,Participant 2762,Participant 2762,Pria,14/03/1968,85000002762,participant2762@email.com,Internal,Vocal - Singer,Yogyakarta
18/09/2017 23:09:08,Participant 1321,Participant 1321,Wanita,11/27/0007,85000001321,participant1321@email.com,Internal,Arts - Percussion,Solo (Open Class)
18/09/2017 23:52:10,Participant 1322,Participant 1322,Pria,16/03/1973,85000001322,participant1322@email.com,Internal,Music - Bass,Yogyakarta (Open Class)
19/09/2017 10:57:11,Participant 2763,Participant 2763,Pria,11/7/1999,85000002763,participant2763@email.com,Internal,Music - Guitar,Yogyakarta
19/09/2017 10:59:29,Participant 2764,Participant 2764,Wanita,6/10/1997,85000002764,participant2764@email.com,Internal,Arts - Percussion,Yogyakarta
19/09/2017 11:00:54,Participant 2764,Participant 2764,Wanita,6/10/1997,85000002764,participant2764@email.com,Internal,Arts - Percussion,Yogyakarta
19/09/2017 11:28:47,Participant 2765,Participant 2765,Pria,2/5/1998,85000002765,participant2765@email.com,Internal,Music - Guitar,Yogyakarta
19/09/2017 12:49:55,Participant 2766,Participant 2766,Pria,14/05/1993,85000002766,participant2766@email.com,Internal,Vocal - Body Voice,Yogyakarta
19/09/2017 12:53:41,Participant 2763,Participant 2763,Pria,11/7/1999,85000002763,participant2763@email.com,Internal,Music - Guitar,Yogyakarta
19/09/2017 12:54:59,Participant 2763,Participant 2763,Pria,11/7/1999,85000002763,participant2763@email.com,Internal,Music - Guitar,Yogyakarta
19/09/2017 13:11:13,Participant 156,Participant 156,Wanita,26/09/1989,85000000156,participant156@email.com,Internal,Vocal - Singer,Madiun
19/09/2017 13:15:04,Participant 2767,Participant 2767,Wanita,12/10/1994,85000002767,participant2767@email.com,Internal,Vocal - Body Voice,Yogyakarta
19/09/2017 13:56:55,Participant 1323,Participant 1323,Wanita,28/07/2010,85000001323,participant1323@email.com,Internal,Arts - Movement,Nias
19/09/2017 14:01:37,Participant 1323,Participant 1323,Wanita,28/07/2010,85000001323,participant1323@email.com,Internal,Arts - Movement,Nias
19/09/2017 15:52:31,Participant 2768,Participant 2768,Pria,15/04/1984,85000002768,participant2768@email.com,Internal,Vocal - Singer,Yogyakarta
19/09/2017 16:11:45,Participant 2769,Participant 2769,Wanita,19/04/1985,85000002769,participant2769@email.com,Internal,Vocal - Body Voice,Yogyakarta
19/09/2017 17:01:10,Participant 2668,Participant 2668,Pria,15/06/2001,85000002668,participant2668@email.com,Internal,Music - Keyboard,Yogyakarta
19/09/2017 17:38:22,Participant 2770,Participant 2770,Wanita,24/08/1997,85000002770,participant2770@email.com,Internal,Vocal - Singer,Yogyakarta
19/09/2017 17:42:56,Participant 1324,Participant 1324,Wanita,5/12/2008,85000001324,participant1324@email.com,Internal,Arts - Percussion,Solo (Open Class)
19/09/2017 19:18:00,Participant 1325,Participant 1325,Pria,31/08/2002,85000001325,participant1325@email.com,Internal,Music - Keyboard,Yogyakarta (Open Class)
19/09/2017 20:53:37,Participant 1326,Participant 1326,Pria,29/03/1986,85000001326,participant1326@email.com,Internal,Music - Bass,Yogyakarta (Open Class)
20/09/2017 09:27:57,Participant 2771,Participant 2771,Wanita,11/2/1984,85000002771,participant2771@email.com,Internal,Vocal - Singer,Yogyakarta
20/09/2017 09:31:19,Participant 1327,Participant 1327,Wanita,19/08/1990,85000001327,participant1327@email.com,Internal,Vocal - Singer,Madiun
20/09/2017 09:57:04,Participant 1327,Participant 1327,Wanita,19/08/1990,85000001327,participant1327@email.com,Internal,Vocal - Singer,Madiun
20/09/2017 12:14:31,Participant 1328,Participant 1328,Wanita,29/03/1976,85000001328,participant1328@email.com,Internal,Vocal - Singer,Solo (Open Class)
20/09/2017 12:21:31,Participant 2772,Participant 2772,Wanita,25/06/1984,85000002772,participant2772@email.com,Internal,Vocal - Singer,Yogyakarta
20/09/2017 12:23:12,Participant 1329,Participant 1329,Wanita,9/23/1082,85000001329,participant1329@email.com,Internal,Vocal - Singer,Nias
20/09/2017 12:29:52,Participant 1330,Participant 1330,Wanita,16/03/1986,85000001330,participant1330@email.com,Internal,Vocal - Singer,Nias
20/09/2017 13:01:29,Participant 2773,Participant 2773,Wanita,21/06/1995,85000002773,participant2773@email.com,Internal,Music - Keyboard,Yogyakarta
20/09/2017 15:35:20,Participant 1331,Participant 1331,Pria,11/6/2008,85000001331,participant1331@email.com,Internal,Music - Drum,Solo (Open Class)
21/09/2017 06:52:11,Participant 737,Participant 737,Wanita,6/8/1998,85000000737,participant737@email.com,Internal,Vocal - Singer,Bali
21/09/2017 06:52:29,Participant 737,Participant 737,Wanita,6/8/1998,85000000737,participant737@email.com,Internal,Vocal - Singer,Bali
21/09/2017 08:21:14,Participant 1332,Participant 1332,Wanita,31/05/2002,85000001332,participant1332@email.com,Internal,Vocal - Singer,Jakarta (Open Class)
21/09/2017 09:05:48,Participant 2774,Participant 2774,Wanita,15/03/1981,85000002774,participant2774@email.com,Internal,Vocal - Body Voice,Yogyakarta
21/09/2017 09:07:52,Participant 2766,Participant 2766,Pria,14/05/1993,85000002766,participant2766@email.com,Internal,Vocal - Body Voice,Yogyakarta
21/09/2017 09:11:36,Participant 2775,Participant 2775,Wanita,30/12/1991,85000002775,participant2775@email.com,Internal,Vocal - Body Voice,Yogyakarta
21/09/2017 10:23:19,Participant 1333,Participant 1333,Wanita,22/04/1997,85000001333,participant1333@email.com,Internal,Vocal - Singer,Solo (Open Class)
21/09/2017 11:04:53,Participant 1334,Participant 1334,Pria,25/07/2006,85000001334,participant1334@email.com,Internal,Music - Drum,Solo (Open Class)
21/09/2017 13:24:33,Participant 2776,Participant 2776,Wanita,8/1/1998,85000002776,participant2776@email.com,Internal,Music - Drum,Yogyakarta
21/09/2017 14:09:08,Participant 2777,Participant 2777,Wanita,8/10/1997,85000002777,participant2777@email.com,Internal,Vocal - Singer,Yogyakarta
21/09/2017 14:19:05,Participant 2778,Participant 2778,Pria,14/04/1979,85000002778,participant2778@email.com,Internal,Music - Guitar,Yogyakarta
21/09/2017 15:44:53,Participant 1335,Participant 1335,Wanita,21/04/2000,85000001335,participant1335@email.com,Internal,Arts - Percussion,Solo (Open Class)
21/09/2017 16:03:25,Participant 878,Participant 878,Wanita,21/09/1988,85000000878,participant878@email.com,Internal,Vocal - Body Voice,Solo (Open Class)
21/09/2017 17:35:15,Participant 1336,Participant 1336,Wanita,25/04/2008,85000001336,participant1336@email.com,Internal,Vocal - Singer,Solo (Open Class)
21/09/2017 18:44:55,Participant 1337,Participant 1337,Pria,12/2/2008,85000001337,participant1337@email.com,Internal,Music - Drum,Nias
21/09/2017 18:50:45,Participant 1338,Participant 1338,Pria,19/12/2009,85000001338,participant1338@email.com,Internal,Music - Keyboard,Nias
21/09/2017 18:54:00,Participant 1338,Participant 1338,Pria,19/12/2009,85000001338,participant1338@email.com,Internal,Music - Keyboard,Nias
22/09/2017 08:38:00,Participant 1339,Participant 1339,Wanita,26/04/2000,85000001339,participant1339@email.com,Internal,Arts - Percussion,Solo (Open Class)
22/09/2017 09:48:33,Participant 1340,Participant 1340,Pria,14/11/2000,85000001340,participant1340@email.com,Internal,Vocal - Singer,Solo (Open Class)
22/09/2017 11:53:47,Participant 639,Participant 639,Wanita,27/12/1988,85000000639,participant639@email.com,Internal,Vocal - Body Voice,Semarang
22/09/2017 17:59:40,Participant 1341,Participant 1341,Pria,8/1/1999,85000001341,participant1341@email.com,Internal,Vocal - Singer,Yogyakarta (Open Class)
23/09/2017 05:36:36,Participant 2779,Participant 2779,Wanita,21/01/1999,85000002779,participant2779@email.com,Internal,Arts - Percussion,Yogyakarta
23/09/2017 08:42:01,Participant 1342,Participant 1342,Wanita,19/11/2008,85000001342,participant1342@email.com,Internal,Arts - Percussion,Solo (Open Class)
23/09/2017 09:30:22,Participant 1343,Participant 1343,Wanita,19/07/2000,85000001343,participant1343@email.com,Internal,Vocal - Singer,Solo (Open Class)
23/09/2017 10:04:46,Participant 978,Participant 978,Pria,5/5/1983,85000000978,participant978@email.com,Internal,Vocal - Singer,Solo (Open Class)
23/09/2017 12:07:21,Participant 2780,Participant 2780,Wanita,19/01/1998,85000002780,participant2780@email.com,Internal,Arts - Movement,Yogyakarta
23/09/2017 12:08:38,Participant 1369,Participant 1369,Wanita,5/4/1998,85000001369,participant1369@email.com,Internal,Vocal - Singer,Yogyakarta (Open Class)
23/09/2017 12:14:36,Participant 1369,Participant 1369,Wanita,5/4/2017,85000001369,participant1369@email.com,Internal,Vocal - Singer,Yogyakarta (Open Class)
23/09/2017 13:11:03,Participant 2781,Participant 2781,Pria,21/11/1996,85000002781,participant2781@email.com,Internal,Music - Drum,Yogyakarta
23/09/2017 14:22:30,Participant 2782,Participant 2782,Pria,7/2/2000,85000002782,participant2782@email.com,Internal,Music - Keyboard,Yogyakarta
23/09/2017 18:23:56,Participant 2783,Participant 2783,Wanita,29/05/2001,85000002783,participant2783@email.com,Internal,Vocal - Singer,Yogyakarta
23/09/2017 18:24:21,Participant 2783,Participant 2783,Wanita,29/05/2001,85000002783,participant2783@email.com,Internal,Vocal - Singer,Yogyakarta
23/09/2017 18:59:00,Participant 2783,Participant 2783,Wanita,29/05/2001,85000002783,participant2783@email.com,Internal,Vocal - Singer,Yogyakarta
23/09/2017 20:27:05,Participant 2784,Participant 2784,Pria,22/01/1999,85000002784,participant2784@email.com,Internal,Arts - Movement,Yogyakarta
23/09/2017 20:46:32,Participant 2785,Participant 2785,Wanita,4/8/1999,85000002785,participant2785@email.com,Internal,Vocal - Singer,Yogyakarta
23/09/2017 20:53:38,Participant 2786,Participant 2786,Wanita,31/07/1999,85000002786,participant2786@email.com,Internal,Arts - Movement,Yogyakarta
23/09/2017 20:54:27,PARTICIPANT 2787,PARTICIPANT 2787,Wanita,9/11/1999,85000002787,participant2787@email.com,Internal,Vocal - Singer,Yogyakarta
24/09/2017 02:36:12,Participant 2788,Participant 2788,Wanita,14/04/1999,85000002788,participant2788@email.com,Internal,Arts - Flag,Yogyakarta
24/09/2017 07:19:00,Participant 2783,Participant 2783,Wanita,29/05/2001,85000002783,participant2783@email.com,Internal,Vocal - Singer,Yogyakarta
24/09/2017 07:43:25,Participant 2761,Participant 2761,Wanita,24/04/1979,85000002761,participant2761@email.com,Internal,Vocal - Singer,Yogyakarta
24/09/2017 08:00:05,Participant 2761,Participant 2761,Wanita,24/04/1979,85000002761,participant2761@email.com,Internal,Vocal - Singer,Yogyakarta
24/09/2017 08:14:08,Participant 2789,Participant 2789,Wanita,29/07/1999,85000002789,participant2789@email.com,Internal,Arts - Percussion,Yogyakarta
24/09/2017 08:16:48,Participant 2790,Participant 2790,Wanita,16/07/2002,85000002790,participant2790@email.com,Internal,Arts - Percussion,Yogyakarta
24/09/2017 10:20:53,Participant 1344,Participant 1344,Wanita,15/10/1997,85000001344,participant1344@email.com,Internal,Visual - Makeup,Nias
24/09/2017 10:26:12,Participant 1345,Participant 1345,Wanita,6/8/2004,85000001345,participant1345@email.com,Internal,Music - Keyboard,Nias
24/09/2017 11:38:35,PARTICIPANT 1346,PARTICIPANT 1346,Wanita,22/10/1994,85000001346,participant1346@email.com,Internal,Visual - Makeup,Yogyakarta (Open Class)
24/09/2017 13:09:56,Participant 2791,Participant 2791,Wanita,28/05/1997,85000002791,participant2791@email.com,Internal,Vocal - Singer,Yogyakarta
24/09/2017 13:47:29,Participant 2791,Participant 2791,Wanita,28/05/1997,85000002791,participant2791@email.com,Internal,Vocal - Singer,Yogyakarta
24/09/2017 13:57:18,Participant 2792,Participant 2792,Pria,30/09/1999,85000002792,participant2792@email.com,Internal,Music - Bass,Yogyakarta
24/09/2017 15:57:09,Participant 2793,Participant 2793,Wanita,30/08/1993,85000002793,participant2793@email.com,Internal,Vocal - Singer,Yogyakarta
24/09/2017 16:05:05,Participant 2794,Participant 2794,Wanita,12/4/1995,85000002794,participant2794@email.com,Internal,Music - Bass,Yogyakarta
24/09/2017 16:08:22,Participant 926,Participant 926,Pria,2/6/2001,85000000926,participant926@email.com,Internal,Vocal - Singer,Solo (Open Class)
24/09/2017 17:41:52,Participant 2795,Participant 2795,Wanita,4/9/1998,85000002795,participant2795@email.com,Internal,Vocal - Body Voice,Yogyakarta
24/09/2017 17:51:28,Participant 2678,Participant 2678,Pria,23/04/1987,85000002678,participant2678@email.com,Internal,Vocal - Singer,Yogyakarta
24/09/2017 17:58:56,Participant 2678,Participant 2678,Pria,23/04/1987,85000002678,participant2678@email.com,Internal,Vocal - Singer,Yogyakarta
24/09/2017 21:18:19,Participant 648,Participant 648,Wanita,13/05/1981,85000000648,participant648@email.com,Internal,Visual - Makeup,Solo
24/09/2017 23:39:26,Participant 2798,Participant 2798,Pria,19/01/1990,85000002798,participant2798@email.com,Internal,Vocal - Singer,Yogyakarta
25/09/2017 00:03:36,Participant 2796,Participant 2796,Pria,1/6/1997,85000002796,participant2796@email.com,Internal,Music - Guitar,Yogyakarta
25/09/2017 00:03:58,Participant 2797,Participant 2797,Wanita,7/12/1996,85000002797,participant2797@email.com,Internal,Vocal - Singer,Yogyakarta
25/09/2017 08:30:21,PARTICIPANT 2799,PARTICIPANT 2799,Wanita,20/09/1977,85000002799,participant2799@email.com,Internal,Vocal - Singer,Yogyakarta
25/09/2017 11:09:02,Participant 1560,Participant 1560,Wanita,25/02/1998,85000001560,participant1560@email.com,Internal,Arts - Percussion,Yogyakarta (Open Class)
25/09/2017 12:01:12,Participant 2800,Participant 2800,Wanita,11/6/1996,85000002800,participant2800@email.com,Internal,Vocal - Singer,Yogyakarta
25/09/2017 12:24:37,Participant 2801,Participant 2801,Pria,5/1/1993,85000002801,participant2801@email.com,Internal,Vocal - Singer,Yogyakarta
25/09/2017 13:10:08,Participant 2802,Participant 2802,Wanita,5/10/1992,85000002802,participant2802@email.com,Internal,Vocal - Choir,Yogyakarta
25/09/2017 16:49:54,Participant 2803,Participant 2803,Wanita,3/10/2017,85000002803,participant2803@email.com,Internal,Arts - Percussion,Yogyakarta
25/09/2017 17:56:53,Participant 1046,Participant 1046,Pria,28/04/1987,85000001046,participant1046@email.com,Internal,Music - Drum,Solo (Open Class)
25/09/2017 17:57:52,PARTICIPANT 2804,PARTICIPANT 2804,Pria,2/3/1981,85000002804,participant2804@email.com,Internal,Music - Drum,Yogyakarta
25/09/2017 18:00:09,PARTICIPANT 2804,PARTICIPANT 2804,Pria,2/3/1981,85000002804,participant2804@email.com,Internal,Music - Drum,Yogyakarta
25/09/2017 18:03:39,PARTICIPANT 2804,PARTICIPANT 2804,Pria,2/3/1981,85000002804,participant2804@email.com,Internal,Music - Drum,Yogyakarta
25/09/2017 18:08:42,PARTICIPANT 2804,PARTICIPANT 2804,Pria,2/3/1981,85000002804,participant2804@email.com,Internal,Music - Drum,Yogyakarta
25/09/2017 18:28:32,Participant 2805,Participant 2805,Pria,17/02/2001,85000002805,participant2805@email.com,Internal,Music - Drum,Yogyakarta
25/09/2017 20:11:01,Participant 2394,Participant 2394,Wanita,20/03/1999,85000002394,participant2394@email.com,Internal,Arts - Percussion,Yogyakarta (Open Class)
25/09/2017 22:09:19,participant 2806,participant 2806,Wanita,20/08/1985,85000002806,participant2806@email.com,Internal,Vocal - Singer,Yogyakarta
26/09/2017 14:04:02,Participant 1347,Participant 1347,Pria,15/02/2000,85000001347,participant1347@email.com,Internal,Vocal - Singer,Yogyakarta (Open Class)
26/09/2017 21:50:28,Participant 1348,Participant 1348,Pria,1/9/2000,85000001348,participant1348@email.com,Internal,Vocal - Singer,Yogyakarta (Open Class)
26/09/2017 22:31:42,PARTICIPANT 2807,PARTICIPANT 2807,Pria,17/08/1999,85000002807,participant2807@email.com,Internal,Music - Drum,Yogyakarta
26/09/2017 23:05:44,PARTICIPANT 2807,PARTICIPANT 2807,Pria,17/08/1999,85000002807,participant2807@email.com,Internal,Music - Drum,Yogyakarta
27/09/2017 09:21:14,Participant 499,Participant 499,Wanita,14/06/1999,85000000499,participant499@email.com,Internal,Arts - Percussion,Solo
27/09/2017 10:45:09,Participant 2808,Participant 2808,Wanita,11/7/2017,85000002808,participant2808@email.com,Internal,Music - Drum,Yogyakarta
27/09/2017 11:38:26,participant 1349,participant 1349,Wanita,6/5/2004,85000001349,participant1349@email.com,Internal,Arts - Flag,Solo (Open Class)
27/09/2017 11:42:08,Participant 1350,Participant 1350,Wanita,31/10/2005,85000001350,participant1350@email.com,Internal,Arts - Percussion,Solo (Open Class)
27/09/2017 14:06:15,participant 2809,participant 2809,Wanita,19/04/1998,85000002809,participant2809@email.com,Internal,Arts - Percussion,Yogyakarta
27/09/2017 15:53:01,Participant 1351,Participant 1351,Wanita,21/05/1998,85000001351,participant1351@email.com,Internal,Vocal - Singer,Yogyakarta (Open Class)
27/09/2017 16:02:26,Participant 1050,Participant 1050,Pria,18/04/1997,85000001050,participant1050@email.com,Internal,Vocal - Singer,Yogyakarta (Open Class)
27/09/2017 16:04:45,Participant 1352,Participant 1352,Pria,5/8/2000,85000001352,participant1352@email.com,Internal,Audio - Engineer,Yogyakarta (Open Class)
27/09/2017 16:30:34,Participant 1353,Participant 1353,Wanita,14/10/1977,85000001353,participant1353@email.com,Internal,Vocal - Body Voice,Yogyakarta (Open Class)
27/09/2017 16:42:00,Participant 1354,Participant 1354,Pria,26/03/2005,85000001354,participant1354@email.com,Internal,Vocal - Body Voice,Yogyakarta (Open Class)
27/09/2017 17:37:50,Participant 1355,Participant 1355,Wanita,25/03/2009,85000001355,participant1355@email.com,Internal,Arts - Percussion,Solo (Open Class)
27/09/2017 18:12:06,Participant 1356,Participant 1356,Wanita,26/09/2000,85000001356,participant1356@email.com,Internal,Arts - Percussion,Yogyakarta (Open Class)
27/09/2017 19:15:19,Participant 1357,Participant 1357,Pria,16/10/2004,85000001357,participant1357@email.com,Internal,Vocal - Singer,Solo (Open Class)
27/09/2017 20:21:00,Participant 1358,Participant 1358,Pria,29/04/2005,85000001358,participant1358@email.com,Internal,Music - Bass,Solo (Open Class)
28/09/2017 11:11:17,Participant 2394,Participant 2394,Wanita,20/03/1999,85000002394,participant2394@email.com,Internal,Arts - Percussion,Yogyakarta (Open Class)
28/09/2017 11:24:23,Participant 2810,Participant 2810,Wanita,5/2/2001,85000002810,participant2810@email.com,Internal,Music - Guitar,Yogyakarta
28/09/2017 11:24:27,Participant 2811,Participant 2811,Wanita,6/9/2017,85000002811,participant2811@email.com,Internal,Music - Guitar,Yogyakarta
28/09/2017 16:52:36,Participant 1359,Participant 1359,Wanita,22/08/1979,85000001359,participant1359@email.com,Internal,Vocal - Choir,Solo (Open Class)
28/09/2017 17:03:57,Participant 264,Participant 264,Wanita,17/08/1980,85000000264,participant264@email.com,Internal,Vocal - Body Voice,Solo
28/09/2017 17:30:18,Participant 382,Participant 382,Pria,17/04/1974,85000000382,participant382@email.com,Internal,Vocal - Singer,Solo
28/09/2017 17:41:26,Participant 2812,Participant 2812,Wanita,16/02/1996,85000002812,participant2812@email.com,Internal,Vocal - Choir,Yogyakarta
28/09/2017 21:00:41,Participant 1360,Participant 1360,Wanita,15/08/1985,85000001360,participant1360@email.com,Internal,Visual - Makeup,Solo (Open Class)
28/09/2017 21:22:14,Participant 1361,Participant 1361,Pria,29/04/1974,85000001361,participant1361@email.com,Internal,Audio - Engineer,Solo (Open Class)
28/09/2017 22:03:33,Participant 1362,Participant 1362,Wanita,4/2/2007,85000001362,participant1362@email.com,Internal,Arts - Percussion,Solo (Open Class)
29/09/2017 08:27:17,Participant 1317,Participant 1317,Wanita,2/8/1990,85000001317,participant1317@email.com,Internal,Vocal - Singer,Madiun
29/09/2017 09:20:26,Participant 2813,Participant 2813,Wanita,17/02/2004,85000002813,participant2813@email.com,Internal,Arts - Movement,Yogyakarta
29/09/2017 12:31:21,Participant 2814,Participant 2814,Wanita,7/7/1999,85000002814,participant2814@email.com,Internal,Music - Guitar,Yogyakarta
29/09/2017 12:53:39,Participant 2815,Participant 2815,Wanita,25/12/1985,85000002815,participant2815@email.com,Internal,Vocal - Body Voice,Yogyakarta
29/09/2017 17:38:37,Participant 2816,Participant 2816,Wanita,3/9/2017,85000002816,participant2816@email.com,Internal,Arts - Percussion,Yogyakarta
29/09/2017 18:23:23,Participant 2590,Participant 2590,Wanita,2/12/1994,85000002590,participant2590@email.com,Internal,Music - Guitar,Yogyakarta
29/09/2017 19:46:14,Participant 1363,Participant 1363,Pria,29/08/1987,85000001363,participant1363@email.com,Internal,Vocal - Singer,Yogyakarta (Open Class)
29/09/2017 20:15:52,Participant 1364,Participant 1364,Wanita,23/06/2001,85000001364,participant1364@email.com,Internal,Arts - Percussion,Yogyakarta (Open Class)
29/09/2017 20:20:40,Participant 1365,Participant 1365,Wanita,4/10/1991,85000001365,participant1365@email.com,Internal,Vocal - Body Voice,Yogyakarta (Open Class)
29/09/2017 22:06:30,Participant 344,Participant 344,Wanita,31/08/1981,85000000344,participant344@email.com,Internal,Music - Keyboard,Solo
29/09/2017 22:18:46,Participant 1422,Participant 1422,Pria,8/7/1990,85000001422,participant1422@email.com,Internal,Music - Bass,Magelang
29/09/2017 22:35:44,Participant 2817,Participant 2817,Wanita,25/08/1993,85000002817,participant2817@email.com,Internal,Arts - Movement,Yogyakarta
29/09/2017 23:20:10,Participant 2730,Participant 2730,Pria,3/4/1983,85000002730,participant2730@email.com,Internal,Vocal - Singer,Yogyakarta
30/09/2017 04:13:49,PARTICIPANT 2804,PARTICIPANT 2804,Pria,2/3/1981,85000002804,participant2804@email.com,Internal,Music - Drum,Yogyakarta
30/09/2017 10:26:44,Participant 2818,Participant 2818,Pria,15/12/1998,85000002818,participant2818@email.com,Internal,Music - Guitar,Yogyakarta
30/09/2017 12:31:45,Participant 1366,Participant 1366,Wanita,4/5/1986,85000001366,participant1366@email.com,Internal,Vocal - Singer,Solo (Open Class)
30/09/2017 19:03:15,Participant 1367,Participant 1367,Pria,1/6/2004,85000001367,participant1367@email.com,Internal,Music - Guitar,Yogyakarta (Open Class)
30/09/2017 23:39:53,Participant 1368,Participant 1368,Wanita,15/01/2008,85000001368,participant1368@email.com,Internal,Music - Keyboard,Solo (Open Class)
1/10/2017 0:35,Participant 2572,Participant 2572,Pria,24/03/1997,85000002572,participant2572@email.com,Internal,Music - Keyboard,Yogyakarta
1/10/2017 9:07,Participant 2819,Participant 2819,Pria,22/05/1995,85000002819,participant2819@email.com,Internal,Music - Bass,Yogyakarta
1/10/2017 10:09,Participant 1369,Participant 1369,Wanita,5/4/1998,85000001369,participant1369@email.com,Internal,Vocal - Singer,Yogyakarta (Open Class)
1/10/2017 11:18,Participant 2820,Participant 2820,Wanita,3/1/1987,85000002820,participant2820@email.com,Internal,Vocal - Singer,Yogyakarta
1/10/2017 12:38,Participant 1370,Participant 1370,Wanita,13/12/1979,85000001370,participant1370@email.com,Internal,Vocal - Choir,Solo (Open Class)
1/10/2017 13:46,Participant 2821,Participant 2821,Wanita,21/09/1993,85000002821,participant2821@email.com,Internal,Vocal - Body Voice,Yogyakarta
1/10/2017 14:11,Participant 2822,Participant 2822,Pria,26/12/1994,85000002822,participant2822@email.com,Internal,Music - Drum,Yogyakarta
2/10/2017 5:29,participant 2823,participant 2823,Wanita,1/1/1986,85000002823,participant2823@email.com,Internal,Vocal - Singer,Yogyakarta
2/10/2017 5:34,participant 2820,participant 2820,Wanita,3/1/1987,85000002820,participant2820@email.com,Internal,Vocal - Singer,Yogyakarta
2/10/2017 7:34,Participant 2824,Participant 2824,Wanita,22/08/1996,85000002824,participant2824@email.com,Internal,Arts - Percussion,Yogyakarta
2/10/2017 10:18,Participant 2825,Participant 2825,Pria,2/8/2017,85000002825,participant2825@email.com,Internal,Music - Guitar,Yogyakarta
2/10/2017 10:28,Participant 2826,Participant 2826,Wanita,18/03/2017,85000002826,participant2826@email.com,Internal,Vocal - Body Voice,Yogyakarta
2/10/2017 10:32,Participant 2580,Participant 2580,Wanita,26/05/1995,85000002580,participant2580@email.com,Internal,Music - Drum,Yogyakarta
2/10/2017 11:07,Participant 2825,Participant 2825,Pria,2/8/1984,85000002825,participant2825@email.com,Internal,Music - Guitar,Yogyakarta
2/10/2017 13:06,PARTICIPANT 2712,PARTICIPANT 2712,Wanita,3/12/1995,85000002712,participant2712@email.com,Internal,Vocal - Singer,Yogyakarta
2/10/2017 14:46,Participant 2827,Participant 2827,Wanita,8/6/1988,85000002827,participant2827@email.com,Internal,Arts - Percussion,Yogyakarta
2/10/2017 17:43,Participant 1371,Participant 1371,Wanita,6/9/1974,85000001371,participant1371@email.com,Internal,Vocal - Choir,Solo (Open Class)
2/10/2017 18:14,Participant 2828,Participant 2828,Wanita,7/11/1997,85000002828,participant2828@email.com,Internal,Vocal - Choir,Yogyakarta
2/10/2017 18:27,Participant 2829,Participant 2829,Wanita,3/7/1997,85000002829,participant2829@email.com,Internal,Arts - Movement,Yogyakarta
2/10/2017 18:30,Participant 1372,Participant 1372,Pria,19/12/2009,85000001372,participant1372@email.com,Internal,Music - Keyboard,Nias
2/10/2017 18:31,Participant 2830,Participant 2830,Wanita,10/5/1997,85000002830,participant2830@email.com,Internal,Vocal - Singer,Yogyakarta
2/10/2017 18:33,Participant 1360,Participant 1360,Wanita,15/08/1985,85000001360,participant1360@email.com,Internal,Visual - Makeup,Solo (Open Class)
2/10/2017 18:35,Participant 1337,Participant 1337,Pria,12/2/2008,85000001337,participant1337@email.com,Internal,Music - Drum,Nias
2/10/2017 18:37,Participant 1373,Participant 1373,Pria,24/10/2011,85000001373,participant1373@email.com,Internal,Music - Guitar,Nias
2/10/2017 19:18,Participant 2831,Participant 2831,Wanita,17/02/1999,85000002831,participant2831@email.com,Internal,Vocal - Singer,Yogyakarta
2/10/2017 20:44,Participant 2832,Participant 2832,Wanita,13/06/1995,85000002832,participant2832@email.com,Internal,Vocal - Body Voice,Yogyakarta
2/10/2017 21:20,Participant 2582,Participant 2582,Pria,22/10/1998,85000002582,participant2582@email.com,Internal,Music - Bass,Yogyakarta
2/10/2017 21:35,Participant 2833,Participant 2833,Wanita,16/04/1999,85000002833,participant2833@email.com,Internal,Arts - Percussion,Yogyakarta
2/10/2017 22:31,Participant 2834,Participant 2834,Pria,26/07/2001,85000002834,participant2834@email.com,Internal,Music - Guitar,Yogyakarta
2/10/2017 22:37,Participant 2835,Participant 2835,Wanita,24/07/1996,85000002835,participant2835@email.com,Internal,Arts - Percussion,Yogyakarta
2/10/2017 23:46,Participant 2836,Participant 2836,Pria,25/01/1998,85000002836,participant2836@email.com,Internal,Vocal - Singer,Yogyakarta
3/10/2017 14:45,Participant 1374,Participant 1374,Wanita,7/1/2012,85000001374,participant1374@email.com,Internal,Arts - Flag,Yogyakarta (Open Class)
3/10/2017 15:57,Participant 1375,Participant 1375,Wanita,19/11/2007,85000001375,participant1375@email.com,Internal,Arts - Percussion,Solo (Open Class)
3/10/2017 16:26,Participant 344,Participant 344,Wanita,31/08/1982,85000000344,participant344@email.com,Internal,Music - Keyboard,Solo
4/10/2017 11:54,Participant 1376,Participant 1376,Wanita,11/12/2022,85000001376,participant1376@email.com,Internal,Vocal - Singer,Yogyakarta (Open Class)
4/10/2017 15:20,Participant 370,Participant 370,Wanita,7/6/1989,85000000370,participant370@email.com,Internal,Vocal - Singer,Yogyakarta
4/10/2017 15:40,Participant 1269,Participant 1269,Wanita,18/03/1997,85000001269,participant1269@email.com,Internal,Vocal - Singer,Surabaya
4/10/2017 17:08,Participant 1377,Participant 1377,Pria,30/10/2001,85000001377,participant1377@email.com,Internal,Music - Keyboard,Yogyakarta (Open Class)
5/10/2017 9:23,Participant 1378,Participant 1378,Pria,20/02/2000,85000001378,participant1378@email.com,Internal,Vocal - Singer,Yogyakarta (Open Class)
5/10/2017 16:35,Participant 1379,Participant 1379,Pria,22/04/1978,85000001379,participant1379@email.com,Internal,Music - Guitar,Semarang
5/10/2017 16:57,Participant 1380,Participant 1380,Pria,7/7/2011,85000001380,participant1380@email.com,Internal,Arts - Movement,Semarang
7/10/2017 11:43,Participant 1381,Participant 1381,Wanita,23/01/1992,85000001381,participant1381@email.com,Internal,Vocal - Singer,Yogyakarta (Open Class)
9/10/2017 13:19,Participant 1382,Participant 1382,Wanita,8/4/1995,85000001382,participant1382@email.com,Internal,Arts - Percussion,Yogyakarta (Open Class)
9/10/2017 15:36,Participant 1383,Participant 1383,Wanita,15/10/1984,85000001383,participant1383@email.com,Internal,Vocal - Singer,Samarinda
9/10/2017 20:26,Participant 1384,Participant 1384,Wanita,17/11/2003,85000001384,participant1384@email.com,Internal,Vocal - Singer,Yogyakarta (Open Class)
9/10/2017 22:52,Participant 1385,Participant 1385,Pria,3/3/1991,85000001385,participant1385@email.com,Internal,Vocal - Singer,Solo (Open Class)
10/10/2017 19:16,Participant 1386,Participant 1386,Wanita,7/2/2005,85000001386,participant1386@email.com,Internal,Arts - Percussion,Yogyakarta (Open Class)
11/10/2017 17:50,Participant 1387,Participant 1387,Wanita,26/03/1999,85000001387,participant1387@email.com,Internal,Vocal - Body Voice,Yogyakarta (Open Class)
11/10/2017 18:33,Participant 1388,Participant 1388,Wanita,22/12/1995,85000001388,participant1388@email.com,Internal,Arts - Percussion,Yogyakarta (Open Class)
11/10/2017 19:20,Participant 1364,Participant 1364,Wanita,23/06/2001,85000001364,participant1364@email.com,Internal,Arts - Percussion,Yogyakarta (Open Class)
11/10/2017 20:49,Participant 1389,Participant 1389,Wanita,6/12/2000,85000001389,participant1389@email.com,Internal,Vocal - Body Voice,Yogyakarta (Open Class)
11/10/2017 21:00,Participant 1390,Participant 1390,Wanita,1/10/1998,85000001390,participant1390@email.com,Internal,Vocal - Body Voice,Yogyakarta (Open Class)
11/10/2017 21:59,PARTICIPANT 1391,PARTICIPANT 1391,Wanita,21/07/1998,85000001391,participant1391@email.com,Internal,Vocal - Body Voice,Yogyakarta (Open Class)
11/10/2017 22:31,Participant 1392,Participant 1392,Wanita,24/02/2000,85000001392,participant1392@email.com,Internal,Vocal - Body Voice,Yogyakarta (Open Class)
12/10/2017 7:57,Participant 1393,Participant 1393,Wanita,14/03/1986,85000001393,participant1393@email.com,Internal,Vocal - Singer,Pekalongan
14/10/2017 22:52:52,Participant 1395,Participant 1395,Wanita,21/03/2001,85000001395,participant1395@email.com,Internal,Vocal - Singer,Jakarta (Open Class)
16/10/2017 19:28:08,Participant 1396,Participant 1396,Wanita,7/3/2004,85000001396,participant1396@email.com,Internal,Music - Keyboard,Yogyakarta (Open Class)
26/01/2018 11:24:44,Participant 2837,Participant 2837,Wanita,1/2/1988,85000002837,participant2837@email.com,Internal,Vocal - Choir,Yogyakarta
1/2/2018 13:08,Participant 2838,Participant 2838,Pria,3/3/1995,85000002838,participant2838@email.com,Internal,Music - Drum,Yogyakarta
1/2/2018 13:10,Participant 2838,Participant 2838,Pria,3/3/1995,85000002838,participant2838@email.com,Internal,Music - Drum,Yogyakarta
1/2/2018 13:15,Participant 2838,Participant 2838,Pria,3/3/1995,85000002838,participant2838@email.com,Internal,Music - Drum,Yogyakarta
1/2/2018 14:17,Participant 2839,Participant 2839,Wanita,7/6/1995,85000002839,participant2839@email.com,Internal,Arts - Percussion,Yogyakarta
1/2/2018 14:48,Participant 1397,Participant 1397,Wanita,16/06/2001,85000001397,participant1397@email.com,Internal,Visual - Makeup,Solo (Open Class)
1/2/2018 15:35,Participant 1398,Participant 1398,Pria,20/09/2007,85000001398,participant1398@email.com,Internal,Music - Guitar,Solo (Open Class)
1/2/2018 15:56,PARTICIPANT 1197,PARTICIPANT 1197,Pria,9/11/1989,85000001197,participant1197@email.com,Internal,Music - Keyboard,Surabaya
1/2/2018 17:00,Participant 1098,Participant 1098,Pria,23/01/1981,85000001098,participant1098@email.com,Internal,Vocal - Singer,Solo (Open Class)
1/2/2018 17:22,Participant 1399,Participant 1399,Pria,5/6/1989,85000001399,participant1399@email.com,Internal,Music - Guitar,Solo (Open Class)
1/2/2018 18:49,PARTICIPANT 1400,PARTICIPANT 1400,Wanita,6/9/1981,85000001400,participant1400@email.com,Internal,Vocal - Body Voice,Solo (Open Class)
1/2/2018 19:00,Participant 2731,Participant 2731,Wanita,29/06/2000,85000002731,participant2731@email.com,Internal,Arts - Percussion,Yogyakarta
1/2/2018 19:00,PARTICIPANT 1401,PARTICIPANT 1401,Pria,5/7/1993,85000001401,participant1401@email.com,Internal,Vocal - Singer,Yogyakarta (Open Class)
1/2/2018 19:04,Participant 1402,Participant 1402,Wanita,19/11/1971,85000001402,participant1402@email.com,Internal,Arts - Movement,Solo  (Open Class)
1/2/2018 19:08,Participant 878,Participant 878,Wanita,21/09/1988,85000000878,participant878@email.com,Internal,Vocal - Body Voice,Solo (Open Class)
1/2/2018 19:11,Participant 1403,Participant 1403,Wanita,26/08/1974,85000001403,participant1403@email.com,Internal,Arts - Movement,Solo  (Open Class)
1/2/2018 19:38,Participant 1404,Participant 1404,Pria,30/12/1990,85000001404,participant1404@email.com,Internal,Music - Keyboard,Nias
1/2/2018 19:57,Participant 1405,Participant 1405,Pria,11/2/2002,85000001405,participant1405@email.com,Internal,Vocal - Singer,Solo (Open Class)
1/2/2018 22:23,Participant 1406,Participant 1406,Wanita,24/02/1997,85000001406,participant1406@email.com,Internal,Vocal - Singer,Solo (Open Class)
2/2/2018 6:27,Participant 2840,Participant 2840,Wanita,16/01/1985,85000002840,participant2840@email.com,Internal,Arts - Percussion,Yogyakarta
2/2/2018 8:20,Participant 2841,Participant 2841,Pria,14/05/1994,85000002841,participant2841@email.com,Internal,Vocal - Choir,Yogyakarta
2/2/2018 10:01,Participant 2842,Participant 2842,Pria,20/08/1997,85000002842,participant2842@email.com,Internal,Vocal - Choir,Yogyakarta
2/2/2018 10:03,Participant 1407,Participant 1407,Pria,7/2/1995,85000001407,participant1407@email.com,Internal,Music - Bass,Jakarta (Open Class)
2/2/2018 10:16,Participant 1408,Participant 1408,Wanita,1/4/2005,85000001408,participant1408@email.com,Internal,Arts - Percussion,Solo (Open Class)
2/2/2018 11:01,Participant 2843,Participant 2843,Pria,4/2/2018,85000002843,participant2843@email.com,Internal,Music - Drum,Yogyakarta
2/2/2018 11:04,Participant 1409,Participant 1409,Wanita,24/04/1986,85000001409,participant1409@email.com,Internal,Vocal - Body Voice,Madiun
2/2/2018 11:04,Participant 2843,Participant 2843,Pria,4/2/2018,85000002843,participant2843@email.com,Internal,Music - Drum,Yogyakarta
2/2/2018 11:21,PARTICIPANT 2844,PARTICIPANT 2844,Pria,20/04/2018,85000002844,participant2844@email.com,Internal,Vocal - Choir,Yogyakarta
2/2/2018 11:23,Participant 2845,Participant 2845,Pria,24/01/1997,85000002845,participant2845@email.com,Internal,Vocal - Choir,Yogyakarta
2/2/2018 11:52,Participant 2846,Participant 2846,Wanita,12/1/2018,85000002846,participant2846@email.com,Internal,Vocal - Choir,Yogyakarta
2/2/2018 12:32,Participant 1410,Participant 1410,Pria,17/12/2000,85000001410,participant1410@email.com,Internal,Vocal - Singer,Pekalongan
2/2/2018 16:28,Participant 1411,Participant 1411,Wanita,18/05/1988,85000001411,participant1411@email.com,Internal,Vocal - Singer,Semarang
2/2/2018 17:26,Participant 1412,Participant 1412,Wanita,28/02/1995,85000001412,participant1412@email.com,Internal,Arts - Flag,Solo (Open Class)
2/2/2018 23:08,PARTICIPANT 1413,PARTICIPANT 1413,Pria,13/08/1984,85000001413,participant1413@email.com,Internal,Music - Keyboard,Klaten
3/2/2018 7:14,Participant 266,Participant 266,Pria,27/08/1984,85000000266,participant266@email.com,Internal,Audio - Engineer,Samarinda
3/2/2018 8:18,Participant 2847,Participant 2847,Wanita,11/2/2018,85000002847,participant2847@email.com,Internal,Vocal - Choir,Yogyakarta
3/2/2018 9:41,Participant 2848,Participant 2848,Wanita,17/11/2018,85000002848,participant2848@email.com,Internal,Vocal - Body Voice,Yogyakarta
3/2/2018 10:11,Participant 1414,Participant 1414,Wanita,17/01/1981,85000001414,participant1414@email.com,Internal,Vocal - Singer,Nias
3/2/2018 10:39,Participant 1415,Participant 1415,Wanita,8/7/2008,85000001415,participant1415@email.com,Internal,Arts - Movement,Jakarta (Open Class)
3/2/2018 14:29,Participant 1416,Participant 1416,Pria,1/1/1977,85000001416,participant1416@email.com,Internal,Vocal - Singer,Solo (Open Class)
3/2/2018 14:32,Participant 1416,Participant 1416,Pria,1/1/1977,85000001416,participant1416@email.com,Internal,Vocal - Singer,Solo (Open Class)
3/2/2018 19:03,participant 1417,participant 1417,Pria,26/02/1994,85000001417,participant1417@email.com,Internal,Music - Drum,Solo (Open Class)
3/2/2018 20:15,PARTICIPANT 2844,PARTICIPANT 2844,Pria,20/04/2018,85000002844,participant2844@email.com,Internal,Vocal - Choir,Yogyakarta
4/2/2018 9:59,Participant 1253,Participant 1253,Wanita,17/06/1986,85000001253,participant1253@email.com,Internal,Vocal - Singer,Solo (Open Class)
4/2/2018 15:34,Participant 2849,Participant 2849,Pria,2/1/1998,85000002849,participant2849@email.com,Internal,Music - Drum,Yogyakarta
4/2/2018 15:46,Participant 1418,Participant 1418,Pria,5/8/1995,85000001418,participant1418@email.com,Internal,Music - Keyboard,Sragen
4/2/2018 19:19,Participant 2846,Participant 2846,Wanita,12/1/1997,85000002846,participant2846@email.com,Internal,Vocal - Choir,Yogyakarta
4/2/2018 19:41,Participant 2850,Participant 2850,Wanita,20/06/1998,85000002850,participant2850@email.com,Internal,Arts - Movement,Yogyakarta
4/2/2018 19:45,Participant 2850,Participant 2850,Wanita,20/06/1998,85000002850,participant2850@email.com,Internal,Arts - Movement,Yogyakarta
4/2/2018 20:13,Participant 2851,Participant 2851,Wanita,27/05/1984,85000002851,participant2851@email.com,Internal,Arts - Percussion,Yogyakarta
5/2/2018 6:56,Participant 2852,Participant 2852,Wanita,7/5/1969,85000002852,participant2852@email.com,Internal,Vocal - Body Voice,Yogyakarta
5/2/2018 9:21,Participant 2853,Participant 2853,Wanita,7/5/1997,85000002853,participant2853@email.com,Internal,Music - Guitar,Yogyakarta
5/2/2018 9:24,Participant 2854,Participant 2854,Wanita,27/05/1993,85000002854,participant2854@email.com,Internal,Vocal - Choir,Yogyakarta
5/2/2018 14:47,Participant 1415,Participant 1415,Wanita,8/7/2008,85000001415,participant1415@email.com,Internal,Arts - Movement,Jakarta (Open Class)
5/2/2018 22:38,PARTICIPANT 1419,PARTICIPANT 1419,Wanita,25/04/1994,85000001419,participant1419@email.com,Internal,Vocal - Choir,Yogyakarta (Open Class)
6/2/2018 11:53,Participant 1420,Participant 1420,Pria,22/10/1979,85000001420,participant1420@email.com,Internal,Music - Guitar,Nias
6/2/2018 12:50,Participant 1421,Participant 1421,Pria,29/10/2000,85000001421,participant1421@email.com,Internal,Vocal - Singer,Solo (Open Class)
6/2/2018 14:25,Participant 1422,Participant 1422,Pria,8/7/1990,85000001422,participant1422@email.com,Internal,Music - Bass,Magelang
6/2/2018 16:30,Participant 1423,Participant 1423,Pria,19/04/2003,85000001423,participant1423@email.com,Internal,Music - Keyboard,Solo (Open Class)
6/2/2018 18:20,Participant 1424,Participant 1424,Pria,15/10/2002,85000001424,participant1424@email.com,Internal,Music - Guitar,Yogyakarta (Open Class)
6/2/2018 19:31,Participant 2855,Participant 2855,Pria,17/11/1998,85000002855,participant2855@email.com,Internal,Music - Drum,Yogyakarta
6/2/2018 19:34,Participant 2856,Participant 2856,Pria,3/11/1996,85000002856,participant2856@email.com,Internal,Music - Drum,Yogyakarta
6/2/2018 19:35,Participant 2856,Participant 2856,Pria,3/11/1996,85000002856,participant2856@email.com,Internal,Music - Drum,Yogyakarta
6/2/2018 19:36,Participant 2855,Participant 2855,Pria,17/11/1998,85000002855,participant2855@email.com,Internal,Music - Drum,Yogyakarta
6/2/2018 20:16,Participant 2857,Participant 2857,Wanita,10/11/1999,85000002857,participant2857@email.com,Internal,Music - Drum,Yogyakarta
6/2/2018 20:54,participant 2855,participant 2855,Pria,17/11/1998,85000002855,participant2855@email.com,Internal,Music - Drum,Yogyakarta
7/2/2018 5:51,Participant 1355,Participant 1355,Wanita,25/03/2009,85000001355,participant1355@email.com,Internal,Arts - Percussion,Solo (Open Class)
7/2/2018 10:53,Participant 1425,Participant 1425,Wanita,29/11/1989,85000001425,participant1425@email.com,Internal,Arts - Percussion,Solo  (Open Class)
7/2/2018 11:07,Participant 2858,Participant 2858,Wanita,26/02/1997,85000002858,participant2858@email.com,Internal,Vocal - Choir,Yogyakarta
7/2/2018 14:00,Participant 1426,Participant 1426,Pria,20/09/1997,85000001426,participant1426@email.com,Internal,Vocal - Singer,Jakarta (Open Class)
7/2/2018 14:34,Participant 1419,Participant 1419,Wanita,25/04/1994,85000001419,participant1419@email.com,Internal,Vocal - Choir,Yogyakarta (Open Class)
8/2/2018 10:00,Participant 1427,Participant 1427,Wanita,11/11/1977,85000001427,participant1427@email.com,Internal,Vocal - Singer,Nias
8/2/2018 14:19,Participant 1428,Participant 1428,Pria,19/08/1992,85000001428,participant1428@email.com,Internal,Vocal - Singer,Solo (Open Class)
8/2/2018 14:50,participant 1429,participant 1429,Wanita,9/2/2008,85000001429,participant1429@email.com,Internal,Arts - Movement,Solo (Open Class)
8/2/2018 19:19,Participant 1430,Participant 1430,Wanita,29/07/2000,85000001430,participant1430@email.com,Internal,Arts - Movement,Nias
8/2/2018 19:19,Participant 1431,Participant 1431,Wanita,14/01/1999,85000001431,participant1431@email.com,Internal,Vocal - Body Voice,Nias
8/2/2018 19:22,participant 1432,participant 1432,Wanita,8/1/2005,85000001432,participant1432@email.com,Internal,Arts - Percussion,Nias
8/2/2018 19:32,PARTICIPANT 1433,PARTICIPANT 1433,Wanita,6/10/1996,85000001433,participant1433@email.com,Internal,Vocal - Body Voice,Nias
8/2/2018 19:38,Participant 1434,Participant 1434,Wanita,10/7/1999,85000001434,participant1434@email.com,Internal,Arts - Percussion,Nias
8/2/2018 19:39,Participant 1435,Participant 1435,Pria,30/01/2004,85000001435,participant1435@email.com,Internal,Music - Drum,Nias
8/2/2018 19:47,PARTICIPANT 1436,PARTICIPANT 1436,Wanita,21/04/1993,85000001436,participant1436@email.com,Internal,Arts - Percussion,Nias
8/2/2018 19:48,Participant 1437,Participant 1437,Wanita,30/04/1993,85000001437,participant1437@email.com,Internal,Vocal - Singer,Nias
8/2/2018 19:50,Participant 1438,Participant 1438,Wanita,7/5/1998,85000001438,participant1438@email.com,Internal,Arts - Percussion,Nias
8/2/2018 19:50,Participant 1439,Participant 1439,Pria,7/6/2003,85000001439,participant1439@email.com,Internal,Music - Guitar,Nias
8/2/2018 19:51,Participant 1440,Participant 1440,Wanita,16/06/1990,85000001440,participant1440@email.com,Internal,Arts - Percussion,Nias
8/2/2018 20:00,Participant 1441,Participant 1441,Wanita,10/10/1998,85000001441,participant1441@email.com,Internal,Arts - Percussion,Nias
8/2/2018 21:45,Participant 1433,Participant 1433,Wanita,6/10/1996,85000001433,participant1433@email.com,Internal,Vocal - Body Voice,Nias
8/2/2018 21:58,Participant 1442,Participant 1442,Wanita,29/10/1997,85000001442,participant1442@email.com,Internal,Arts - Movement,Nias
9/2/2018 11:39,Participant 1443,Participant 1443,Wanita,1/3/1995,85000001443,participant1443@email.com,Internal,Arts - Percussion,Nias
9/2/2018 15:46,Participant 1444,Participant 1444,Wanita,17/11/1999,85000001444,participant1444@email.com,Internal,Arts - Percussion,Nias
9/2/2018 18:45,Participant 1445,Participant 1445,Wanita,29/06/2001,85000001445,participant1445@email.com,Internal,Arts - Percussion,Nias
9/2/2018 19:41,Participant 1446,Participant 1446,Wanita,6/9/1995,85000001446,participant1446@email.com,Internal,Arts - Percussion,Nias
9/2/2018 19:58,Participant 2859,Participant 2859,Pria,6/4/1998,85000002859,participant2859@email.com,Internal,Music - Guitar,Yogyakarta
9/2/2018 21:28,PARTICIPANT 2860,PARTICIPANT 2860,Wanita,9/4/2002,85000002860,participant2860@email.com,Internal,Vocal - Choir,Yogyakarta
10/2/2018 8:31,Participant 1447,Participant 1447,Pria,3/5/2006,85000001447,participant1447@email.com,Internal,Music - Drum,Solo (Open Class)
10/2/2018 11:16,Participant 1448,Participant 1448,Pria,21/06/2000,85000001448,participant1448@email.com,Internal,Music - Keyboard,Nias
10/2/2018 12:29,Participant 1449,Participant 1449,Pria,2/5/1976,85000001449,participant1449@email.com,Internal,Music - Drum,Magelang
10/2/2018 12:31,Participant 1450,Participant 1450,Wanita,27/08/1988,85000001450,participant1450@email.com,Internal,Arts - Flag,Nias
10/2/2018 16:23,Participant 2861,Participant 2861,Pria,12/11/1982,85000002861,participant2861@email.com,Internal,Music - Bass,Yogyakarta
10/2/2018 20:21,Participant 2862,Participant 2862,Wanita,26/08/2002,85000002862,participant2862@email.com,Internal,Arts - Percussion,Yogyakarta
10/2/2018 22:40,Participant 2863,Participant 2863,Pria,10/2/2018,85000002863,participant2863@email.com,Internal,Music - Drum,Yogyakarta
10/2/2018 22:52,Participant 1451,Participant 1451,Wanita,5/11/1997,85000001451,participant1451@email.com,Internal,Vocal - Singer,Jakarta (Open Class)
10/2/2018 23:11,Participant 2864,Participant 2864,Pria,23/03/1994,85000002864,participant2864@email.com,Internal,Music - Drum,Yogyakarta
11/2/2018 6:58,PARTICIPANT 1452,PARTICIPANT 1452,Wanita,3/6/2005,85000001452,participant1452@email.com,Internal,Visual - Makeup,Solo (Open Class)
11/2/2018 10:59,Participant 1453,Participant 1453,Wanita,15/07/2006,85000001453,participant1453@email.com,Internal,Arts - Percussion,Solo (Open Class)
11/2/2018 14:10,Participant 1454,Participant 1454,Wanita,29/09/2004,85000001454,participant1454@email.com,Internal,Arts - Percussion,Solo (Open Class)
11/2/2018 14:22,Participant 1455,Participant 1455,Wanita,1/30/0003,85000001455,participant1455@email.com,Internal,Arts - Percussion,Nias
11/2/2018 17:38,Participant 1456,Participant 1456,Wanita,13/04/2008,85000001456,participant1456@email.com,Internal,Vocal - Singer,Solo (Open Class)
11/2/2018 18:45,Participant 1457,Participant 1457,Wanita,23/12/1990,85000001457,participant1457@email.com,Internal,Arts - Percussion,Nias
11/2/2018 19:27,Participant 1458,Participant 1458,Wanita,10/7/2003,85000001458,participant1458@email.com,Internal,Arts - Percussion,Nias
11/2/2018 21:04,Participant 2865,Participant 2865,Pria,18/10/1999,85000002865,participant2865@email.com,Internal,Vocal - Choir,Yogyakarta
11/2/2018 21:45,Participant 2865,Participant 2865,Pria,18/10/1999,85000002865,participant2865@email.com,Internal,Vocal - Choir,Yogyakarta
12/2/2018 6:17,Participant 1459,Participant 1459,Wanita,7/7/2006,85000001459,participant1459@email.com,Internal,Visual - Makeup,Solo (Open Class)
12/2/2018 6:32,Participant 1219,Participant 1219,Pria,17/02/2010,85000001219,participant1219@email.com,Internal,Vocal - Singer,Solo (Open Class)
12/2/2018 9:33,participant 1460,participant 1460,Wanita,28/08/2006,85000001460,participant1460@email.com,Internal,Arts - Percussion,Solo (Open Class)
12/2/2018 11:00,participant 1461,participant 1461,Wanita,15/05/2007,85000001461,participant1461@email.com,Internal,Vocal - Singer,Solo (Open Class)
12/2/2018 11:38,Participant 1462,Participant 1462,Wanita,10/5/2008,85000001462,participant1462@email.com,Internal,Arts - Percussion,Solo (Open Class)
12/2/2018 12:44,Participant 1463,Participant 1463,Wanita,12/10/1999,85000001463,participant1463@email.com,Internal,Vocal - Singer,Solo (Open Class)
12/2/2018 15:52,Participant 2866,Participant 2866,Wanita,9/4/1996,85000002866,participant2866@email.com,Internal,Arts - Percussion,Yogyakarta
12/2/2018 15:54,Participant 2866,Participant 2866,Wanita,9/4/1996,85000002866,participant2866@email.com,Internal,Arts - Percussion,Yogyakarta
12/2/2018 16:09,Participant 1464,Participant 1464,Wanita,9/5/2007,85000001464,participant1464@email.com,Internal,Vocal - Body Voice,Yogyakarta (Open Class)
12/2/2018 16:18,Participant 1465,Participant 1465,Pria,16/01/2005,85000001465,participant1465@email.com,Internal,Music - Keyboard,Yogyakarta (Open Class)
12/2/2018 16:20,Participant 1466,Participant 1466,Pria,7/5/1990,85000001466,participant1466@email.com,Internal,Music - Drum,Yogyakarta (Open Class)
12/2/2018 19:18,Participant 1467,Participant 1467,Pria,28/09/2009,85000001467,participant1467@email.com,Internal,Music - Drum,Solo (Open Class)
12/2/2018 19:55,Participant 1343,Participant 1343,Wanita,19/07/2000,85000001343,participant1343@email.com,Internal,Vocal - Singer,Solo (Open Class)
12/2/2018 20:21,Participant 1038,Participant 1038,Wanita,5/9/2002,85000001038,participant1038@email.com,Internal,Vocal - Singer,Solo (Open Class)
12/2/2018 21:15,Participant 1468,Participant 1468,Wanita,22/09/2004,85000001468,participant1468@email.com,Internal,Arts - Percussion,Yogyakarta (Open Class)
13/02/2018 09:46:27,Participant 1469,Participant 1469,Wanita,6/2/2004,85000001469,participant1469@email.com,Internal,Arts - Percussion,Solo (Open Class)
13/02/2018 12:10:12,Participant 1470,Participant 1470,Pria,2/12/2001,85000001470,participant1470@email.com,Internal,Vocal - Singer,Solo (Open Class)
13/02/2018 12:32:04,Participant 585,Participant 585,Wanita,5/3/1998,85000000585,participant585@email.com,Internal,Arts - Percussion,Yogyakarta
13/02/2018 16:59:44,Participant 1471,Participant 1471,Pria,13/04/1976,85000001471,participant1471@email.com,Internal,Vocal - Singer,Jakarta (Open Class)
13/02/2018 17:09:28,Participant 1206,Participant 1206,Pria,10/4/1988,85000001206,participant1206@email.com,Internal,Music - Bass,Surabaya
13/02/2018 17:16:57,Participant 1472,Participant 1472,Wanita,14/05/1988,85000001472,participant1472@email.com,Internal,Visual - Makeup,Solo (Open Class)
13/02/2018 18:08:01,Participant 508,Participant 508,Wanita,30/11/1991,85000000508,participant508@email.com,Internal,Vocal - Singer,Bali
13/02/2018 18:22:58,Participant 2867,Participant 2867,Pria,31/03/1999,85000002867,participant2867@email.com,Internal,Music - Guitar,Yogyakarta
13/02/2018 18:33:40,PARTICIPANT 2868,PARTICIPANT 2868,Pria,20/04/2000,85000002868,participant2868@email.com,Internal,Music - Guitar,Yogyakarta
13/02/2018 19:10:49,PARTICIPANT 2869,PARTICIPANT 2869,Pria,21/09/1999,85000002869,participant2869@email.com,Internal,Music - Drum,Yogyakarta
13/02/2018 19:47:01,Participant 759,Participant 759,Wanita,5/7/2004,85000000759,participant759@email.com,Internal,Arts - Percussion,Solo
13/02/2018 21:16:20,Participant 1473,Participant 1473,Pria,12/5/2002,85000001473,participant1473@email.com,Internal,Music - Bass,Nias
13/02/2018 22:16:11,Participant 1474,Participant 1474,Pria,28/05/1992,85000001474,participant1474@email.com,Internal,Vocal - Body Voice,Nias
13/02/2018 23:40:42,Participant 1475,Participant 1475,Pria,11/7/2001,85000001475,participant1475@email.com,Internal,Music - Drum,Yogyakarta (Open Class)
14/02/2018 07:21:52,Participant 1476,Participant 1476,Wanita,9/12/1989,85000001476,participant1476@email.com,Internal,Arts - Percussion,Magelang
14/02/2018 07:41:50,Participant 1477,Participant 1477,Wanita,26/03/1996,85000001477,participant1477@email.com,Internal,Music - Keyboard,Nias
14/02/2018 08:22:07,participant 1478,participant 1478,Pria,8/5/1978,85000001478,participant1478@email.com,Internal,Vocal - Singer,Jakarta (Open Class)
14/02/2018 08:29:54,Participant 1479,Participant 1479,Pria,21/12/1993,85000001479,participant1479@email.com,Internal,Vocal - Singer,Solo (Open Class)
14/02/2018 08:54:08,Participant 1480,Participant 1480,Pria,14/01/2005,85000001480,participant1480@email.com,Internal,Vocal - Singer,Nias
14/02/2018 09:11:50,Participant 1481,Participant 1481,Pria,2/5/2006,85000001481,participant1481@email.com,Internal,Music - Drum,Nias
14/02/2018 10:26:21,Participant 1482,Participant 1482,Pria,28/09/2000,85000001482,participant1482@email.com,Internal,Audio - Engineer,Solo (Open Class)
14/02/2018 10:28:47,Participant 1483,Participant 1483,Wanita,25/06/2000,85000001483,participant1483@email.com,Internal,Visual - Makeup,Solo (Open Class)
14/02/2018 10:45:23,participant 2870,participant 2870,Pria,11/12/1995,85000002870,participant2870@email.com,Internal,Vocal - Choir,Yogyakarta
14/02/2018 10:54:18,participant 2871,participant 2871,Pria,23/10/1999,85000002871,participant2871@email.com,Internal,Music - Drum,Yogyakarta
14/02/2018 11:18:53,Participant 1377,Participant 1377,Pria,30/10/2001,85000001377,participant1377@email.com,Internal,Music - Keyboard,Yogyakarta (Open Class)
14/02/2018 11:25:40,Participant 1484,Participant 1484,Pria,25/07/2006,85000001484,participant1484@email.com,Internal,Music - Drum,Solo (Open Class)
14/02/2018 13:05:58,Participant 1485,Participant 1485,Wanita,20/02/1972,85000001485,participant1485@email.com,Internal,Visual - Makeup,Yogyakarta (Open Class)
14/02/2018 13:28:52,Participant 1486,Participant 1486,Wanita,2/11/2004,85000001486,participant1486@email.com,Internal,Vocal - Singer,Jakarta (Open Class)
14/02/2018 14:36:51,Participant 1308,Participant 1308,Wanita,30/11/2004,85000001308,participant1308@email.com,Internal,Arts - Movement,Yogyakarta (Open Class)
14/02/2018 16:57:13,Participant 1487,Participant 1487,Pria,2/12/2001,85000001487,participant1487@email.com,Internal,Vocal - Singer,Solo (Open Class)
14/02/2018 17:40:54,Participant 1488,Participant 1488,Wanita,17/05/1980,85000001488,participant1488@email.com,Internal,Arts - Percussion,Magelang
14/02/2018 18:34:41,Participant 747,Participant 747,Wanita,1/5/2004,85000000747,participant747@email.com,Internal,Arts - Percussion,Solo
14/02/2018 20:10:44,Participant 1489,Participant 1489,Wanita,11/5/2006,85000001489,participant1489@email.com,Internal,Arts - Movement,Solo (Open Class)
14/02/2018 22:13:36,Participant 1490,Participant 1490,Wanita,21/03/1987,85000001490,participant1490@email.com,Internal,Vocal - Singer,Nias
14/02/2018 22:36:01,Participant 1491,Participant 1491,Pria,3/5/2006,85000001491,participant1491@email.com,Internal,Music - Drum,Nias
15/02/2018 07:43:20,Participant 1492,Participant 1492,Wanita,7/7/1979,85000001492,participant1492@email.com,Internal,Vocal - Body Voice,Yogyakarta (Open Class)
15/02/2018 07:59:32,Participant 1493,Participant 1493,Wanita,18/04/1980,85000001493,participant1493@email.com,Internal,Vocal - Choir,Jakarta (Open Class)
15/02/2018 08:43:28,Participant 1494,Participant 1494,Pria,4/11/1991,85000001494,participant1494@email.com,Internal,Music - Guitar,Solo (Open Class)
15/02/2018 09:41:18,Participant 1495,Participant 1495,Pria,16/11/1988,85000001495,participant1495@email.com,Internal,Vocal - Singer,Solo (Open Class)
15/02/2018 10:31:51,Participant 1496,Participant 1496,Wanita,20/12/1989,85000001496,participant1496@email.com,Internal,Vocal - Singer,Wonogiri
15/02/2018 17:06:33,Participant 1497,Participant 1497,Wanita,4/1/2000,85000001497,participant1497@email.com,Internal,Music - Keyboard,Magelang
15/02/2018 18:58:41,Participant 1498,Participant 1498,Wanita,6/3/1987,85000001498,participant1498@email.com,Internal,Vocal - Choir,Jakarta (Open Class)
15/02/2018 19:00:23,Participant 1499,Participant 1499,Wanita,9/9/2009,85000001499,participant1499@email.com,Internal,Vocal - Singer,Jakarta (Open Class)
15/02/2018 20:56:42,Participant 1500,Participant 1500,Wanita,29/11/1992,85000001500,participant1500@email.com,Internal,Arts - Percussion,Jakarta (Open Class)
15/02/2018 21:32:42,Participant 1304,Participant 1304,Pria,4/8/1996,85000001304,participant1304@email.com,Internal,Music - Guitar,Semarang
15/02/2018 22:56:09,Participant 1501,Participant 1501,Pria,3/4/2023,85000001501,participant1501@email.com,Internal,Music - Guitar,Magelang
15/02/2018 23:07:47,Participant 1501,Participant 1501,Pria,3/4/1986,85000001501,participant1501@email.com,Internal,Music - Guitar,Magelang
16/02/2018 09:59:50,PARTICIPANT 1502,PARTICIPANT 1502,Pria,2/12/2001,85000001502,participant1502@email.com,Internal,Vocal - Body Voice,Solo (Open Class)
16/02/2018 10:03:02,Participant 1503,Participant 1503,Wanita,11/10/1980,85000001503,participant1503@email.com,Internal,Vocal - Choir,Solo  (Open Class)
16/02/2018 12:00:16,Participant 1504,Participant 1504,Wanita,22/08/2000,85000001504,participant1504@email.com,Internal,Vocal - Singer,Yogyakarta (Open Class)
16/02/2018 15:56:36,Participant 1505,Participant 1505,Pria,6/12/2000,85000001505,participant1505@email.com,Internal,Music - Keyboard,Yogyakarta (Open Class)
16/02/2018 16:05:16,Participant 531,Participant 531,Wanita,1/11/2004,85000000531,participant531@email.com,Internal,Arts - Percussion,Solo
16/02/2018 16:19:01,PARTICIPANT 1506,PARTICIPANT 1506,Pria,23/08/1982,85000001506,participant1506@email.com,Internal,Music - Guitar,Yogyakarta (Open Class)
16/02/2018 16:26:17,Participant 1507,Participant 1507,Wanita,15/04/1998,85000001507,participant1507@email.com,Internal,Vocal - Singer,Magelang
16/02/2018 18:20:37,Participant 1508,Participant 1508,Wanita,8/4/2007,85000001508,participant1508@email.com,Internal,Arts - Percussion,Nias
16/02/2018 18:53:17,participant 532,participant 532,Wanita,19/03/2007,85000000532,participant532@email.com,Internal,Arts - Percussion,Solo
16/02/2018 19:02:13,Participant 1509,Participant 1509,Pria,22/08/2000,85000001509,participant1509@email.com,Internal,Vocal - Singer,Yogyakarta (Open Class)
16/02/2018 19:25:13,Participant 1510,Participant 1510,Wanita,3/4/1975,85000001510,participant1510@email.com,Internal,Vocal - Body Voice,Solo (Open Class)
16/02/2018 20:05:32,PARTICIPANT 251,PARTICIPANT 251,Wanita,19/08/1989,85000000251,participant251@email.com,Internal,Vocal - Body Voice,Madiun
16/02/2018 20:05:40,Participant 171,Participant 171,Pria,29/10/1987,85000000171,participant171@email.com,Internal,Music - Guitar,Madiun
16/02/2018 21:01:50,Participant 1511,Participant 1511,Wanita,22/04/2002,85000001511,participant1511@email.com,Internal,Arts - Percussion,Jakarta (Open Class)
16/02/2018 21:10:59,Participant 1512,Participant 1512,Pria,30/09/2003,85000001512,participant1512@email.com,Internal,Music - Keyboard,Yogyakarta (Open Class)
16/02/2018 21:22:20,PARTICIPANT 1513,PARTICIPANT 1513,Wanita,21/02/2004,85000001513,participant1513@email.com,Internal,Arts - Movement,Nias
16/02/2018 21:35:31,Participant 1514,Participant 1514,Pria,19/02/2004,85000001514,participant1514@email.com,Internal,Arts - Movement,Solo (Open Class)
16/02/2018 22:13:48,Participant 277,Participant 277,Wanita,25/12/2003,85000000277,participant277@email.com,Internal,Arts - Percussion,Samarinda
16/02/2018 22:17:13,Participant 277,Participant 277,Wanita,25/11/2003,85000000277,participant277@email.com,Internal,Arts - Percussion,Samarinda
17/02/2018 02:19:36,Participant 1515,Participant 1515,Wanita,12/7/1999,85000001515,participant1515@email.com,Internal,Arts - Percussion,Yogyakarta (Open Class)
17/02/2018 07:35:52,Participant 1516,Participant 1516,Wanita,3/10/1996,85000001516,participant1516@email.com,Internal,Arts - Percussion,Bandung
17/02/2018 09:38:24,Participant 13,Participant 13,Wanita,7/4/1997,85000000013,participant13@email.com,Internal,Arts - Percussion,Solo
17/02/2018 11:47:53,PARTICIPANT 2872,PARTICIPANT 2872,Wanita,7/12/1993,85000002872,participant2872@email.com,Internal,Vocal - Body Voice,Yogyakarta
17/02/2018 13:21:46,Participant 1517,Participant 1517,Wanita,4/4/2009,85000001517,participant1517@email.com,Internal,Vocal - Body Voice,Jakarta (Open Class)
17/02/2018 13:40:16,Participant 2873,Participant 2873,Wanita,12/10/1992,85000002873,participant2873@email.com,Internal,Arts - Movement,Yogyakarta
17/02/2018 13:45:20,Participant 1270,Participant 1270,Wanita,22/07/2004,85000001270,participant1270@email.com,Internal,Arts - Percussion,Solo (Open Class)
17/02/2018 13:51:57,Participant 1518,Participant 1518,Wanita,7/4/1999,85000001518,participant1518@email.com,Internal,Vocal - Singer,Jakarta (Open Class)
17/02/2018 14:02:51,Participant 1519,Participant 1519,Pria,27/04/1969,85000001519,participant1519@email.com,Internal,Music - Keyboard,Solo (Open Class)
17/02/2018 14:48:13,Participant 2874,Participant 2874,Pria,27/09/1998,85000002874,participant2874@email.com,Internal,Music - Drum,Yogyakarta
17/02/2018 15:46:49,Participant 1520,Participant 1520,Pria,25/09/2001,85000001520,participant1520@email.com,Internal,Music - Drum,Solo (Open Class)
17/02/2018 15:46:54,Participant 674,Participant 674,Pria,7/7/2002,85000000674,participant674@email.com,Internal,Music - Guitar,Yogyakarta
17/02/2018 16:00:25,Participant 1521,Participant 1521,Pria,2/2/2003,85000001521,participant1521@email.com,Internal,Vocal - Body Voice,Jakarta (Open Class)
17/02/2018 16:04:18,Participant 1522,Participant 1522,Pria,16/09/2001,85000001522,participant1522@email.com,Internal,Vocal - Body Voice,Jakarta (Open Class)
17/02/2018 20:47:33,Participant 1523,Participant 1523,Wanita,21/07/2000,85000001523,participant1523@email.com,Internal,Vocal - Singer,Yogyakarta (Open Class)
17/02/2018 20:49:23,Participant 1524,Participant 1524,Pria,23/01/2000,85000001524,participant1524@email.com,Internal,Music - Drum,Yogyakarta (Open Class)
18/02/2018 08:40:37,Participant 2876,Participant 2876,Wanita,25/03/1976,85000002876,participant2876@email.com,Internal,Vocal - Choir,Yogyakarta
18/02/2018 08:45:41,Participant 2875,Participant 2875,Wanita,11/9/1999,85000002875,participant2875@email.com,Internal,Arts - Percussion,Yogyakarta
18/02/2018 09:23:06,Participant 2877,Participant 2877,Pria,14/02/2018,85000002877,participant2877@email.com,Internal,Arts - Flag,Yogyakarta
18/02/2018 09:37:08,Participant 1525,Participant 1525,Wanita,3/8/2005,85000001525,participant1525@email.com,Internal,Arts - Movement,Solo (Open Class)
18/02/2018 10:01:56,Participant 2878,Participant 2878,Pria,21/03/1996,85000002878,participant2878@email.com,Internal,Music - Drum,Yogyakarta
18/02/2018 10:34:56,Participant 2862,Participant 2862,Wanita,26/08/2002,85000002862,participant2862@email.com,Internal,Arts - Percussion,Yogyakarta
18/02/2018 11:14:56,Participant 2879,Participant 2879,Pria,13/06/1999,85000002879,participant2879@email.com,Internal,Music - Keyboard,Yogyakarta
18/02/2018 13:59:40,Participant 1369,Participant 1369,Wanita,5/4/1998,85000001369,participant1369@email.com,Internal,Vocal - Singer,Yogyakarta (Open Class)
18/02/2018 15:33:57,Participant 2880,Participant 2880,Wanita,19/11/1997,85000002880,participant2880@email.com,Internal,Vocal - Choir,Yogyakarta
18/02/2018 16:11:14,Participant 2881,Participant 2881,Wanita,18/11/2001,85000002881,participant2881@email.com,Internal,Arts - Movement,Yogyakarta
18/02/2018 18:50:23,Participant 2882,Participant 2882,Wanita,26/08/2018,85000002882,participant2882@email.com,Internal,Arts - Percussion,Yogyakarta
18/02/2018 19:04:37,Participant 2874,Participant 2874,Pria,27/09/1998,85000002874,participant2874@email.com,Internal,Music - Drum,Yogyakarta
18/02/2018 19:13:15,Participant 2883,Participant 2883,Pria,2/9/1999,85000002883,participant2883@email.com,Internal,Music - Drum,Yogyakarta
18/02/2018 19:18:43,Participant 2884,Participant 2884,Pria,22/02/1998,85000002884,participant2884@email.com,Internal,Music - Drum,Yogyakarta
18/02/2018 20:11:18,Participant 1526,Participant 1526,Wanita,3/11/1985,85000001526,participant1526@email.com,Internal,Vocal - Singer,Solo (Open Class)
18/02/2018 20:18:25,PARTICIPANT 2885,PARTICIPANT 2885,Pria,12/6/1991,85000002885,participant2885@email.com,Internal,Music - Drum,Yogyakarta
18/02/2018 20:48:34,Participant 2886,Participant 2886,Pria,4/8/1997,85000002886,participant2886@email.com,Internal,Music - Bass,Yogyakarta
18/02/2018 21:36:16,Participant 1527,Participant 1527,Wanita,24/01/1987,85000001527,participant1527@email.com,Internal,Arts - Percussion,Nias
18/02/2018 22:12:32,Participant 2883,Participant 2883,Pria,2/9/1999,85000002883,participant2883@email.com,Internal,Music - Drum,Yogyakarta
18/02/2018 22:19:18,Participant 2887,Participant 2887,Pria,9/7/1998,85000002887,participant2887@email.com,Internal,Music - Drum,Yogyakarta
18/02/2018 22:25:21,Participant 2886,Participant 2886,Pria,18/02/1997,85000002886,participant2886@email.com,Internal,Music - Bass,Yogyakarta
18/02/2018 22:38:44,Participant 1528,Participant 1528,Wanita,19/09/1993,85000001528,participant1528@email.com,Internal,Vocal - Singer,Nias
18/02/2018 23:35:27,Participant 1529,Participant 1529,Wanita,8/6/2003,85000001529,participant1529@email.com,Internal,Arts - Movement,Solo (Open Class)
19/02/2018 00:42:29,Participant 2888,Participant 2888,Wanita,23/07/1998,85000002888,participant2888@email.com,Internal,Arts - Percussion,Yogyakarta
19/02/2018 09:09:35,Participant 2882,Participant 2882,Wanita,26/08/2018,85000002882,participant2882@email.com,Internal,Arts - Percussion,Yogyakarta
19/02/2018 09:42:24,Participant 1530,Participant 1530,Pria,7/1/2004,85000001530,participant1530@email.com,Internal,Music - Drum,Nias
19/02/2018 09:48:32,Participant 1531,Participant 1531,Wanita,23/10/2005,85000001531,participant1531@email.com,Internal,Arts - Percussion,Solo (Open Class)
19/02/2018 11:22:48,Participant 1532,Participant 1532,Wanita,17/02/1981,85000001532,participant1532@email.com,Internal,Vocal - Singer,Jakarta (Open Class)
19/02/2018 12:35:27,Participant 1533,Participant 1533,Wanita,18/12/1999,85000001533,participant1533@email.com,Internal,Arts - Percussion,Solo (Open Class)
19/02/2018 13:33:58,Participant 1310,Participant 1310,Wanita,2/1/1971,85000001310,participant1310@email.com,Internal,Vocal - Body Voice,Madiun
19/02/2018 14:10:05,Participant 1534,Participant 1534,Pria,5/8/1981,85000001534,participant1534@email.com,Internal,Music - Keyboard,Yogyakarta (Open Class)
19/02/2018 14:53:48,Participant 1535,Participant 1535,Wanita,18/05/2003,85000001535,participant1535@email.com,Internal,Arts - Percussion,Jakarta (Open Class)
19/02/2018 15:50:27,Participant 1257,Participant 1257,Wanita,18/04/2003,85000001257,participant1257@email.com,Internal,Arts - Percussion,Solo (Open Class)
19/02/2018 16:34:43,Participant 2889,Participant 2889,Wanita,12/2/2018,85000002889,participant2889@email.com,Internal,Vocal - Choir,Yogyakarta
19/02/2018 17:20:30,Participant 891,Participant 891,Wanita,24/03/2010,85000000891,participant891@email.com,Internal,Arts - Percussion,Magelang
19/02/2018 18:05:08,participant 2890,participant 2890,Wanita,1/11/1985,85000002890,participant2890@email.com,Internal,Vocal - Choir,Yogyakarta
19/02/2018 18:08:27,Participant 1536,Participant 1536,Wanita,21/09/2016,85000001536,participant1536@email.com,Internal,Arts - Percussion,Solo (Open Class)
19/02/2018 18:09:57,Participant 1537,Participant 1537,Wanita,15/07/2012,85000001537,participant1537@email.com,Internal,Arts - Percussion,Solo (Open Class)
19/02/2018 18:10:06,participant 2890,participant 2890,Wanita,1/11/1985,85000002890,participant2890@email.com,Internal,Vocal - Choir,Yogyakarta
19/02/2018 18:10:25,Participant 1538,Participant 1538,Wanita,30/06/1980,85000001538,participant1538@email.com,Internal,Visual - Makeup,Yogyakarta (Open Class)
19/02/2018 18:14:00,Participant 1539,Participant 1539,Pria,6/12/1998,85000001539,participant1539@email.com,Internal,Music - Drum,Nias
19/02/2018 18:17:12,Participant 1540,Participant 1540,Pria,16/04/1993,85000001540,participant1540@email.com,Internal,Audio - Engineer,Jakarta (Open Class)
19/02/2018 18:51:53,participant 1541,participant 1541,Wanita,12/7/1999,85000001541,participant1541@email.com,Internal,Arts - Percussion,Yogyakarta (Open Class)
19/02/2018 19:21:06,Participant 1542,Participant 1542,Pria,12/7/1990,85000001542,participant1542@email.com,Internal,Vocal - Singer,Jakarta (Open Class)
19/02/2018 19:40:24,Participant 1543,Participant 1543,Pria,11/1/2004,85000001543,participant1543@email.com,Internal,Music - Drum,Nias
19/02/2018 21:13:23,participant 924,participant 924,Wanita,10/7/2008,85000000924,participant924@email.com,Internal,Music - Guitar,Solo (Open Class)
19/02/2018 21:15:10,Participant 1544,Participant 1544,Pria,23/04/2008,85000001544,participant1544@email.com,Internal,Music - Guitar,Solo (Open Class)
19/02/2018 22:56:24,Participant 1545,Participant 1545,Wanita,27/04/2010,85000001545,participant1545@email.com,Internal,Music - Keyboard,Solo (Open Class)
20/02/2018 02:15:50,Participant 1546,Participant 1546,Pria,29/08/2002,85000001546,participant1546@email.com,Internal,Vocal - Choir,Solo (Open Class)
20/02/2018 05:03:53,Participant 1547,Participant 1547,Wanita,10/10/2004,85000001547,participant1547@email.com,Internal,Arts - Flag,Solo (Open Class)
20/02/2018 08:19:57,PARTICIPANT 1548,PARTICIPANT 1548,Pria,4/9/2008,85000001548,participant1548@email.com,Internal,Music - Drum,Solo (Open Class)
20/02/2018 08:24:25,Participant 1549,Participant 1549,Wanita,28/03/1983,85000001549,participant1549@email.com,Internal,Vocal - Singer,Magelang
20/02/2018 08:47:50,Participant 1550,Participant 1550,Pria,23/10/1980,85000001550,participant1550@email.com,Internal,Vocal - Singer,Nias
20/02/2018 09:09:07,Participant 1534,Participant 1534,Pria,5/8/1981,85000001534,participant1534@email.com,Internal,Music - Keyboard,Yogyakarta (Open Class)
20/02/2018 09:24:05,Participant 1551,Participant 1551,Wanita,29/08/2009,85000001551,participant1551@email.com,Internal,Arts - Percussion,Solo (Open Class)
20/02/2018 10:29:23,Participant 1552,Participant 1552,Wanita,14/08/2007,85000001552,participant1552@email.com,Internal,Arts - Movement,Solo (Open Class)
20/02/2018 10:32:01,Participant 1553,Participant 1553,Wanita,17/05/2009,85000001553,participant1553@email.com,Internal,Arts - Percussion,Solo (Open Class)
20/02/2018 10:32:40,Participant 1554,Participant 1554,Wanita,16/07/2009,85000001554,participant1554@email.com,Internal,Arts - Percussion,Solo (Open Class)
20/02/2018 10:34:15,Participant 1552,Participant 1552,Wanita,14/08/2007,85000001552,participant1552@email.com,Internal,Arts - Movement,Solo (Open Class)
20/02/2018 10:40:10,Participant 1555,Participant 1555,Wanita,4/5/1966,85000001555,participant1555@email.com,Internal,Music - Guitar,Solo (Open Class)
20/02/2018 11:25:23,Participant 1556,Participant 1556,Wanita,3/2/1996,85000001556,participant1556@email.com,Internal,Visual - Makeup,Jakarta (Open Class)
20/02/2018 11:52:50,Participant 1557,Participant 1557,Pria,2/2/1973,85000001557,participant1557@email.com,Internal,Music - Keyboard,Solo  (Open Class)
20/02/2018 12:18:26,Participant 1558,Participant 1558,Wanita,18/07/2008,85000001558,participant1558@email.com,Internal,Music - Keyboard,Magelang
20/02/2018 12:25:22,Participant 1559,Participant 1559,Wanita,2/10/2000,85000001559,participant1559@email.com,Internal,Vocal - Singer,Yogyakarta (Open Class)
20/02/2018 12:27:16,Participant 89,Participant 89,Wanita,12/9/1975,85000000089,participant89@email.com,Internal,Vocal - Singer,Solo
20/02/2018 13:01:23,Participant 1560,Participant 1560,Wanita,25/02/1998,85000001560,participant1560@email.com,Internal,Arts - Percussion,Yogyakarta (Open Class)
20/02/2018 13:41:01,Participant 1561,Participant 1561,Pria,18/08/1995,85000001561,participant1561@email.com,Internal,Music - Drum,Nias
20/02/2018 13:57:03,PARTICIPANT 1562,PARTICIPANT 1562,Wanita,28/05/1976,85000001562,participant1562@email.com,Internal,Vocal - Body Voice,Madiun
20/02/2018 14:48:16,Participant 1563,Participant 1563,Wanita,4/4/2008,85000001563,participant1563@email.com,Internal,Arts - Percussion,Solo (Open Class)
20/02/2018 15:24:38,Participant 1564,Participant 1564,Wanita,15/07/1972,85000001564,participant1564@email.com,Internal,Visual - Makeup,Solo (Open Class)
20/02/2018 15:33:17,Participant 1565,Participant 1565,Wanita,13/06/1975,85000001565,participant1565@email.com,Internal,Vocal - Singer,Magelang
20/02/2018 16:07:37,Participant 1566,Participant 1566,Wanita,16/01/1998,85000001566,participant1566@email.com,Internal,Vocal - Singer,Nias
20/02/2018 16:31:58,Participant 1566,Participant 1566,Wanita,16/01/1998,85000001566,participant1566@email.com,Internal,Vocal - Singer,Nias
20/02/2018 17:36:29,PARTICIPANT 1567,PARTICIPANT 1567,Wanita,22/04/1999,85000001567,participant1567@email.com,Internal,Arts - Movement,Yogyakarta (Open Class)
20/02/2018 17:49:16,Participant 1568,Participant 1568,Wanita,20/07/2009,85000001568,participant1568@email.com,Internal,Arts - Percussion,Solo (Open Class)
20/02/2018 17:57:26,Participant 1569,Participant 1569,Wanita,25/10/2009,85000001569,participant1569@email.com,Internal,Arts - Movement,Yogyakarta (Open Class)
20/02/2018 17:59:40,Participant 1341,Participant 1341,Pria,8/1/1999,85000001341,participant1341@email.com,Internal,Vocal - Singer,Yogyakarta (Open Class)
20/02/2018 19:02:01,Participant 1570,Participant 1570,Pria,12/6/1987,85000001570,participant1570@email.com,Internal,Music - Bass,Magelang
20/02/2018 19:53:50,Participant 1571,Participant 1571,Wanita,3/6/1998,85000001571,participant1571@email.com,Internal,Vocal - Singer,Solo (Open Class)
20/02/2018 19:59:46,Participant 1323,Participant 1323,Wanita,28/10/2010,85000001323,participant1323@email.com,Internal,Arts - Movement,Nias
20/02/2018 20:02:44,Participant 1572,Participant 1572,Pria,16/05/1981,85000001572,participant1572@email.com,Internal,Music - Guitar,Solo (Open Class)
20/02/2018 20:43:58,Participant 1188,Participant 1188,Wanita,26/02/1985,85000001188,participant1188@email.com,Internal,Vocal - Body Voice,Solo (Open Class)
20/02/2018 21:19:19,Participant 1573,Participant 1573,Wanita,13/01/2010,85000001573,participant1573@email.com,Internal,Arts - Percussion,Solo (Open Class)
20/02/2018 22:02:55,participant 1574,participant 1574,Wanita,9/9/1994,85000001574,participant1574@email.com,Internal,Arts - Percussion,Jakarta (Open Class)
20/02/2018 22:12:48,Participant 1575,Participant 1575,Wanita,24/03/2009,85000001575,participant1575@email.com,Internal,Arts - Percussion,Solo (Open Class)
20/02/2018 22:21:41,Participant 1576,Participant 1576,Wanita,8/9/1982,85000001576,participant1576@email.com,Internal,Vocal - Singer,Nias
20/02/2018 22:25:17,Participant 1577,Participant 1577,Wanita,28/02/2008,85000001577,participant1577@email.com,Internal,Vocal - Singer,Surabaya
20/02/2018 22:42:29,Participant 1446,Participant 1446,Wanita,6/9/1995,85000001446,participant1446@email.com,Internal,Arts - Percussion,Nias
20/02/2018 23:52:17,Participant 1578,Participant 1578,Wanita,8/11/1993,85000001578,participant1578@email.com,Internal,Arts - Movement,Surabaya
21/02/2018 06:55:01,Participant 1579,Participant 1579,Wanita,3/3/2009,85000001579,participant1579@email.com,Internal,Arts - Percussion,Surabaya
21/02/2018 07:00:30,Participant 1580,Participant 1580,Wanita,2/9/2008,85000001580,participant1580@email.com,Internal,Arts - Percussion,Solo (Open Class)
21/02/2018 07:02:28,Participant 1581,Participant 1581,Wanita,22/09/2010,85000001581,participant1581@email.com,Internal,Arts - Percussion,Solo (Open Class)
21/02/2018 08:02:43,Participant 893,Participant 893,Pria,26/04/1999,85000000893,participant893@email.com,Internal,Vocal - Singer,Solo  (Open Class)
21/02/2018 08:38:54,Participant 1582,Participant 1582,Wanita,5/6/2002,85000001582,participant1582@email.com,Internal,Music - Keyboard,Solo (Open Class)
21/02/2018 08:40:09,PARTICIPANT 1583,PARTICIPANT 1583,Wanita,2/1/1991,85000001583,participant1583@email.com,Internal,Vocal - Singer,Yogyakarta (Open Class)
21/02/2018 09:37:21,Participant 1584,Participant 1584,Wanita,8/11/2008,85000001584,participant1584@email.com,Internal,Arts - Percussion,Solo (Open Class)
21/02/2018 09:40:56,Participant 1585,Participant 1585,Pria,4/4/1984,85000001585,participant1585@email.com,Internal,Music - Keyboard,Surabaya
21/02/2018 09:48:50,Participant 1586,Participant 1586,Wanita,19/03/2002,85000001586,participant1586@email.com,Internal,Arts - Percussion,Solo (Open Class)
21/02/2018 09:50:19,Participant 1586,Participant 1586,Wanita,19/03/2002,85000001586,participant1586@email.com,Internal,Arts - Percussion,Solo (Open Class)
21/02/2018 09:58:46,Participant 1587,Participant 1587,Wanita,1/5/1986,85000001587,participant1587@email.com,Internal,Visual - Makeup,Surabaya
21/02/2018 10:14:10,Participant 1588,Participant 1588,Wanita,15/07/1986,85000001588,participant1588@email.com,Internal,Arts - Percussion,Solo (Open Class)
21/02/2018 10:14:39,Participant 1589,Participant 1589,Wanita,23/10/1974,85000001589,participant1589@email.com,Internal,Vocal - Singer,Surabaya
21/02/2018 10:19:24,Participant 1587,Participant 1587,Wanita,21/02/1986,85000001587,participant1587@email.com,Internal,Visual - Makeup,Surabaya
21/02/2018 10:33:45,Participant 1590,Participant 1590,Wanita,3/5/1980,85000001590,participant1590@email.com,Internal,Vocal - Singer,Surabaya
21/02/2018 10:41:39,Participant 1591,Participant 1591,Wanita,11/1/2012,85000001591,participant1591@email.com,Internal,Music - Guitar,Klaten
21/02/2018 11:04:19,Participant 1592,Participant 1592,Wanita,25/06/2010,85000001592,participant1592@email.com,Internal,Arts - Movement,Klaten
21/02/2018 11:09:24,Participant 1593,Participant 1593,Wanita,25/06/2010,85000001593,participant1593@email.com,Internal,Arts - Percussion,Klaten
21/02/2018 11:15:03,Participant 1594,Participant 1594,Pria,15/06/2002,85000001594,participant1594@email.com,Internal,Music - Drum,Yogyakarta (Open Class)
21/02/2018 11:23:01,Participant 1595,Participant 1595,Wanita,13/12/2003,85000001595,participant1595@email.com,Internal,Vocal - Singer,Solo (Open Class)
21/02/2018 12:24:27,Participant 1596,Participant 1596,Wanita,16/07/1979,85000001596,participant1596@email.com,Internal,Vocal - Singer,Klaten
21/02/2018 12:28:54,Participant 1597,Participant 1597,Wanita,12/12/2007,85000001597,participant1597@email.com,Internal,Arts - Percussion,Tangerang
21/02/2018 12:29:55,Participant 1598,Participant 1598,Pria,26/09/1997,85000001598,participant1598@email.com,Internal,Vocal - Singer,Solo (Open Class)
21/02/2018 14:24:16,Participant 1599,Participant 1599,Wanita,21/02/2023,85000001599,participant1599@email.com,Internal,Vocal - Singer,Klaten
21/02/2018 14:27:22,Participant 1601,Participant 1601,Pria,2/7/2001,85000001601,participant1601@email.com,Internal,Music - Keyboard,Klaten
21/02/2018 14:27:23,Participant 1602,Participant 1602,Wanita,28/10/2003,85000001602,participant1602@email.com,Internal,Music - Guitar,Klaten
21/02/2018 14:28:17,PARTICIPANT 1600,PARTICIPANT 1600,Wanita,19/11/1986,85000001600,participant1600@email.com,Internal,Arts - Percussion,Klaten
21/02/2018 14:30:18,Participant 1603,Participant 1603,Pria,22/05/2009,85000001603,participant1603@email.com,Internal,Music - Drum,Klaten
21/02/2018 14:31:49,Participant 1604,Participant 1604,Wanita,26/04/1977,85000001604,participant1604@email.com,Internal,Vocal - Singer,Klaten
21/02/2018 14:45:18,Participant 1605,Participant 1605,Pria,5/10/1980,85000001605,participant1605@email.com,Internal,Audio - Engineer,Klaten
21/02/2018 14:52:52,Participant 1606,Participant 1606,Wanita,3/8/1988,85000001606,participant1606@email.com,Internal,Vocal - Singer,Klaten
21/02/2018 14:58:40,Participant 1607,Participant 1607,Pria,3/12/2001,85000001607,participant1607@email.com,Internal,Music - Drum,Solo (Open Class)
21/02/2018 15:11:04,Participant 1596,Participant 1596,Wanita,16/07/1979,85000001596,participant1596@email.com,Internal,Vocal - Singer,Klaten
21/02/2018 15:15:59,Participant 1608,Participant 1608,Pria,20/04/1985,85000001608,participant1608@email.com,Internal,Audio - Engineer,Klaten
21/02/2018 15:23:15,Participant 1609,Participant 1609,Wanita,14/07/1981,85000001609,participant1609@email.com,Internal,Vocal - Singer,Klaten
21/02/2018 15:32:36,Participant 1610,Participant 1610,Wanita,21/07/1978,85000001610,participant1610@email.com,Internal,Vocal - Singer,Klaten
21/02/2018 15:34:27,Participant 1611,Participant 1611,Wanita,20/10/1989,85000001611,participant1611@email.com,Internal,Vocal - Singer,Klaten
21/02/2018 15:36:12,Participant 1612,Participant 1612,Wanita,23/04/1982,85000001612,participant1612@email.com,Internal,Vocal - Singer,Klaten
21/02/2018 15:42:41,Participant 1613,Participant 1613,Pria,31/05/2005,85000001613,participant1613@email.com,Internal,Music - Guitar,Klaten
21/02/2018 15:46:37,Participant 1614,Participant 1614,Wanita,22/11/2005,85000001614,participant1614@email.com,Internal,Music - Keyboard,Klaten
21/02/2018 15:46:44,Participant 1615,Participant 1615,Pria,21/02/1982,85000001615,participant1615@email.com,Internal,Music - Drum,Klaten
21/02/2018 15:59:45,Participant 1616,Participant 1616,Wanita,12/8/1986,85000001616,participant1616@email.com,Internal,Vocal - Singer,Klaten
21/02/2018 16:06:43,Participant 1617,Participant 1617,Pria,20/10/1971,85000001617,participant1617@email.com,Internal,Audio - Engineer,Solo (Open Class)
21/02/2018 16:33:41,Participant 1618,Participant 1618,Wanita,26/03/1996,85000001618,participant1618@email.com,Internal,Music - Keyboard,Klaten
21/02/2018 16:41:14,Participant 1619,Participant 1619,Wanita,23/10/2005,85000001619,participant1619@email.com,Internal,Arts - Percussion,Solo (Open Class)
21/02/2018 16:50:49,Participant 1620,Participant 1620,Wanita,21/11/1977,85000001620,participant1620@email.com,Internal,Vocal - Singer,Klaten
21/02/2018 16:51:44,Participant 1621,Participant 1621,Pria,6/3/1990,85000001621,participant1621@email.com,Internal,Vocal - Singer,Klaten
21/02/2018 18:07:03,Participant 1622,Participant 1622,Wanita,27/09/1982,85000001622,participant1622@email.com,Internal,Vocal - Singer,Solo (Open Class)
21/02/2018 18:21:13,Participant 1623,Participant 1623,Pria,7/6/2009,85000001623,participant1623@email.com,Internal,Music - Drum,Magelang
21/02/2018 18:27:05,Participant 1624,Participant 1624,Pria,22/07/2009,85000001624,participant1624@email.com,Internal,Music - Keyboard,Magelang
21/02/2018 19:05:15,Participant 1625,Participant 1625,Pria,1/8/2012,85000001625,participant1625@email.com,Internal,Music - Keyboard,Klaten
21/02/2018 19:21:56,Participant 370,Participant 370,Wanita,7/6/1989,85000000370,participant370@email.com,Internal,Vocal - Singer,Yogyakarta
21/02/2018 20:34:36,Participant 1626,Participant 1626,Pria,15/10/2000,85000001626,participant1626@email.com,Internal,Music - Bass,Klaten
21/02/2018 20:57:36,Participant 1627,Participant 1627,Wanita,3/8/1998,85000001627,participant1627@email.com,Internal,Arts - Percussion,Jakarta (Open Class)
21/02/2018 21:02:38,Participant 1628,Participant 1628,Pria,20/02/1995,85000001628,participant1628@email.com,Internal,Music - Bass,Jakarta (Open Class)
21/02/2018 21:55:51,Participant 1629,Participant 1629,Wanita,11/6/2009,85000001629,participant1629@email.com,Internal,Arts - Percussion,Klaten
21/02/2018 22:04:30,Participant 1630,Participant 1630,Wanita,24/09/2002,85000001630,participant1630@email.com,Internal,Arts - Percussion,Solo (Open Class)
21/02/2018 22:37:53,Participant 1631,Participant 1631,Wanita,11/14/0074,85000001631,participant1631@email.com,Internal,Vocal - Singer,Jakarta (Open Class)
21/02/2018 23:07:52,Participant 1632,Participant 1632,Wanita,3/4/2001,85000001632,participant1632@email.com,Internal,Vocal - Singer,Klaten
21/02/2018 23:23:28,Participant 1633,Participant 1633,Pria,22/09/1993,85000001633,participant1633@email.com,Internal,Audio - Engineer,Klaten
21/02/2018 23:50:14,Participant 1634,Participant 1634,Wanita,13/06/2004,85000001634,participant1634@email.com,Internal,Arts - Percussion,Solo (Open Class)
22/02/2018 04:41:26,Participant 1635,Participant 1635,Wanita,2/1/1975,85000001635,participant1635@email.com,Internal,Music - Guitar,Solo  (Open Class)
22/02/2018 04:42:45,Participant 1635,Participant 1635,Wanita,2/1/1975,85000001635,participant1635@email.com,Internal,Music - Guitar,Solo  (Open Class)
22/02/2018 05:28:23,Participant 1636,Participant 1636,Pria,21/01/1987,85000001636,participant1636@email.com,Internal,Vocal - Singer,Klaten
22/02/2018 07:37:25,Participant 1637,Participant 1637,Pria,8/6/1997,85000001637,participant1637@email.com,Internal,Music - Guitar,Madiun
21/04/2018 16:06:38,Participant 1639,Participant 1639,Pria,13/05/1991,85000001639,participant1639@email.com,Internal,Vocal - Singer,Madiun
21/04/2018 16:19:40,Participant 1640,Participant 1640,Pria,20/10/1971,85000001640,participant1640@email.com,Internal,Audio - Engineer,Solo (Open Class)
21/04/2018 17:02:27,Participant 1563,Participant 1563,Wanita,4/4/2008,85000001563,participant1563@email.com,Internal,Arts - Percussion,Solo (Open Class)
21/04/2018 17:22:15,Participant 1641,Participant 1641,Wanita,27/04/1995,85000001641,participant1641@email.com,Internal,Vocal - Body Voice,Solo (Open Class)
21/04/2018 17:51:07,Participant 1575,Participant 1575,Wanita,24/03/2009,85000001575,participant1575@email.com,Internal,Arts - Percussion,Solo (Open Class)
21/04/2018 18:09:18,Participant 1642,Participant 1642,Pria,3/5/2006,85000001642,participant1642@email.com,Internal,Music - Drum,Solo (Open Class)
21/04/2018 19:49:27,Participant 397,Participant 397,Pria,15/04/1974,85000000397,participant397@email.com,Internal,Music - Guitar,Surabaya
21/04/2018 20:13:40,Participant 1643,Participant 1643,Wanita,9/1/1990,85000001643,participant1643@email.com,Internal,Arts - Percussion,Klaten
21/04/2018 23:49:26,Participant 1554,Participant 1554,Wanita,16/07/2009,85000001554,participant1554@email.com,Internal,Arts - Percussion,Solo (Open Class)
22/04/2018 01:20:39,Participant 1644,Participant 1644,Wanita,13/03/1989,85000001644,participant1644@email.com,Internal,Vocal - Singer,Ngawi
22/04/2018 15:24:30,Participant 1645,Participant 1645,Wanita,6/1/2002,85000001645,participant1645@email.com,Internal,Vocal - Singer,Jakarta (Open Class)
22/04/2018 21:35:42,Participant 1646,Participant 1646,Wanita,20/09/1969,85000001646,participant1646@email.com,Internal,Vocal - Body Voice,Solo (Open Class)
23/04/2018 05:55:58,Participant 1647,Participant 1647,Wanita,10/10/1962,85000001647,participant1647@email.com,Internal,Visual - Makeup,Solo (Open Class)
23/04/2018 10:20:09,participant 1464,participant 1464,Wanita,9/5/2007,85000001464,participant1464@email.com,Internal,Vocal - Body Voice,Yogyakarta (Open Class)
23/04/2018 12:12:57,Participant 1568,Participant 1568,Wanita,20/07/2009,85000001568,participant1568@email.com,Internal,Arts - Percussion,Solo (Open Class)
23/04/2018 17:43:54,Participant 1648,Participant 1648,Wanita,9/5/2007,85000001648,participant1648@email.com,Internal,Vocal - Body Voice,Yogyakarta (Open Class)
23/04/2018 17:48:22,Participant 1649,Participant 1649,Pria,6/11/1981,85000001649,participant1649@email.com,Internal,Vocal - Body Voice,Yogyakarta (Open Class)
23/04/2018 17:51:46,Participant 1650,Participant 1650,Pria,14/06/1994,85000001650,participant1650@email.com,Internal,Vocal - Body Voice,Yogyakarta (Open Class)
23/04/2018 17:55:48,Participant 1651,Participant 1651,Pria,19/07/1978,85000001651,participant1651@email.com,Internal,Vocal - Body Voice,Yogyakarta (Open Class)
24/04/2018 10:52:13,Participant 1652,Participant 1652,Pria,18/08/1988,85000001652,participant1652@email.com,Internal,Vocal - Singer,Yogyakarta (Open Class)
24/04/2018 12:38:43,PARTICIPANT 1653,PARTICIPANT 1653,Wanita,1/11/1993,85000001653,participant1653@email.com,Internal,Vocal - Singer,Jakarta (Open Class)
25/04/2018 05:44:55,PARTICIPANT 1567,PARTICIPANT 1567,Wanita,22/04/1999,85000001567,participant1567@email.com,Internal,Arts - Movement,Yogyakarta (Open Class)
25/04/2018 15:26:04,Participant 1654,Participant 1654,Wanita,28/08/1988,85000001654,participant1654@email.com,Internal,Arts - Movement,Ngawi
25/04/2018 19:09:39,PARTICIPANT 1567,PARTICIPANT 1567,Wanita,22/04/1999,85000001567,participant1567@email.com,Internal,Arts - Movement,Yogyakarta (Open Class)
27/04/2018 10:38:58,Participant 1193,Participant 1193,Wanita,19/01/2009,85000001193,participant1193@email.com,Internal,Vocal - Singer,Solo (Open Class)
27/04/2018 11:17:36,Participant 1646,Participant 1646,Wanita,20/09/1969,85000001646,participant1646@email.com,Internal,Vocal - Body Voice,Solo (Open Class)
2/5/2018 11:46,Participant 1655,Participant 1655,Pria,20/06/1982,85000001655,participant1655@email.com,Internal,Vocal - Singer,Semarang
2/5/2018 14:06,PARTICIPANT 1656,PARTICIPANT 1656,Pria,12/6/2008,85000001656,participant1656@email.com,Internal,Music - Keyboard,Solo (Open Class)
3/5/2018 14:03,Participant 1509,Participant 1509,Pria,22/08/2000,85000001509,participant1509@email.com,Internal,Vocal - Singer,Yogyakarta (Open Class)
3/5/2018 14:03,Participant 1657,Participant 1657,Wanita,11/9/2000,85000001657,participant1657@email.com,Internal,Vocal - Singer,Yogyakarta (Open Class)
4/5/2018 7:03,Participant 1419,Participant 1419,Wanita,25/04/1994,85000001419,participant1419@email.com,Internal,Vocal - Choir,Yogyakarta (Open Class)
5/5/2018 10:19,Participant 1381,Participant 1381,Wanita,23/01/1992,85000001381,participant1381@email.com,Internal,Vocal - Singer,Yogyakarta (Open Class)
6/5/2018 12:58,Participant 1658,Participant 1658,Wanita,6/9/1991,85000001658,participant1658@email.com,Internal,Vocal - Singer,Solo (Open Class)
6/5/2018 14:17,Participant 1659,Participant 1659,Pria,2/6/1988,85000001659,participant1659@email.com,Internal,Music - Bass,Yogyakarta (Open Class)
7/5/2018 12:21,Participant 162,Participant 162,Wanita,9/10/1977,85000000162,participant162@email.com,Internal,Vocal - Singer,Madiun
7/5/2018 12:26,Participant 162,Participant 162,Wanita,9/10/1977,85000000162,participant162@email.com,Internal,Vocal - Singer,Madiun
7/5/2018 23:31,Participant 156,Participant 156,Wanita,26/09/1989,85000000156,participant156@email.com,Internal,Vocal - Singer,Madiun
9/5/2018 15:51,Participant 1660,Participant 1660,Pria,18/01/2004,85000001660,participant1660@email.com,Internal,Music - Keyboard,Ngawi
10/5/2018 9:17,Participant 1661,Participant 1661,Wanita,29/12/1999,85000001661,participant1661@email.com,Internal,Vocal - Singer,Ngawi
10/5/2018 15:09,Participant 1662,Participant 1662,Wanita,19/02/1995,85000001662,participant1662@email.com,Internal,Visual - Makeup,Yogyakarta (Open Class)
11/5/2018 8:03,Participant 1663,Participant 1663,Wanita,2/7/2001,85000001663,participant1663@email.com,Internal,Vocal - Choir,Yogyakarta (Open Class)
11/5/2018 8:56,Participant 284,Participant 284,Pria,29/06/1991,85000000284,participant284@email.com,Internal,Vocal - Body Voice,Madiun
11/5/2018 12:26,Participant 1664,Participant 1664,Wanita,9/12/1978,85000001664,participant1664@email.com,Internal,Vocal - Body Voice,Madiun
11/5/2018 18:32,Participant 1378,Participant 1378,Pria,20/02/2000,85000001378,participant1378@email.com,Internal,Vocal - Singer,Yogyakarta (Open Class)
12/5/2018 11:32,Participant 1665,Participant 1665,Wanita,29/12/1994,85000001665,participant1665@email.com,Internal,Vocal - Singer,Yogyakarta (Open Class)
12/5/2018 12:22,Participant 1666,Participant 1666,Wanita,1/8/1997,85000001666,participant1666@email.com,Internal,Arts - Percussion,Jakarta (Open Class)
12/5/2018 14:11,Participant 1667,Participant 1667,Wanita,2/8/1986,85000001667,participant1667@email.com,Internal,Vocal - Body Voice,Semarang
12/5/2018 19:22,Participant 1668,Participant 1668,Wanita,5/7/2003,85000001668,participant1668@email.com,Internal,Arts - Movement,Yogyakarta (Open Class)
12/5/2018 19:25,Participant 1669,Participant 1669,Wanita,1/5/2003,85000001669,participant1669@email.com,Internal,Arts - Movement,Yogyakarta (Open Class)
12/5/2018 19:40,Participant 1670,Participant 1670,Wanita,3/3/2000,85000001670,participant1670@email.com,Internal,Arts - Movement,Yogyakarta (Open Class)
12/5/2018 19:41,Participant 1671,Participant 1671,Wanita,19/05/2004,85000001671,participant1671@email.com,Internal,Arts - Movement,Yogyakarta (Open Class)
12/5/2018 22:11,Participant 1670,Participant 1670,Wanita,3/3/2000,85000001670,participant1670@email.com,Internal,Arts - Movement,Yogyakarta (Open Class)
13/05/2018 20:13:20,Participant 1672,Participant 1672,Wanita,19/03/1999,85000001672,participant1672@email.com,Internal,Vocal - Singer,Solo (Open Class)
13/05/2018 23:27:28,Participant 1673,Participant 1673,Wanita,25/08/2006,85000001673,participant1673@email.com,Internal,Vocal - Singer,Ngawi
14/05/2018 19:08:47,Participant 1674,Participant 1674,Wanita,3/5/2010,85000001674,participant1674@email.com,Internal,Arts - Percussion,Solo  (Open Class)
15/05/2018 20:00:43,Participant 1673,Participant 1673,Wanita,25/08/2006,85000001673,participant1673@email.com,Internal,Vocal - Singer,Ngawi
16/05/2018 10:16:44,Participant 1672,Participant 1672,Wanita,19/03/1999,85000001672,participant1672@email.com,Internal,Vocal - Singer,Solo (Open Class)
16/05/2018 11:37:27,PARTICIPANT 1675,PARTICIPANT 1675,Pria,6/2/1989,85000001675,participant1675@email.com,Internal,Vocal - Singer,Jakarta (Open Class)
16/05/2018 11:55:44,PARTICIPANT 1675,PARTICIPANT 1675,Pria,6/2/1989,85000001675,participant1675@email.com,Internal,Vocal - Singer,Jakarta (Open Class)
16/05/2018 13:48:50,Participant 1645,Participant 1645,Wanita,6/1/2002,85000001645,participant1645@email.com,Internal,Vocal - Singer,Jakarta (Open Class)
16/05/2018 13:50:02,Participant 1646,Participant 1646,Wanita,20/09/1969,85000001646,participant1646@email.com,Internal,Vocal - Body Voice,Solo (Open Class)
16/05/2018 14:34:32,Participant 1676,Participant 1676,Pria,21/06/1995,85000001676,participant1676@email.com,Internal,Music - Drum,Jakarta (Open Class)
16/05/2018 16:18:32,Participant 1677,Participant 1677,Wanita,19/03/2003,85000001677,participant1677@email.com,Internal,Vocal - Singer,Jakarta (Open Class)
16/05/2018 19:52:53,Participant 256,Participant 256,Wanita,18/09/1979,85000000256,participant256@email.com,Internal,Vocal - Body Voice,Pekalongan
17/05/2018 08:23:24,Participant 1678,Participant 1678,Wanita,15/09/1999,85000001678,participant1678@email.com,Internal,Vocal - Singer,Jakarta (Open Class)
19/05/2018 23:17:40,Participant 1679,Participant 1679,Wanita,26/09/2004,85000001679,participant1679@email.com,Internal,Vocal - Body Voice,Yogyakarta (Open Class)
20/05/2018 01:38:51,Participant 1680,Participant 1680,Pria,25/08/1994,85000001680,participant1680@email.com,Internal,Music - Bass,Jakarta (Open Class)
20/05/2018 22:15:51,Participant 1681,Participant 1681,Wanita,7/6/1999,85000001681,participant1681@email.com,Internal,Vocal - Singer,Solo (Open Class)
20/05/2018 23:52:03,Participant 1682,Participant 1682,Wanita,20/05/2003,85000001682,participant1682@email.com,Internal,Vocal - Singer,Yogyakarta (Open Class)
21/05/2018 08:05:49,Participant 1683,Participant 1683,Pria,3/8/2000,85000001683,participant1683@email.com,Internal,Arts - Flag,Yogyakarta (Open Class)
21/05/2018 13:32:12,Participant 1684,Participant 1684,Wanita,23/02/1998,85000001684,participant1684@email.com,Internal,Vocal - Singer,Jakarta (Open Class)
21/05/2018 21:49:13,PARTICIPANT 1685,PARTICIPANT 1685,Wanita,1/4/2004,85000001685,participant1685@email.com,Internal,Arts - Percussion,Jakarta (Open Class)
21/05/2018 23:05:48,Participant 1686,Participant 1686,Wanita,17/01/2000,85000001686,participant1686@email.com,Internal,Vocal - Singer,Yogyakarta (Open Class)
22/05/2018 14:05:54,Participant 1644,Participant 1644,Wanita,13/03/1989,85000001644,participant1644@email.com,Internal,Vocal - Singer,Ngawi
22/05/2018 22:33:51,Participant 1044,Participant 1044,Wanita,24/07/1981,85000001044,participant1044@email.com,Internal,Music - Keyboard,Jakarta (Open Class)
23/05/2018 07:34:56,Participant 1687,Participant 1687,Wanita,1/8/2004,85000001687,participant1687@email.com,Internal,Music - Keyboard,Yogyakarta (Open Class)
23/05/2018 07:37:50,Participant 1687,Participant 1687,Wanita,1/8/2004,85000001687,participant1687@email.com,Internal,Music - Keyboard,Yogyakarta (Open Class)
23/05/2018 08:49:59,Participant 1688,Participant 1688,Wanita,16/06/1996,85000001688,participant1688@email.com,Internal,Vocal - Singer,Malang
23/05/2018 17:19:57,PARTICIPANT 1689,PARTICIPANT 1689,Wanita,17/11/1981,85000001689,participant1689@email.com,Internal,Vocal - Singer,Solo (Open Class)
23/05/2018 18:41:11,Participant 1690,Participant 1690,Pria,15/08/1990,85000001690,participant1690@email.com,Internal,Music - Bass,Solo (Open Class)
24/05/2018 16:59:23,Participant 1691,Participant 1691,Wanita,16/04/2000,85000001691,participant1691@email.com,Internal,Arts - Flag,Yogyakarta (Open Class)
24/05/2018 20:34:39,Participant 1686,Participant 1686,Wanita,17/01/2000,85000001686,participant1686@email.com,Internal,Vocal - Singer,Yogyakarta (Open Class)
25/05/2018 09:41:18,Participant 1692,Participant 1692,Pria,20/01/2000,85000001692,participant1692@email.com,Internal,Vocal - Singer,Yogyakarta (Open Class)
25/05/2018 13:22:42,Participant 1693,Participant 1693,Wanita,29/11/2001,85000001693,participant1693@email.com,Internal,Vocal - Body Voice,Yogyakarta (Open Class)
25/05/2018 13:41:52,Participant 1694,Participant 1694,Wanita,21/08/2000,85000001694,participant1694@email.com,Internal,Vocal - Singer,Jakarta (Open Class)
25/05/2018 15:35:14,Participant 1695,Participant 1695,Wanita,24/10/2004,85000001695,participant1695@email.com,Internal,Arts - Percussion,Jakarta (Open Class)
25/05/2018 15:58:40,Participant 1696,Participant 1696,Pria,18/01/1993,85000001696,participant1696@email.com,Internal,Music - Bass,Malang
25/05/2018 17:08:45,Participant 1697,Participant 1697,Pria,29/10/1986,85000001697,participant1697@email.com,Internal,Vocal - Singer,Jakarta (Open Class)
25/05/2018 17:25:53,Participant 1698,Participant 1698,Wanita,17/12/1995,85000001698,participant1698@email.com,Internal,Arts - Percussion,Malang
25/05/2018 18:44:47,Participant 1699,Participant 1699,Wanita,16/10/1995,85000001699,participant1699@email.com,Internal,Arts - Percussion,Jakarta (Open Class)
25/05/2018 19:47:10,Participant 1700,Participant 1700,Wanita,25/01/1999,85000001700,participant1700@email.com,Internal,Arts - Percussion,Jakarta (Open Class)
26/05/2018 07:55:37,Participant 1701,Participant 1701,Wanita,16/08/1972,85000001701,participant1701@email.com,Internal,Vocal - Body Voice,Solo (Open Class)
26/05/2018 11:56:37,Participant 1702,Participant 1702,Wanita,16/03/1985,85000001702,participant1702@email.com,Internal,Vocal - Singer,Jakarta (Open Class)
26/05/2018 12:21:19,participant 1703,participant 1703,Wanita,3/1/1995,85000001703,participant1703@email.com,Internal,Arts - Percussion,Malang
26/05/2018 18:21:08,Participant 1693,Participant 1693,Wanita,29/11/2001,85000001693,participant1693@email.com,Internal,Vocal - Body Voice,Yogyakarta (Open Class)
26/05/2018 22:19:00,Participant 1704,Participant 1704,Wanita,6/6/1996,85000001704,participant1704@email.com,Internal,Vocal - Singer,Yogyakarta (Open Class)
27/05/2018 09:45:37,Participant 1705,Participant 1705,Wanita,1/1/1998,85000001705,participant1705@email.com,Internal,Vocal - Singer,Jakarta (Open Class)
27/05/2018 11:02:41,Participant 639,Participant 639,Wanita,25/12/2003,85000000639,participant639@email.com,Internal,Vocal - Body Voice,Semarang
28/05/2018 02:07:45,Participant 1706,Participant 1706,Wanita,30/08/2003,85000001706,participant1706@email.com,Internal,Music - Keyboard,Yogyakarta (Open Class)
28/05/2018 19:23:51,Participant 1707,Participant 1707,Pria,17/03/2000,85000001707,participant1707@email.com,Internal,Vocal - Singer,Solo (Open Class)
29/05/2018 16:10:25,Participant 1708,Participant 1708,Pria,14/11/1999,85000001708,participant1708@email.com,Internal,Vocal - Singer,Jakarta (Open Class)
29/05/2018 17:42:38,Participant 1709,Participant 1709,Pria,30/10/1994,85000001709,participant1709@email.com,Internal,Music - Keyboard,Jakarta (Open Class)
29/05/2018 18:53:09,Participant 1710,Participant 1710,Wanita,1/5/2002,85000001710,participant1710@email.com,Internal,Arts - Percussion,Malang
29/05/2018 19:46:35,Participant 1711,Participant 1711,Wanita,19/12/2005,85000001711,participant1711@email.com,Internal,Vocal - Singer,Jakarta (Open Class)
30/05/2018 07:18:25,Participant 1712,Participant 1712,Wanita,24/06/2004,85000001712,participant1712@email.com,Internal,Vocal - Singer,Yogyakarta (Open Class)
30/05/2018 12:01:49,Participant 1713,Participant 1713,Wanita,7/9/1999,85000001713,participant1713@email.com,Internal,Vocal - Singer,Yogyakarta (Open Class)
30/05/2018 14:30:40,Participant 1714,Participant 1714,Pria,23/08/1979,85000001714,participant1714@email.com,Internal,Music - Guitar,Malang
30/05/2018 16:20:36,Participant 1715,Participant 1715,Wanita,25/03/2006,85000001715,participant1715@email.com,Internal,Arts - Percussion,Solo (Open Class)
30/05/2018 21:11:17,Participant 1716,Participant 1716,Wanita,14/07/2003,85000001716,participant1716@email.com,Internal,Arts - Percussion,Solo (Open Class)
30/05/2018 21:26:49,Participant 1717,Participant 1717,Wanita,12/3/1990,85000001717,participant1717@email.com,Internal,Vocal - Singer,Jakarta (Open Class)
30/05/2018 22:32:33,Participant 1493,Participant 1493,Wanita,18/05/1980,85000001493,participant1493@email.com,Internal,Vocal - Choir,Jakarta (Open Class)
31/05/2018 05:44:41,Participant 1718,Participant 1718,Pria,20/07/1977,85000001718,participant1718@email.com,Internal,Music - Bass,Yogyakarta (Open Class)
31/05/2018 10:51:46,Participant 508,Participant 508,Wanita,30/11/1991,85000000508,participant508@email.com,Internal,Vocal - Singer,Bali
31/05/2018 14:56:39,Participant 1698,Participant 1698,Wanita,17/12/1995,85000001698,participant1698@email.com,Internal,Arts - Percussion,Malang
31/05/2018 15:53:04,participant 1719,participant 1719,Wanita,23/05/2000,85000001719,participant1719@email.com,Internal,Arts - Percussion,Malang
31/05/2018 20:57:43,Participant 1493,Participant 1493,Wanita,18/05/1980,85000001493,participant1493@email.com,Internal,Vocal - Choir,Jakarta (Open Class)
31/05/2018 21:44:48,PARTICIPANT 678,PARTICIPANT 678,Wanita,9/7/2003,85000000678,participant678@email.com,Internal,Arts - Percussion,Madiun
31/05/2018 23:50:04,Participant 1720,Participant 1720,Wanita,26/05/2004,85000001720,participant1720@email.com,Internal,Vocal - Singer,Solo (Open Class)
1/6/2018 3:13,Participant 1721,Participant 1721,Wanita,19/11/1996,85000001721,participant1721@email.com,Internal,Arts - Percussion,Yogyakarta (Open Class)
1/6/2018 16:23,Participant 1722,Participant 1722,Pria,13/06/2000,85000001722,participant1722@email.com,Internal,Music - Guitar,Malang
2/6/2018 8:47,Participant 1723,Participant 1723,Pria,31/12/2002,85000001723,participant1723@email.com,Internal,Music - Guitar,Jakarta (Open Class)
2/6/2018 9:36,Participant 1724,Participant 1724,Wanita,2/5/2001,85000001724,participant1724@email.com,Internal,Arts - Percussion,Jakarta (Open Class)
2/6/2018 10:44,Participant 1725,Participant 1725,Wanita,10/9/2008,85000001725,participant1725@email.com,Internal,Arts - Percussion,Solo (Open Class)
2/6/2018 23:29,Participant 1726,Participant 1726,Wanita,21/03/1970,85000001726,participant1726@email.com,Internal,Vocal - Singer,Jakarta (Open Class)
3/6/2018 7:00,Participant 1727,Participant 1727,Wanita,29/11/2002,85000001727,participant1727@email.com,Internal,Vocal - Singer,Yogyakarta (Open Class)
3/6/2018 8:06,Participant 1640,Participant 1640,Pria,20/10/1971,85000001640,participant1640@email.com,Internal,Audio - Engineer,Solo (Open Class)
3/6/2018 17:09,Participant 1728,Participant 1728,Pria,25/07/1985,85000001728,participant1728@email.com,Internal,Vocal - Singer,Jakarta (Open Class)
3/6/2018 20:17,Participant 1729,Participant 1729,Pria,6/4/1996,85000001729,participant1729@email.com,Internal,Music - Drum,Yogyakarta (Open Class)
3/6/2018 20:32,Participant 1730,Participant 1730,Pria,22/12/2002,85000001730,participant1730@email.com,Internal,Vocal - Singer,Solo (Open Class)
4/6/2018 7:28,Participant 1731,Participant 1731,Pria,7/11/2002,85000001731,participant1731@email.com,Internal,Music - Keyboard,Yogyakarta (Open Class)
4/6/2018 11:53,Participant 1732,Participant 1732,Wanita,31/01/1992,85000001732,participant1732@email.com,Internal,Vocal - Body Voice,Yogyakarta (Open Class)
4/6/2018 18:42,Participant 1686,Participant 1686,Wanita,17/01/2000,85000001686,participant1686@email.com,Internal,Vocal - Singer,Yogyakarta (Open Class)
4/6/2018 20:09,Participant 1733,Participant 1733,Pria,22/01/1973,85000001733,participant1733@email.com,Internal,Vocal - Singer,Ngawi
4/6/2018 20:17,Participant 1733,Participant 1733,Pria,22/01/1973,85000001733,participant1733@email.com,Internal,Vocal - Singer,Ngawi
5/6/2018 8:20,Participant 1734,Participant 1734,Pria,14/02/2003,85000001734,participant1734@email.com,Internal,Music - Bass,Malang
5/6/2018 9:47,Participant 1735,Participant 1735,Pria,24/02/1987,85000001735,participant1735@email.com,Internal,Vocal - Singer,Bandung
5/6/2018 16:05,Participant 1736,Participant 1736,Wanita,23/03/1999,85000001736,participant1736@email.com,Internal,Vocal - Singer,Yogyakarta (Open Class)
5/6/2018 16:16,Participant 1737,Participant 1737,Wanita,24/04/2010,85000001737,participant1737@email.com,Internal,Arts - Percussion,Solo (Open Class)
5/6/2018 17:52,participant 1738,participant 1738,Wanita,5/9/1971,85000001738,participant1738@email.com,Internal,Vocal - Singer,Ngawi
5/6/2018 18:03,Participant 1739,Participant 1739,Wanita,1/1/1984,85000001739,participant1739@email.com,Internal,Vocal - Singer,Ngawi
5/6/2018 20:50,Participant 1740,Participant 1740,Wanita,26/06/1997,85000001740,participant1740@email.com,Internal,Arts - Flag,Malang
5/6/2018 20:52,Participant 1741,Participant 1741,Wanita,25/01/2004,85000001741,participant1741@email.com,Internal,Arts - Percussion,Malang
5/6/2018 21:12,Participant 1742,Participant 1742,Wanita,29/04/1992,85000001742,participant1742@email.com,Internal,Arts - Percussion,Malang
5/6/2018 22:25,Participant 469,Participant 469,Pria,31/08/1988,85000000469,participant469@email.com,Internal,Vocal - Singer,Madiun
6/6/2018 8:17,Participant 1743,Participant 1743,Pria,13/06/1970,85000001743,participant1743@email.com,Internal,Music - Guitar,Ngawi
6/6/2018 9:00,Participant 1743,Participant 1743,Pria,13/06/1970,85000001743,participant1743@email.com,Internal,Music - Guitar,Ngawi
6/6/2018 10:06,Participant 1744,Participant 1744,Wanita,29/12/1998,85000001744,participant1744@email.com,Internal,Arts - Percussion,Ngawi
6/6/2018 11:26,Participant 1704,Participant 1704,Wanita,6/6/1996,85000001704,participant1704@email.com,Internal,Vocal - Singer,Yogyakarta (Open Class)
6/6/2018 11:29,Participant 1539,Participant 1539,Pria,6/12/1998,85000001539,participant1539@email.com,Internal,Music - Drum,Nias
6/6/2018 11:40,Participant 1745,Participant 1745,Pria,17/06/1991,85000001745,participant1745@email.com,Internal,Vocal - Singer,Yogyakarta (Open Class)
6/6/2018 12:08,Participant 679,Participant 679,Wanita,22/12/1992,85000000679,participant679@email.com,Internal,Vocal - Singer,Tangerang
6/6/2018 12:09,Participant 1746,Participant 1746,Wanita,17/11/2002,85000001746,participant1746@email.com,Internal,Vocal - Singer,Tangerang
6/6/2018 12:20,Participant 853,Participant 853,Wanita,23/08/1995,85000000853,participant853@email.com,Internal,Arts - Percussion,Tangerang
6/6/2018 12:20,Participant 1667,Participant 1667,Wanita,2/8/1986,85000001667,participant1667@email.com,Internal,Vocal - Body Voice,Semarang
6/6/2018 12:22,Participant 238,Participant 238,Wanita,9/1/1999,85000000238,participant238@email.com,Internal,Vocal - Singer,Tangerang
6/6/2018 12:37,Participant 1747,Participant 1747,Pria,6/2/1997,85000001747,participant1747@email.com,Internal,Music - Bass,Tangerang
6/6/2018 12:41,Participant 1587,Participant 1587,Wanita,1/5/1986,85000001587,participant1587@email.com,Internal,Visual - Makeup,Surabaya
6/6/2018 12:43,Participant 1748,Participant 1748,Wanita,6/9/1991,85000001748,participant1748@email.com,Internal,Vocal - Singer,Samarinda
6/6/2018 12:49,Participant 473,Participant 473,Pria,20/12/2000,85000000473,participant473@email.com,Internal,Music - Drum,Tangerang
6/6/2018 12:51,Participant 1739,Participant 1739,Wanita,1/1/1984,85000001739,participant1739@email.com,Internal,Vocal - Singer,Ngawi
6/6/2018 13:05,Participant 1733,Participant 1733,Pria,22/01/1973,85000001733,participant1733@email.com,Internal,Vocal - Singer,Ngawi
6/6/2018 13:25,Participant 1749,Participant 1749,Wanita,12/11/2001,85000001749,participant1749@email.com,Internal,Arts - Percussion,Jakarta (Open Class)
6/6/2018 13:29,Participant 710,Participant 710,Wanita,15/06/2011,85000000710,participant710@email.com,Internal,Arts - Percussion,Tangerang
6/6/2018 13:35,Participant 1750,Participant 1750,Wanita,31/05/2007,85000001750,participant1750@email.com,Internal,Arts - Movement,Tangerang
6/6/2018 13:36,Participant 1751,Participant 1751,Wanita,4/5/2005,85000001751,participant1751@email.com,Internal,Arts - Movement,Tangerang
6/6/2018 13:39,Participant 710,Participant 710,Wanita,15/06/2011,85000000710,participant710@email.com,Internal,Arts - Percussion,Tangerang
6/6/2018 13:39,Participant 710,Participant 710,Wanita,15/06/2011,85000000710,participant710@email.com,Internal,Arts - Percussion,Tangerang
6/6/2018 13:42,Participant 1750,Participant 1750,Wanita,31/05/2007,85000001750,participant1750@email.com,Internal,Arts - Movement,Tangerang
6/6/2018 13:50,Participant 1730,Participant 1730,Pria,22/12/2002,85000001730,participant1730@email.com,Internal,Vocal - Singer,Solo (Open Class)
6/6/2018 14:43,Participant 1752,Participant 1752,Wanita,29/05/2008,85000001752,participant1752@email.com,Internal,Visual - Makeup,Malang
6/6/2018 14:56,Participant 1753,Participant 1753,Wanita,23/07/2010,85000001753,participant1753@email.com,Internal,Visual - Makeup,Jakarta (Open Class)
6/6/2018 15:00,Participant 1754,Participant 1754,Wanita,4/1/1981,85000001754,participant1754@email.com,Internal,Vocal - Singer,Ngawi
6/6/2018 18:52,Participant 1755,Participant 1755,Wanita,29/10/2003,85000001755,participant1755@email.com,Internal,Vocal - Singer,Tangerang
6/6/2018 19:27,Participant 1756,Participant 1756,Wanita,18/05/2024,85000001756,participant1756@email.com,Internal,Music - Drum,Ngawi
6/6/2018 19:28,Participant 1757,Participant 1757,Pria,7/10/1998,85000001757,participant1757@email.com,Internal,Vocal - Singer,Solo (Open Class)
6/6/2018 21:48,Participant 1758,Participant 1758,Pria,7/12/1996,85000001758,participant1758@email.com,Internal,Music - Keyboard,Yogyakarta (Open Class)
6/6/2018 22:19,PARTICIPANT 678,PARTICIPANT 678,Wanita,7/7/2003,85000000678,participant678@email.com,Internal,Arts - Percussion,Madiun
7/6/2018 7:06,Participant 1635,Participant 1635,Wanita,2/1/1975,85000001635,participant1635@email.com,Internal,Music - Guitar,Solo  (Open Class)
7/6/2018 7:18,Participant 1748,Participant 1748,Wanita,6/9/1991,85000001748,participant1748@email.com,Internal,Vocal - Singer,Samarinda
7/6/2018 7:19,Participant 1759,Participant 1759,Wanita,29/05/1999,85000001759,participant1759@email.com,Internal,Vocal - Singer,Bandung
7/6/2018 9:02,Participant 252,Participant 252,Pria,15/07/1989,85000000252,participant252@email.com,Internal,Audio - Engineer,Tangerang
7/6/2018 10:34,Participant 1100,Participant 1100,Pria,27/02/2001,85000001100,participant1100@email.com,Internal,Music - Guitar,Tangerang
7/6/2018 10:40,Participant 1760,Participant 1760,Wanita,3/5/1980,85000001760,participant1760@email.com,Internal,Music - Guitar,Bali
7/6/2018 12:40,Participant 1761,Participant 1761,Pria,26/03/2005,85000001761,participant1761@email.com,Internal,Arts - Flag,Yogyakarta (Open Class)
7/6/2018 16:38,Participant 1687,Participant 1687,Wanita,1/8/2004,85000001687,participant1687@email.com,Internal,Music - Keyboard,Yogyakarta (Open Class)
7/6/2018 16:39,Participant 1687,Participant 1687,Wanita,1/8/2004,85000001687,participant1687@email.com,Internal,Music - Keyboard,Yogyakarta (Open Class)
8/6/2018 14:22,Participant 1694,Participant 1694,Wanita,21/08/2000,85000001694,participant1694@email.com,Internal,Vocal - Singer,Jakarta (Open Class)
8/6/2018 17:35,Participant 1762,Participant 1762,Wanita,8/2/2009,85000001762,participant1762@email.com,Internal,Arts - Percussion,Malang
8/6/2018 18:29,PARTICIPANT 1413,PARTICIPANT 1413,Pria,13/08/1984,85000001413,participant1413@email.com,Internal,Music - Keyboard,Klaten
8/6/2018 21:06,Participant 1763,Participant 1763,Pria,1/10/2010,85000001763,participant1763@email.com,Internal,Music - Drum,Solo (Open Class)
8/6/2018 21:17,Participant 1097,Participant 1097,Pria,23/06/1977,85000001097,participant1097@email.com,Internal,Vocal - Choir,Solo (Open Class)
8/6/2018 21:35,Participant 1097,Participant 1097,Pria,23/11/1977,85000001097,participant1097@email.com,Internal,Vocal - Choir,Solo (Open Class)
8/6/2018 22:04,Participant 1764,Participant 1764,Pria,3/4/1982,85000001764,participant1764@email.com,Internal,Music - Guitar,Solo (Open Class)
9/6/2018 8:11,Participant 495,Participant 495,Wanita,28/10/1976,85000000495,participant495@email.com,Internal,Vocal - Singer,Klaten
9/6/2018 8:25,Participant 1765,Participant 1765,Wanita,23/05/2001,85000001765,participant1765@email.com,Internal,Vocal - Singer,Klaten
9/6/2018 8:37,Participant 1766,Participant 1766,Wanita,18/07/1990,85000001766,participant1766@email.com,Internal,Vocal - Singer,Klaten
9/6/2018 8:37,Participant 1767,Participant 1767,Wanita,22/05/1988,85000001767,participant1767@email.com,Internal,Vocal - Singer,Klaten
9/6/2018 12:24,Participant 1768,Participant 1768,Wanita,27/04/2010,85000001768,participant1768@email.com,Internal,Music - Keyboard,Wonosari
9/6/2018 12:36,Participant 1769,Participant 1769,Wanita,15/02/1987,85000001769,participant1769@email.com,Internal,Vocal - Singer,Jakarta (Open Class)
9/6/2018 13:02,Participant 1770,Participant 1770,Pria,13/07/2007,85000001770,participant1770@email.com,Internal,Music - Guitar,Wonosari
9/6/2018 16:45,Participant 1771,Participant 1771,Pria,11/5/1986,85000001771,participant1771@email.com,Internal,Music - Keyboard,Magelang
9/6/2018 19:05,Participant 325,Participant 325,Wanita,9/6/2023,85000000325,participant325@email.com,Internal,Arts - Flag,Samarinda
10/6/2018 8:10,Participant 1772,Participant 1772,Wanita,18/06/1978,85000001772,participant1772@email.com,Internal,Vocal - Choir,Malang
10/6/2018 8:55,Participant 1773,Participant 1773,Wanita,12/7/1984,85000001773,participant1773@email.com,Internal,Vocal - Singer,Klaten
10/6/2018 16:19,Participant 79,Participant 79,Pria,1/9/1996,85000000079,participant79@email.com,Internal,Vocal - Singer,Klaten
10/6/2018 17:08,Participant 1774,Participant 1774,Pria,23/10/1996,85000001774,participant1774@email.com,Internal,Vocal - Singer,Solo (Open Class)
11/6/2018 18:50,Participant 1775,Participant 1775,Pria,11/16/0072,85000001775,participant1775@email.com,Internal,Vocal - Body Voice,Solo (Open Class)
11/6/2018 22:57,Participant 1776,Participant 1776,Wanita,29/12/2006,85000001776,participant1776@email.com,Internal,Arts - Percussion,Solo (Open Class)
12/6/2018 0:10,participant 1777,participant 1777,Wanita,20/12/2006,85000001777,participant1777@email.com,Internal,Arts - Percussion,Solo (Open Class)
13/06/2018 11:45:14,Participant 1778,Participant 1778,Pria,20/06/1982,85000001778,participant1778@email.com,Internal,Vocal - Singer,Semarang
13/06/2018 11:53:20,Participant 1778,Participant 1778,Pria,13/06/2023,85000001778,participant1778@email.com,Internal,Vocal - Singer,Semarang
14/06/2018 19:15:32,Participant 1779,Participant 1779,Pria,1/11/2007,85000001779,participant1779@email.com,Internal,Music - Drum,Solo (Open Class)
14/06/2018 19:33:17,Participant 1780,Participant 1780,Pria,29/12/2005,85000001780,participant1780@email.com,Internal,Vocal - Singer,Klaten
14/06/2018 19:35:17,Participant 1780,Participant 1780,Pria,29/12/2005,85000001780,participant1780@email.com,Internal,Vocal - Singer,Klaten
14/06/2018 20:28:47,Participant 1781,Participant 1781,Wanita,20/04/2005,85000001781,participant1781@email.com,Internal,Arts - Percussion,Klaten
14/06/2018 20:28:47,Participant 1781,Participant 1781,Wanita,20/04/2005,85000001781,participant1781@email.com,Internal,Arts - Percussion,Klaten
15/06/2018 00:15:26,Participant 1782,Participant 1782,Wanita,10/5/1989,85000001782,participant1782@email.com,Internal,Vocal - Singer,Klaten
15/06/2018 15:31:25,Participant 1783,Participant 1783,Wanita,16/05/2000,85000001783,participant1783@email.com,Internal,Vocal - Singer,Solo (Open Class)
16/06/2018 12:12:11,Participant 1784,Participant 1784,Wanita,5/8/2006,85000001784,participant1784@email.com,Internal,Vocal - Singer,Solo (Open Class)
17/06/2018 22:23:33,Participant 1785,Participant 1785,Pria,16/08/1997,85000001785,participant1785@email.com,Internal,Vocal - Singer,Solo (Open Class)
18/06/2018 06:19:30,Participant 1786,Participant 1786,Pria,4/3/1977,85000001786,participant1786@email.com,Internal,Music - Guitar,Solo (Open Class)
18/06/2018 14:50:41,Participant 1787,Participant 1787,Pria,8/4/1971,85000001787,participant1787@email.com,Internal,Music - Drum,Solo (Open Class)
18/06/2018 20:43:46,Participant 1788,Participant 1788,Pria,7/11/2007,85000001788,participant1788@email.com,Internal,Music - Drum,Solo (Open Class)
18/06/2018 23:06:51,participant 1260,participant 1260,Pria,5/1/1983,85000001260,participant1260@email.com,Internal,Vocal - Singer,Solo (Open Class)
18/06/2018 23:49:28,Participant 451,Participant 451,Pria,13/05/2008,85000000451,participant451@email.com,Internal,Music - Drum,Solo
19/06/2018 00:00:44,Participant 1789,Participant 1789,Pria,23/09/2006,85000001789,participant1789@email.com,Internal,Music - Keyboard,Solo (Open Class)
19/06/2018 18:24:56,Participant 1790,Participant 1790,Pria,2/12/2002,85000001790,participant1790@email.com,Internal,Music - Keyboard,Solo  (Open Class)
22/06/2018 15:10:28,Participant 1791,Participant 1791,Wanita,10/3/1990,85000001791,participant1791@email.com,Internal,Vocal - Choir,Solo (Open Class)
22/06/2018 15:10:28,Participant 1791,Participant 1791,Wanita,10/3/1990,85000001791,participant1791@email.com,Internal,Vocal - Choir,Solo (Open Class)
25/06/2018 11:41:23,Participant 1792,Participant 1792,Wanita,22/04/1999,85000001792,participant1792@email.com,Internal,Arts - Percussion,Yogyakarta (Open Class)
25/06/2018 11:41:23,Participant 1792,Participant 1792,Wanita,22/04/1999,85000001792,participant1792@email.com,Internal,Arts - Percussion,Yogyakarta (Open Class)
25/06/2018 11:41:24,PARTICIPANT 1794,PARTICIPANT 1794,Wanita,31/01/2003,85000001794,participant1794@email.com,Internal,Arts - Flag,Magelang
25/06/2018 11:41:25,Participant 1694,Participant 1694,Wanita,21/08/2000,85000001694,participant1694@email.com,Internal,Vocal - Singer,Jakarta (Open Class)
25/06/2018 11:41:26,Participant 1770,Participant 1770,Pria,13/07/2007,85000001770,participant1770@email.com,Internal,Music - Guitar,Wonosari
25/06/2018 11:41:27,Participant 1772,Participant 1772,Wanita,18/06/1978,85000001772,participant1772@email.com,Internal,Vocal - Choir,Malang
25/06/2018 12:36:51,Participant 1793,Participant 1793,Wanita,23/03/1986,85000001793,participant1793@email.com,Internal,Vocal - Singer,Solo (Open Class)
25/06/2018 12:36:51,Participant 1793,Participant 1793,Wanita,23/03/1986,85000001793,participant1793@email.com,Internal,Vocal - Singer,Solo (Open Class)
25/06/2018 12:36:52,Participant 1769,Participant 1769,Wanita,15/02/1987,85000001769,participant1769@email.com,Internal,Vocal - Singer,Jakarta (Open Class)
25/06/2018 12:36:53,Participant 1771,Participant 1771,Pria,11/5/1986,85000001771,participant1771@email.com,Internal,Music - Keyboard,Magelang
25/06/2018 12:36:54,Participant 1768,Participant 1768,Wanita,27/04/2010,85000001768,participant1768@email.com,Internal,Music - Keyboard,Wonosari
25/06/2018 12:36:55,Participant 1762,Participant 1762,Wanita,8/2/2009,85000001762,participant1762@email.com,Internal,Arts - Percussion,Malang
22/07/2018 16:33:14,Participant 1795,Participant 1795,Wanita,27/09/1995,85000001795,participant1795@email.com,Internal,Visual - Makeup,Yogyakarta (Open Class)
26/07/2018 07:26:43,PARTICIPANT 1796,PARTICIPANT 1796,Wanita,10/11/1973,85000001796,participant1796@email.com,Internal,Vocal - Body Voice,Solo (Open Class)
6/8/2018 21:19,Participant 1797,Participant 1797,Wanita,20/05/2000,85000001797,participant1797@email.com,Internal,Vocal - Singer,Tangerang
6/8/2018 21:23,Participant 1798,Participant 1798,Pria,30/07/1991,85000001798,participant1798@email.com,Internal,Vocal - Singer,Jakarta (Open Class)
6/8/2018 21:25,Participant 1799,Participant 1799,Pria,23/04/2003,85000001799,participant1799@email.com,Internal,Music - Keyboard,Jakarta (Open Class)
6/8/2018 21:26,Participant 1800,Participant 1800,Wanita,11/10/1998,85000001800,participant1800@email.com,Internal,Vocal - Singer,Jakarta (Open Class)
6/8/2018 21:29,Participant 1801,Participant 1801,Wanita,5/12/1997,85000001801,participant1801@email.com,Internal,Vocal - Singer,Jakarta (Open Class)
6/8/2018 21:36,Participant 1802,Participant 1802,Wanita,21/05/2005,85000001802,participant1802@email.com,Internal,Arts - Percussion,Jakarta (Open Class)
6/8/2018 21:38,Participant 1803,Participant 1803,Pria,26/01/1986,85000001803,participant1803@email.com,Internal,Vocal - Singer,Jakarta (Open Class)
6/8/2018 21:46,Participant 1804,Participant 1804,Pria,12/9/1990,85000001804,participant1804@email.com,Internal,Vocal - Singer,Jakarta (Open Class)
6/8/2018 22:38,Participant 1805,Participant 1805,Wanita,17/07/2000,85000001805,participant1805@email.com,Internal,Arts - Percussion,Jakarta (Open Class)
6/8/2018 23:01,Participant 1675,Participant 1675,Pria,6/2/1989,85000001675,participant1675@email.com,Internal,Vocal - Singer,Jakarta (Open Class)
10/8/2018 16:53,Participant 1332,Participant 1332,Wanita,31/05/2002,85000001332,participant1332@email.com,Internal,Vocal - Singer,Jakarta (Open Class)
12/8/2018 7:31,Participant 2891,Participant 2891,Wanita,23/11/1998,85000002891,participant2891@email.com,Internal,Vocal - Choir,Yogyakarta
12/8/2018 9:30,Participant 2892,Participant 2892,Pria,7/2/1995,85000002892,participant2892@email.com,Internal,Music - Drum,Yogyakarta
12/8/2018 9:52,Participant 2893,Participant 2893,Wanita,30/08/1995,85000002893,participant2893@email.com,Internal,Vocal - Body Voice,Yogyakarta
12/8/2018 22:41,Participant 2894,Participant 2894,Pria,27/10/1978,85000002894,participant2894@email.com,Internal,Vocal - Body Voice,Yogyakarta
13/08/2018 19:25:24,Participant 2895,Participant 2895,Wanita,9/8/1990,85000002895,participant2895@email.com,Internal,Arts - Percussion,Yogyakarta
13/08/2018 21:50:29,Participant 2896,Participant 2896,Pria,20/11/1999,85000002896,participant2896@email.com,Internal,Music - Drum,Yogyakarta
14/08/2018 13:46:14,Participant 2897,Participant 2897,Pria,17/01/2018,85000002897,participant2897@email.com,Internal,Music - Drum,Yogyakarta
14/08/2018 17:59:14,Participant 2898,Participant 2898,Pria,29/08/1991,85000002898,participant2898@email.com,Internal,Music - Drum,Yogyakarta
14/08/2018 20:39:03,Participant 2899,Participant 2899,Wanita,8/6/1999,85000002899,participant2899@email.com,Internal,Arts - Percussion,Yogyakarta
15/08/2018 09:30:58,PARTICIPANT 2900,PARTICIPANT 2900,Wanita,15/09/1971,85000002900,participant2900@email.com,Internal,Vocal - Choir,Yogyakarta
15/08/2018 09:33:36,PARTICIPANT 2901,PARTICIPANT 2901,Pria,28/02/1970,85000002901,participant2901@email.com,Internal,Vocal - Choir,Yogyakarta
21/08/2018 11:37:34,Participant 2902,Participant 2902,Wanita,30/11/1999,85000002902,participant2902@email.com,Internal,Arts - Movement,Yogyakarta
21/08/2018 18:33:48,PARTICIPANT 2903,PARTICIPANT 2903,Wanita,26/09/1999,85000002903,participant2903@email.com,Internal,Vocal - Choir,Yogyakarta
24/08/2018 00:43:01,participant 1806,participant 1806,Pria,7/11/2002,85000001806,participant1806@email.com,Internal,Music - Keyboard,Yogyakarta (Open Class)
25/08/2018 00:07:13,Participant 2904,Participant 2904,Wanita,29/03/1997,85000002904,participant2904@email.com,Internal,Vocal - Choir,Yogyakarta
25/08/2018 10:19:00,Participant 1501,Participant 1501,Pria,3/4/1986,85000001501,participant1501@email.com,Internal,Music - Guitar,Magelang
26/08/2018 19:45:42,Participant 2905,Participant 2905,Wanita,2/4/1990,85000002905,participant2905@email.com,Internal,Vocal - Choir,Yogyakarta
28/08/2018 22:56:35,Participant 2906,Participant 2906,Wanita,18/08/2000,85000002906,participant2906@email.com,Internal,Vocal - Choir,Yogyakarta
29/08/2018 18:25:47,Participant 2907,Participant 2907,Wanita,23/08/2001,85000002907,participant2907@email.com,Internal,Arts - Movement,Yogyakarta
29/08/2018 21:10:58,Participant 2908,Participant 2908,Wanita,11/3/1990,85000002908,participant2908@email.com,Internal,Vocal - Body Voice,Yogyakarta
30/08/2018 18:29:24,Participant 2708,Participant 2708,Wanita,24/04/1998,85000002708,participant2708@email.com,Internal,Vocal - Singer,Yogyakarta
30/08/2018 18:45:34,Participant 2642,Participant 2642,Wanita,5/5/1998,85000002642,participant2642@email.com,Internal,Vocal - Body Voice,Yogyakarta
30/08/2018 18:49:11,Participant 2909,Participant 2909,Wanita,16/09/1994,85000002909,participant2909@email.com,Internal,Music - Keyboard,Yogyakarta
30/08/2018 19:12:16,Participant 2910,Participant 2910,Wanita,26/06/1997,85000002910,participant2910@email.com,Internal,Vocal - Choir,Yogyakarta
30/08/2018 19:23:52,Participant 2911,Participant 2911,Wanita,20/03/1998,85000002911,participant2911@email.com,Internal,Music - Keyboard,Yogyakarta
30/08/2018 19:26:42,Participant 2912,Participant 2912,Pria,7/3/1997,85000002912,participant2912@email.com,Internal,Music - Keyboard,Yogyakarta
30/08/2018 20:06:03,Participant 2913,Participant 2913,Wanita,3/9/1999,85000002913,participant2913@email.com,Internal,Arts - Percussion,Yogyakarta
30/08/2018 23:00:34,Participant 2914,Participant 2914,Wanita,20/04/2000,85000002914,participant2914@email.com,Internal,Arts - Movement,Yogyakarta
30/08/2018 23:34:12,Participant 2569,Participant 2569,Wanita,14/03/1984,85000002569,participant2569@email.com,Internal,Music - Guitar,Yogyakarta
31/08/2018 00:40:45,Participant 2837,Participant 2837,Wanita,1/2/1988,85000002837,participant2837@email.com,Internal,Vocal - Choir,Yogyakarta
31/08/2018 00:40:55,Participant 2837,Participant 2837,Wanita,1/2/1988,85000002837,participant2837@email.com,Internal,Vocal - Choir,Yogyakarta
31/08/2018 00:41:07,Participant 2837,Participant 2837,Wanita,1/2/1988,85000002837,participant2837@email.com,Internal,Vocal - Choir,Yogyakarta
31/08/2018 21:57:27,Participant 1583,Participant 1583,Wanita,2/1/1991,85000001583,participant1583@email.com,Internal,Vocal - Singer,Yogyakarta (Open Class)
31/08/2018 22:46:36,PARTICIPANT 2915,PARTICIPANT 2915,Pria,19/09/2018,85000002915,participant2915@email.com,Internal,Music - Drum,Yogyakarta
1/9/2018 7:46,Participant 2914,Participant 2914,Wanita,20/04/2000,85000002914,participant2914@email.com,Internal,Arts - Movement,Yogyakarta
1/9/2018 19:52,Participant 2837,Participant 2837,Wanita,1/2/1988,85000002837,participant2837@email.com,Internal,Vocal - Choir,Yogyakarta
2/9/2018 11:52,Participant 2916,Participant 2916,Wanita,2/8/1986,85000002916,participant2916@email.com,Internal,Music - Drum,Yogyakarta
2/9/2018 13:34,Participant 2917,Participant 2917,Wanita,22/03/1995,85000002917,participant2917@email.com,Internal,Arts - Movement,Yogyakarta
2/9/2018 14:05,Participant 523,Participant 523,Wanita,26/01/1997,85000000523,participant523@email.com,Internal,Vocal - Singer,Solo
2/9/2018 14:41,Participant 2918,Participant 2918,Wanita,6/4/1997,85000002918,participant2918@email.com,Internal,Arts - Percussion,Yogyakarta
2/9/2018 14:44,Participant 2919,Participant 2919,Wanita,2/12/2001,85000002919,participant2919@email.com,Internal,Music - Keyboard,Yogyakarta
2/9/2018 16:45,Participant 2920,Participant 2920,Pria,26/06/1996,85000002920,participant2920@email.com,Internal,Music - Keyboard,Yogyakarta
2/9/2018 17:47,Participant 2921,Participant 2921,Pria,21/04/2000,85000002921,participant2921@email.com,Internal,Music - Keyboard,Yogyakarta
2/9/2018 22:44,Participant 2922,Participant 2922,Pria,13/08/2018,85000002922,participant2922@email.com,Internal,Music - Drum,Yogyakarta
3/9/2018 9:15,Participant 2518,Participant 2518,Wanita,2/12/2018,85000002518,participant2518@email.com,Internal,Vocal - Choir,Yogyakarta
3/9/2018 11:54,Participant 1721,Participant 1721,Wanita,19/11/1997,85000001721,participant1721@email.com,Internal,Arts - Percussion,Yogyakarta (Open Class)
4/9/2018 7:57,Participant 2923,Participant 2923,Pria,23/03/2000,85000002923,participant2923@email.com,Internal,Music - Drum,Yogyakarta
4/9/2018 7:58,Participant 1807,Participant 1807,Wanita,22/06/2005,85000001807,participant1807@email.com,Internal,Vocal - Singer,Yogyakarta (Open Class)
4/9/2018 9:13,Participant 2924,Participant 2924,Pria,18/04/2000,85000002924,participant2924@email.com,Internal,Music - Drum,Yogyakarta
4/9/2018 9:17,Participant 2925,Participant 2925,Pria,25/03/1998,85000002925,participant2925@email.com,Internal,Music - Drum,Yogyakarta
4/9/2018 16:22,Participant 2926,Participant 2926,Wanita,5/8/1989,85000002926,participant2926@email.com,Internal,Vocal - Choir,Yogyakarta
5/9/2018 8:00,Participant 2927,Participant 2927,Pria,30/03/1996,85000002927,participant2927@email.com,Internal,Music - Guitar,Yogyakarta
5/9/2018 17:22,Participant 2928,Participant 2928,Wanita,18/10/1999,85000002928,participant2928@email.com,Internal,Arts - Percussion,Yogyakarta
5/9/2018 17:30,Participant 2929,Participant 2929,Pria,23/11/1998,85000002929,participant2929@email.com,Internal,Vocal - Choir,Yogyakarta
6/9/2018 15:38,Participant 2930,Participant 2930,Wanita,25/02/2001,85000002930,participant2930@email.com,Internal,Arts - Percussion,Yogyakarta
6/9/2018 15:38,Participant 2931,Participant 2931,Wanita,7/6/2000,85000002931,participant2931@email.com,Internal,Arts - Percussion,Yogyakarta
6/9/2018 15:40,Participant 2932,Participant 2932,Wanita,20/03/1978,85000002932,participant2932@email.com,Internal,Vocal - Choir,Yogyakarta
6/9/2018 15:44,Participant 2933,Participant 2933,Wanita,16/04/2008,85000002933,participant2933@email.com,Internal,Arts - Movement,Yogyakarta
8/9/2018 13:27,Participant 2934,Participant 2934,Pria,27/12/1998,85000002934,participant2934@email.com,Internal,Music - Guitar,Yogyakarta
8/9/2018 22:53,Participant 2935,Participant 2935,Pria,13/05/2003,85000002935,participant2935@email.com,Internal,Audio - Engineer,Yogyakarta
9/9/2018 11:22,Participant 2936,Participant 2936,Wanita,25/09/1971,85000002936,participant2936@email.com,Internal,Vocal - Choir,Yogyakarta
9/9/2018 14:52,Participant 2937,Participant 2937,Pria,23/09/2003,85000002937,participant2937@email.com,Internal,Audio - Engineer,Yogyakarta
9/9/2018 20:07,Participant 2738,Participant 2738,Pria,3/9/1999,85000002738,participant2738@email.com,Internal,Music - Drum,Yogyakarta
9/9/2018 20:15,Participant 1808,Participant 1808,Pria,3/9/1999,85000001808,participant1808@email.com,Internal,Music - Drum,Yogyakarta (Open Class)
10/9/2018 19:22,Participant 2938,Participant 2938,Wanita,26/01/1999,85000002938,participant2938@email.com,Internal,Vocal - Choir,Yogyakarta
10/9/2018 22:18,Participant 2939,Participant 2939,Wanita,7/4/2005,85000002939,participant2939@email.com,Internal,Arts - Movement,Yogyakarta
11/9/2018 21:34,Participant 2940,Participant 2940,Pria,6/2/2004,85000002940,participant2940@email.com,Internal,Audio - Engineer,Yogyakarta
11/9/2018 22:13,participant 2941,participant 2941,Wanita,17/12/1977,85000002941,participant2941@email.com,Internal,Vocal - Choir,Yogyakarta
12/9/2018 9:02,Participant 2896,Participant 2896,Pria,20/11/1999,85000002896,participant2896@email.com,Internal,Music - Drum,Yogyakarta
12/9/2018 23:29,Participant 1809,Participant 1809,Wanita,9/1/1989,85000001809,participant1809@email.com,Internal,Vocal - Singer,Yogyakarta (Open Class)
13/09/2018 11:52:25,Participant 2942,Participant 2942,Pria,22/07/2000,85000002942,participant2942@email.com,Internal,Music - Drum,Yogyakarta
13/09/2018 14:38:03,Participant 2943,Participant 2943,Wanita,4/9/2000,85000002943,participant2943@email.com,Internal,Music - Keyboard,Yogyakarta
14/09/2018 05:55:09,Participant 2837,Participant 2837,Wanita,1/2/1988,85000002837,participant2837@email.com,Internal,Vocal - Choir,Yogyakarta
14/09/2018 17:28:27,Participant 2944,Participant 2944,Wanita,30/01/2018,85000002944,participant2944@email.com,Internal,Arts - Percussion,Yogyakarta
14/09/2018 17:32:06,Participant 2944,Participant 2944,Wanita,30/01/2018,85000002944,participant2944@email.com,Internal,Arts - Percussion,Yogyakarta
15/09/2018 05:29:26,Participant 2944,Participant 2944,Wanita,30/01/1991,85000002944,participant2944@email.com,Internal,Arts - Percussion,Yogyakarta
15/09/2018 09:51:52,Participant 2945,Participant 2945,Wanita,3/9/1987,85000002945,participant2945@email.com,Internal,Vocal - Choir,Yogyakarta
15/09/2018 10:19:39,Participant 2946,Participant 2946,Pria,18/04/2000,85000002946,participant2946@email.com,Internal,Music - Drum,Yogyakarta
16/09/2018 08:54:07,Participant 2947,Participant 2947,Wanita,11/11/1996,85000002947,participant2947@email.com,Internal,Vocal - Choir,Yogyakarta
16/09/2018 11:38:12,Participant 2948,Participant 2948,Wanita,21/04/2000,85000002948,participant2948@email.com,Internal,Music - Keyboard,Yogyakarta
16/09/2018 16:00:18,Participant 2949,Participant 2949,Pria,30/08/1994,85000002949,participant2949@email.com,Internal,Vocal - Choir,Yogyakarta
16/09/2018 16:14:50,Participant 2950,Participant 2950,Pria,19/09/1995,85000002950,participant2950@email.com,Internal,Music - Drum,Yogyakarta
16/09/2018 18:32:30,Participant 2951,Participant 2951,Wanita,7/2/1997,85000002951,participant2951@email.com,Internal,Vocal - Choir,Yogyakarta
16/09/2018 21:48:13,Participant 2952,Participant 2952,Pria,26/06/1999,85000002952,participant2952@email.com,Internal,Audio - Engineer,Yogyakarta
16/09/2018 22:20:44,Participant 2894,Participant 2894,Pria,27/10/1978,85000002894,participant2894@email.com,Internal,Vocal - Body Voice,Yogyakarta
16/09/2018 23:20:13,Participant 2953,Participant 2953,Wanita,30/01/1997,85000002953,participant2953@email.com,Internal,Arts - Percussion,Yogyakarta
17/09/2018 09:38:33,Participant 2954,Participant 2954,Pria,11/2/1986,85000002954,participant2954@email.com,Internal,Music - Drum,Yogyakarta
17/09/2018 09:57:08,Participant 2955,Participant 2955,Wanita,19/10/1999,85000002955,participant2955@email.com,Internal,Vocal - Choir,Yogyakarta
17/09/2018 11:01:10,Participant 1810,Participant 1810,Pria,3/11/2006,85000001810,participant1810@email.com,Internal,Music - Bass,Malang
17/09/2018 11:50:20,Participant 2876,Participant 2876,Wanita,25/03/1976,85000002876,participant2876@email.com,Internal,Vocal - Choir,Yogyakarta
17/09/2018 12:31:04,Participant 2926,Participant 2926,Wanita,5/8/1989,85000002926,participant2926@email.com,Internal,Vocal - Choir,Yogyakarta
17/09/2018 13:23:02,Participant 2956,Participant 2956,Pria,14/11/1995,85000002956,participant2956@email.com,Internal,Music - Guitar,Yogyakarta
17/09/2018 17:38:56,Participant 2759,Participant 2759,Pria,4/5/1998,85000002759,participant2759@email.com,Internal,Vocal - Singer,Yogyakarta
17/09/2018 23:02:38,Participant 2957,Participant 2957,Wanita,10/2/2018,85000002957,participant2957@email.com,Internal,Vocal - Choir,Yogyakarta
17/09/2018 23:27:42,Participant 2958,Participant 2958,Wanita,18/12/1997,85000002958,participant2958@email.com,Internal,Vocal - Choir,Yogyakarta
18/09/2018 00:09:15,PARTICIPANT 1811,PARTICIPANT 1811,Pria,11/2/2005,85000001811,participant1811@email.com,Internal,Music - Drum,Malang
18/09/2018 02:25:01,PARTICIPANT 2952,PARTICIPANT 2952,Pria,26/06/1999,85000002952,participant2952@email.com,Internal,Audio - Engineer,Yogyakarta
18/09/2018 09:00:47,Participant 2959,Participant 2959,Wanita,13/03/1996,85000002959,participant2959@email.com,Internal,Vocal - Choir,Yogyakarta
18/09/2018 11:45:16,Participant 2960,Participant 2960,Wanita,13/09/1999,85000002960,participant2960@email.com,Internal,Arts - Movement,Yogyakarta
18/09/2018 11:56:22,PARTICIPANT 2961,PARTICIPANT 2961,Wanita,22/03/2000,85000002961,participant2961@email.com,Internal,Vocal - Choir,Yogyakarta
18/09/2018 11:56:41,Participant 2853,Participant 2853,Wanita,7/5/1997,85000002853,participant2853@email.com,Internal,Music - Guitar,Yogyakarta
18/09/2018 13:10:15,Participant 2962,Participant 2962,Wanita,13/09/1996,85000002962,participant2962@email.com,Internal,Arts - Percussion,Yogyakarta
18/09/2018 13:15:11,Participant 2963,Participant 2963,Wanita,27/01/1999,85000002963,participant2963@email.com,Internal,Vocal - Body Voice,Yogyakarta
18/09/2018 21:20:59,PARTICIPANT 2964,PARTICIPANT 2964,Pria,9/9/2018,85000002964,participant2964@email.com,Internal,Vocal - Choir,Yogyakarta
18/09/2018 23:17:58,Participant 2965,Participant 2965,Pria,24/06/2018,85000002965,participant2965@email.com,Internal,Music - Drum,Yogyakarta
18/09/2018 23:21:49,Participant 2965,Participant 2965,Pria,24/06/2018,85000002965,participant2965@email.com,Internal,Music - Drum,Yogyakarta
19/09/2018 11:26:08,Participant 2966,Participant 2966,Wanita,13/01/2001,85000002966,participant2966@email.com,Internal,Arts - Percussion,Yogyakarta
19/09/2018 12:05:19,Participant 2967,Participant 2967,Pria,30/04/1987,85000002967,participant2967@email.com,Internal,Vocal - Choir,Yogyakarta
19/09/2018 13:20:09,PARTICIPANT 2968,PARTICIPANT 2968,Wanita,12/10/1982,85000002968,participant2968@email.com,Internal,Vocal - Choir,Yogyakarta
19/09/2018 15:21:42,Participant 2969,Participant 2969,Pria,18/04/2000,85000002969,participant2969@email.com,Internal,Music - Keyboard,Yogyakarta
20/09/2018 23:06:44,Participant 1812,Participant 1812,Pria,10/7/1996,85000001812,participant1812@email.com,Internal,Vocal - Singer,Yogyakarta (Open Class)
21/09/2018 01:34:08,Participant 1795,Participant 1795,Wanita,27/09/1995,85000001795,participant1795@email.com,Internal,Visual - Makeup,Yogyakarta (Open Class)
23/09/2018 13:16:45,PARTICIPANT 1567,PARTICIPANT 1567,Wanita,22/04/1999,85000001567,participant1567@email.com,Internal,Arts - Movement,Yogyakarta (Open Class)
23/09/2018 23:52:30,Participant 1813,Participant 1813,Pria,11/4/1987,85000001813,participant1813@email.com,Internal,Vocal - Singer,Yogyakarta (Open Class)
24/09/2018 21:35:56,Participant 1814,Participant 1814,Wanita,13/03/1992,85000001814,participant1814@email.com,Internal,Vocal - Singer,Yogyakarta (Open Class)
25/09/2018 20:39:40,Participant 1815,Participant 1815,Wanita,27/12/1988,85000001815,participant1815@email.com,Internal,Arts - Percussion,Yogyakarta (Open Class)
25/09/2018 20:40:43,Participant 1816,Participant 1816,Wanita,5/6/2006,85000001816,participant1816@email.com,Internal,Arts - Percussion,Yogyakarta (Open Class)
25/09/2018 21:13:37,PARTICIPANT 1817,PARTICIPANT 1817,Wanita,21/12/2004,85000001817,participant1817@email.com,Internal,Arts - Percussion,Samarinda
25/09/2018 21:43:51,Participant 1818,Participant 1818,Wanita,10/5/2003,85000001818,participant1818@email.com,Internal,Arts - Percussion,Yogyakarta (Open Class)
27/09/2018 17:29:52,Participant 1819,Participant 1819,Pria,10/6/2006,85000001819,participant1819@email.com,Internal,Music - Guitar,Solo (Open Class)
27/09/2018 17:34:33,Participant 1795,Participant 1795,Wanita,27/09/1995,85000001795,participant1795@email.com,Internal,Visual - Makeup,Yogyakarta (Open Class)
27/09/2018 19:03:02,Participant 1820,Participant 1820,Pria,16/08/2007,85000001820,participant1820@email.com,Internal,Music - Guitar,Solo  (Open Class)
27/09/2018 19:08:44,Participant 1821,Participant 1821,Wanita,6/8/2008,85000001821,participant1821@email.com,Internal,Music - Drum,Solo  (Open Class)
28/09/2018 23:30:47,Participant 1822,Participant 1822,Pria,13/03/1969,85000001822,participant1822@email.com,Internal,Vocal - Singer,Yogyakarta (Open Class)
29/09/2018 13:36:50,Participant 1813,Participant 1813,Pria,11/4/1987,85000001813,participant1813@email.com,Internal,Vocal - Singer,Yogyakarta (Open Class)
29/09/2018 13:37:10,Participant 1823,Participant 1823,Wanita,5/12/2000,85000001823,participant1823@email.com,Internal,Vocal - Singer,Yogyakarta (Open Class)
29/09/2018 13:52:33,PARTICIPANT 1824,PARTICIPANT 1824,Pria,26/09/2004,85000001824,participant1824@email.com,Internal,Music - Drum,Yogyakarta (Open Class)
29/09/2018 15:09:54,participant 1825,participant 1825,Wanita,13/03/1992,85000001825,participant1825@email.com,Internal,Vocal - Singer,Magelang
29/09/2018 20:40:41,Participant 1826,Participant 1826,Pria,28/02/2003,85000001826,participant1826@email.com,Internal,Music - Guitar,Malang
30/09/2018 05:11:34,Participant 1827,Participant 1827,Wanita,12/4/2023,85000001827,participant1827@email.com,Internal,Vocal - Singer,Yogyakarta (Open Class)
30/09/2018 13:06:00,PARTICIPANT 1828,PARTICIPANT 1828,Wanita,1/10/2000,85000001828,participant1828@email.com,Internal,Vocal - Singer,Malang
30/09/2018 16:01:13,Participant 1829,Participant 1829,Wanita,16/07/2006,85000001829,participant1829@email.com,Internal,Arts - Percussion,Yogyakarta (Open Class)
30/09/2018 19:35:41,Participant 1830,Participant 1830,Pria,8/7/2001,85000001830,participant1830@email.com,Internal,Music - Drum,Yogyakarta (Open Class)
1/10/2018 12:28,Participant 1831,Participant 1831,Wanita,9/10/2004,85000001831,participant1831@email.com,Internal,Arts - Percussion,Yogyakarta (Open Class)
1/10/2018 14:21,Participant 1832,Participant 1832,Wanita,15/07/1982,85000001832,participant1832@email.com,Internal,Vocal - Singer,Yogyakarta (Open Class)
1/10/2018 15:06,Participant 1833,Participant 1833,Wanita,6/12/2000,85000001833,participant1833@email.com,Internal,Vocal - Singer,Yogyakarta (Open Class)
1/10/2018 17:16,Participant 1834,Participant 1834,Wanita,23/03/1985,85000001834,participant1834@email.com,Internal,Visual - Makeup,Yogyakarta (Open Class)
1/10/2018 17:24,PARTICIPANT 1835,PARTICIPANT 1835,Pria,7/6/2003,85000001835,participant1835@email.com,Internal,Arts - Flag,Yogyakarta (Open Class)
2/10/2018 9:14,Participant 1836,Participant 1836,Pria,21/03/2001,85000001836,participant1836@email.com,Internal,Music - Keyboard,Yogyakarta (Open Class)
2/10/2018 11:59,Participant 1837,Participant 1837,Pria,12/12/1997,85000001837,participant1837@email.com,Internal,Music - Bass,Yogyakarta (Open Class)
2/10/2018 12:18,Participant 998,Participant 998,Pria,24/05/2023,85000000998,participant998@email.com,Internal,Vocal - Singer,Jakarta (Open Class)
3/10/2018 4:24,Participant 1838,Participant 1838,Wanita,22/12/2003,85000001838,participant1838@email.com,Internal,Arts - Movement,Malang
3/10/2018 10:38,Participant 1805,Participant 1805,Wanita,17/07/2000,85000001805,participant1805@email.com,Internal,Arts - Percussion,Jakarta (Open Class)
3/10/2018 12:37,Participant 1307,Participant 1307,Wanita,5/12/2003,85000001307,participant1307@email.com,Internal,Music - Guitar,Yogyakarta (Open Class)
3/10/2018 13:30,Participant 1800,Participant 1800,Wanita,11/10/1998,85000001800,participant1800@email.com,Internal,Vocal - Singer,Jakarta (Open Class)
3/10/2018 13:50,Participant 1332,Participant 1332,Wanita,31/05/2002,85000001332,participant1332@email.com,Internal,Vocal - Singer,Jakarta (Open Class)
3/10/2018 16:01,Participant 1839,Participant 1839,Wanita,17/06/2005,85000001839,participant1839@email.com,Internal,Arts - Percussion,Yogyakarta (Open Class)
3/10/2018 16:26,PARTICIPANT 1798,PARTICIPANT 1798,Pria,30/07/1991,85000001798,participant1798@email.com,Internal,Vocal - Singer,Jakarta (Open Class)
3/10/2018 19:51,Participant 1840,Participant 1840,Pria,28/04/1994,85000001840,participant1840@email.com,Internal,Vocal - Singer,Yogyakarta (Open Class)
3/10/2018 20:25,Participant 1841,Participant 1841,Pria,9/8/1986,85000001841,participant1841@email.com,Internal,Vocal - Singer,Jakarta (Open Class)
3/10/2018 20:43,Participant 1842,Participant 1842,Pria,25/02/1991,85000001842,participant1842@email.com,Internal,Music - Drum,Yogyakarta (Open Class)
3/10/2018 21:13,Participant 1826,Participant 1826,Pria,28/02/2003,85000001826,participant1826@email.com,Internal,Music - Guitar,Malang
3/10/2018 23:49,Participant 1843,Participant 1843,Pria,11/3/1981,85000001843,participant1843@email.com,Internal,Music - Keyboard,Yogyakarta (Open Class)
4/10/2018 8:42,Participant 1804,Participant 1804,Pria,12/9/1990,85000001804,participant1804@email.com,Internal,Vocal - Singer,Jakarta (Open Class)
4/10/2018 14:00,Participant 1844,Participant 1844,Pria,11/8/1985,85000001844,participant1844@email.com,Internal,Audio - Engineer,Magelang
4/10/2018 14:22,Participant 1845,Participant 1845,Pria,7/4/1999,85000001845,participant1845@email.com,Internal,Vocal - Singer,Yogyakarta (Open Class)
4/10/2018 16:39,Participant 1846,Participant 1846,Pria,8/11/1995,85000001846,participant1846@email.com,Internal,Vocal - Singer,Malang
4/10/2018 19:47,Participant 1847,Participant 1847,Pria,12/4/2003,85000001847,participant1847@email.com,Internal,Music - Drum,Yogyakarta (Open Class)
4/10/2018 22:05,Participant 1848,Participant 1848,Pria,16/11/1998,85000001848,participant1848@email.com,Internal,Music - Guitar,Jakarta (Open Class)
5/10/2018 8:25,Participant 1826,Participant 1826,Pria,28/02/2003,85000001826,participant1826@email.com,Internal,Music - Guitar,Malang
7/10/2018 18:00,Participant 1849,Participant 1849,Wanita,17/09/1982,85000001849,participant1849@email.com,Internal,Vocal - Body Voice,Yogyakarta (Open Class)
8/10/2018 11:46,Participant 1850,Participant 1850,Wanita,7/5/1979,85000001850,participant1850@email.com,Internal,Vocal - Singer,Jakarta (Open Class)
9/10/2018 13:16,Participant 1851,Participant 1851,Wanita,21/11/2000,85000001851,participant1851@email.com,Internal,Vocal - Singer,Yogyakarta (Open Class)
9/10/2018 13:22,Participant 1852,Participant 1852,Wanita,18/11/1992,85000001852,participant1852@email.com,Internal,Vocal - Singer,Jakarta (Open Class)
10/10/2018 2:50,Participant 1843,Participant 1843,Pria,11/3/1981,85000001843,participant1843@email.com,Internal,Music - Keyboard,Yogyakarta (Open Class)
10/10/2018 6:30,Participant 1853,Participant 1853,Wanita,6/5/1979,85000001853,participant1853@email.com,Internal,Vocal - Singer,Jakarta (Open Class)
10/10/2018 10:05,Participant 1854,Participant 1854,Pria,21/01/2002,85000001854,participant1854@email.com,Internal,Vocal - Singer,Jakarta (Open Class)
10/10/2018 10:35,Participant 1855,Participant 1855,Wanita,28/10/2002,85000001855,participant1855@email.com,Internal,Visual - Makeup,Yogyakarta (Open Class)
10/10/2018 13:15,Participant 1853,Participant 1853,Wanita,6/5/1979,85000001853,participant1853@email.com,Internal,Vocal - Singer,Jakarta (Open Class)
10/10/2018 13:56,PARTICIPANT 1856,PARTICIPANT 1856,Pria,12/11/2004,85000001856,participant1856@email.com,Internal,Music - Bass,Malang
10/10/2018 14:02,Participant 1857,Participant 1857,Wanita,13/08/1983,85000001857,participant1857@email.com,Internal,Vocal - Singer,Jakarta (Open Class)
10/10/2018 14:12,Participant 1858,Participant 1858,Wanita,4/6/2006,85000001858,participant1858@email.com,Internal,Arts - Percussion,Jakarta (Open Class)
10/10/2018 16:12,Participant 1859,Participant 1859,Pria,9/1/2005,85000001859,participant1859@email.com,Internal,Music - Guitar,Solo (Open Class)
10/10/2018 16:19,Participant 1860,Participant 1860,Wanita,3/8/2011,85000001860,participant1860@email.com,Internal,Arts - Percussion,Solo (Open Class)
10/10/2018 16:20,Participant 1861,Participant 1861,Pria,28/12/1983,85000001861,participant1861@email.com,Internal,Music - Keyboard,Solo (Open Class)
10/10/2018 16:24,Participant 1423,Participant 1423,Pria,19/04/2003,85000001423,participant1423@email.com,Internal,Music - Keyboard,Solo (Open Class)
10/10/2018 16:31,Participant 1862,Participant 1862,Pria,20/01/2011,85000001862,participant1862@email.com,Internal,Music - Keyboard,Solo (Open Class)
10/10/2018 17:09,Participant 1863,Participant 1863,Pria,18/08/1997,85000001863,participant1863@email.com,Internal,Music - Drum,Malang
10/10/2018 17:34,Participant 1864,Participant 1864,Wanita,12/12/2009,85000001864,participant1864@email.com,Internal,Arts - Percussion,Solo (Open Class)
10/10/2018 17:48,PARTICIPANT 738,PARTICIPANT 738,Pria,18/11/2003,85000000738,participant738@email.com,Internal,Music - Drum,Solo
10/10/2018 18:52,Participant 1865,Participant 1865,Pria,9/9/2003,85000001865,participant1865@email.com,Internal,Music - Drum,Solo (Open Class)
10/10/2018 18:53,Participant 1866,Participant 1866,Wanita,24/12/2007,85000001866,participant1866@email.com,Internal,Arts - Percussion,Solo (Open Class)
10/10/2018 19:40,Participant 1793,Participant 1793,Wanita,23/03/1986,85000001793,participant1793@email.com,Internal,Vocal - Singer,Solo (Open Class)
10/10/2018 19:42,Participant 1867,Participant 1867,Wanita,6/8/2003,85000001867,participant1867@email.com,Internal,Vocal - Singer,Solo (Open Class)
10/10/2018 22:36,Participant 1868,Participant 1868,Pria,20/01/2003,85000001868,participant1868@email.com,Internal,Vocal - Singer,Jakarta (Open Class)
10/10/2018 23:39,Participant 1869,Participant 1869,Pria,26/09/2001,85000001869,participant1869@email.com,Internal,Music - Guitar,Solo (Open Class)
10/10/2018 23:46,Participant 1870,Participant 1870,Wanita,18/10/1983,85000001870,participant1870@email.com,Internal,Vocal - Body Voice,Jakarta (Open Class)
11/10/2018 5:07,Participant 87,Participant 87,Wanita,29/09/2005,85000000087,participant87@email.com,Internal,Vocal - Singer,Solo
11/10/2018 12:18,participant 1147,participant 1147,Wanita,2/8/2004,85000001147,participant1147@email.com,Internal,Arts - Percussion,Solo (Open Class)
11/10/2018 14:27,PARTICIPANT 738,PARTICIPANT 738,Pria,18/11/2003,85000000738,participant738@email.com,Internal,Music - Drum,Solo
11/10/2018 16:12,Participant 1871,Participant 1871,Pria,12/8/1978,85000001871,participant1871@email.com,Internal,Vocal - Singer,Solo (Open Class)
11/10/2018 20:01,Participant 1872,Participant 1872,Pria,14/10/1971,85000001872,participant1872@email.com,Internal,Vocal - Choir,Solo (Open Class)
12/10/2018 9:20,Participant 1425,Participant 1425,Wanita,29/11/1989,85000001425,participant1425@email.com,Internal,Arts - Percussion,Solo  (Open Class)
12/10/2018 10:12,PARTICIPANT 1873,PARTICIPANT 1873,Wanita,5/11/1978,85000001873,participant1873@email.com,Internal,Vocal - Singer,Solo  (Open Class)
12/10/2018 12:47,Participant 1434,Participant 1434,Wanita,10/7/1999,85000001434,participant1434@email.com,Internal,Arts - Percussion,Nias
12/10/2018 16:20,Participant 1874,Participant 1874,Wanita,27/10/1975,85000001874,participant1874@email.com,Internal,Visual - Makeup,Solo (Open Class)
12/10/2018 18:27,Participant 1783,Participant 1783,Wanita,16/05/2000,85000001783,participant1783@email.com,Internal,Vocal - Singer,Solo (Open Class)
13/10/2018 07:59:36,Participant 1875,Participant 1875,Wanita,26/07/2001,85000001875,participant1875@email.com,Internal,Arts - Percussion,Malang
13/10/2018 11:25:33,Participant 1876,Participant 1876,Wanita,3/5/1976,85000001876,participant1876@email.com,Internal,Vocal - Body Voice,Jakarta (Open Class)
13/10/2018 14:16:15,Participant 1877,Participant 1877,Wanita,5/9/1982,85000001877,participant1877@email.com,Internal,Vocal - Body Voice,Jakarta (Open Class)
13/10/2018 20:14:09,Participant 1878,Participant 1878,Wanita,25/09/1994,85000001878,participant1878@email.com,Internal,Vocal - Choir,Solo (Open Class)
13/10/2018 21:15:28,Participant 1769,Participant 1769,Wanita,15/02/1987,85000001769,participant1769@email.com,Internal,Vocal - Singer,Jakarta (Open Class)
13/10/2018 21:27:54,Participant 750,Participant 750,Wanita,13/11/2008,85000000750,participant750@email.com,Internal,Arts - Percussion,Solo
13/10/2018 21:34:10,Participant 1879,Participant 1879,Wanita,29/12/2010,85000001879,participant1879@email.com,Internal,Arts - Percussion,Solo (Open Class)
14/10/2018 09:47:56,Participant 1880,Participant 1880,Wanita,4/2/1991,85000001880,participant1880@email.com,Internal,Vocal - Singer,Jakarta (Open Class)
14/10/2018 10:01:52,Participant 1881,Participant 1881,Wanita,15/12/1983,85000001881,participant1881@email.com,Internal,Vocal - Singer,Jakarta (Open Class)
14/10/2018 10:29:26,Participant 1882,Participant 1882,Wanita,24/07/1997,85000001882,participant1882@email.com,Internal,Vocal - Singer,Tangerang
14/10/2018 16:50:20,Participant 1737,Participant 1737,Wanita,24/04/2010,85000001737,participant1737@email.com,Internal,Arts - Percussion,Solo (Open Class)
14/10/2018 17:23:09,Participant 1883,Participant 1883,Wanita,8/12/2010,85000001883,participant1883@email.com,Internal,Arts - Percussion,Solo (Open Class)
14/10/2018 19:07:04,Participant 1884,Participant 1884,Wanita,20/08/1977,85000001884,participant1884@email.com,Internal,Vocal - Singer,Solo (Open Class)
15/10/2018 15:43:16,Participant 1885,Participant 1885,Pria,9/7/2000,85000001885,participant1885@email.com,Internal,Audio - Engineer,Solo (Open Class)
16/10/2018 10:01:51,Participant 1886,Participant 1886,Wanita,11/4/1989,85000001886,participant1886@email.com,Internal,Audio - Engineer,Jakarta (Open Class)
16/10/2018 22:06:49,Participant 1887,Participant 1887,Pria,18/11/1997,85000001887,participant1887@email.com,Internal,Music - Keyboard,Solo (Open Class)
17/10/2018 16:32:47,Participant 1885,Participant 1885,Pria,9/7/2000,85000001885,participant1885@email.com,Internal,Audio - Engineer,Solo (Open Class)
18/10/2018 21:05:28,Participant 1888,Participant 1888,Wanita,4/7/1997,85000001888,participant1888@email.com,Internal,Arts - Percussion,Malang
19/10/2018 22:07:42,participant 1889,participant 1889,Wanita,26/07/2007,85000001889,participant1889@email.com,Internal,Arts - Percussion,Solo (Open Class)
20/10/2018 16:04:45,Participant 1890,Participant 1890,Wanita,23/08/2002,85000001890,participant1890@email.com,Internal,Vocal - Singer,Solo (Open Class)
20/10/2018 18:12:17,Participant 1891,Participant 1891,Pria,11/1/2012,85000001891,participant1891@email.com,Internal,Music - Drum,Solo  (Open Class)
20/10/2018 21:35:54,PARTICIPANT 1892,PARTICIPANT 1892,Pria,9/3/1996,85000001892,participant1892@email.com,Internal,Vocal - Singer,Solo (Open Class)
21/10/2018 00:26:01,Participant 1893,Participant 1893,Pria,20/12/2012,85000001893,participant1893@email.com,Internal,Vocal - Singer,Solo (Open Class)
21/10/2018 08:03:08,Participant 535,Participant 535,Pria,2/10/2006,85000000535,participant535@email.com,Internal,Music - Drum,Solo
21/10/2018 10:21:39,Participant 1894,Participant 1894,Pria,23/03/2007,85000001894,participant1894@email.com,Internal,Music - Keyboard,Solo (Open Class)
21/10/2018 13:43:12,Participant 1895,Participant 1895,Pria,24/06/2012,85000001895,participant1895@email.com,Internal,Music - Drum,Solo (Open Class)
21/10/2018 14:22:43,Participant 1896,Participant 1896,Pria,27/03/1995,85000001896,participant1896@email.com,Internal,Audio - Engineer,Solo (Open Class)
21/10/2018 15:59:04,Participant 1897,Participant 1897,Pria,21/05/2005,85000001897,participant1897@email.com,Internal,Music - Drum,Solo (Open Class)
21/10/2018 17:49:49,Participant 1898,Participant 1898,Wanita,10/10/2007,85000001898,participant1898@email.com,Internal,Arts - Percussion,Jakarta (Open Class)
21/10/2018 17:55:23,Participant 1899,Participant 1899,Pria,17/12/2010,85000001899,participant1899@email.com,Internal,Music - Guitar,Jakarta (Open Class)
21/10/2018 18:20:31,Participant 893,Participant 893,Pria,26/04/1999,85000000893,participant893@email.com,Internal,Vocal - Singer,Solo  (Open Class)
21/10/2018 20:45:42,Participant 1900,Participant 1900,Wanita,26/09/1968,85000001900,participant1900@email.com,Internal,Vocal - Body Voice,Jakarta (Open Class)
21/10/2018 20:54:30,participant 1852,participant 1852,Wanita,18/11/1992,85000001852,participant1852@email.com,Internal,Vocal - Singer,Jakarta (Open Class)
21/10/2018 22:18:05,Participant 1901,Participant 1901,Wanita,26/05/2003,85000001901,participant1901@email.com,Internal,Arts - Percussion,Solo (Open Class)
21/10/2018 23:30:11,Participant 1902,Participant 1902,Pria,10/9/2006,85000001902,participant1902@email.com,Internal,Music - Guitar,Malang
22/10/2018 00:09:51,Participant 1903,Participant 1903,Wanita,4/6/1982,85000001903,participant1903@email.com,Internal,Vocal - Singer,Solo  (Open Class)
22/10/2018 11:43:04,Participant 1034,Participant 1034,Wanita,2/4/2008,85000001034,participant1034@email.com,Internal,Arts - Percussion,Solo (Open Class)
22/10/2018 18:30:36,Participant 1904,Participant 1904,Wanita,16/09/2007,85000001904,participant1904@email.com,Internal,Music - Guitar,Solo (Open Class)
22/10/2018 19:39:59,Participant 1905,Participant 1905,Pria,16/11/2006,85000001905,participant1905@email.com,Internal,Music - Keyboard,Solo (Open Class)
22/10/2018 21:46:51,Participant 1906,Participant 1906,Pria,10/10/2005,85000001906,participant1906@email.com,Internal,Music - Drum,Malang
22/10/2018 21:48:00,Participant 1906,Participant 1906,Pria,10/10/2005,85000001906,participant1906@email.com,Internal,Music - Drum,Malang
22/10/2018 22:02:18,Participant 1907,Participant 1907,Pria,16/01/2006,85000001907,participant1907@email.com,Internal,Music - Guitar,Solo (Open Class)
22/10/2018 23:12:03,Participant 1908,Participant 1908,Wanita,23/08/2002,85000001908,participant1908@email.com,Internal,Arts - Percussion,Jakarta (Open Class)
23/10/2018 07:48:39,Participant 1909,Participant 1909,Pria,19/12/1983,85000001909,participant1909@email.com,Internal,Vocal - Singer,Madiun
23/10/2018 07:53:33,Participant 1909,Participant 1909,Pria,19/12/1983,85000001909,participant1909@email.com,Internal,Vocal - Singer,Madiun
23/10/2018 08:27:46,Participant 1664,Participant 1664,Wanita,9/12/1978,85000001664,participant1664@email.com,Internal,Vocal - Body Voice,Madiun
23/10/2018 16:48:13,Participant 1910,Participant 1910,Wanita,13/06/2010,85000001910,participant1910@email.com,Internal,Vocal - Singer,Malang
23/10/2018 16:48:14,Participant 1911,Participant 1911,Wanita,6/11/2009,85000001911,participant1911@email.com,Internal,Vocal - Singer,Solo (Open Class)
23/10/2018 17:30:53,Participant 1912,Participant 1912,Wanita,8/6/2003,85000001912,participant1912@email.com,Internal,Arts - Percussion,Solo (Open Class)
23/10/2018 17:50:26,Participant 1913,Participant 1913,Wanita,23/04/2005,85000001913,participant1913@email.com,Internal,Vocal - Singer,Madiun
23/10/2018 17:51:32,Participant 1913,Participant 1913,Wanita,23/04/2005,85000001913,participant1913@email.com,Internal,Vocal - Singer,Madiun
23/10/2018 18:18:26,Participant 777,Participant 777,Wanita,7/7/2006,85000000777,participant777@email.com,Internal,Music - Keyboard,Wonogiri
23/10/2018 18:46:33,Participant 1914,Participant 1914,Wanita,7/7/1991,85000001914,participant1914@email.com,Internal,Vocal - Singer,Solo (Open Class)
23/10/2018 18:50:33,PARTICIPANT 1915,PARTICIPANT 1915,Wanita,6/1/2010,85000001915,participant1915@email.com,Internal,Arts - Percussion,Solo (Open Class)
23/10/2018 19:48:14,Participant 1737,Participant 1737,Wanita,24/04/2010,85000001737,participant1737@email.com,Internal,Arts - Percussion,Solo (Open Class)
23/10/2018 20:59:48,Participant 1916,Participant 1916,Wanita,12/9/2009,85000001916,participant1916@email.com,Internal,Vocal - Singer,Solo (Open Class)
23/10/2018 21:16:27,Participant 1917,Participant 1917,Wanita,6/12/1998,85000001917,participant1917@email.com,Internal,Arts - Percussion,Malang
24/10/2018 10:09:48,Participant 1918,Participant 1918,Wanita,5/10/1970,85000001918,participant1918@email.com,Internal,Vocal - Singer,Solo (Open Class)
24/10/2018 10:37:09,Participant 1919,Participant 1919,Wanita,3/12/1981,85000001919,participant1919@email.com,Internal,Visual - Makeup,Solo (Open Class)
24/10/2018 11:17:50,Participant 1918,Participant 1918,Wanita,5/10/1970,85000001918,participant1918@email.com,Internal,Vocal - Singer,Solo (Open Class)
24/10/2018 13:21:57,Participant 1920,Participant 1920,Wanita,10/5/2008,85000001920,participant1920@email.com,Internal,Arts - Percussion,Solo (Open Class)
24/10/2018 13:43:20,Participant 1921,Participant 1921,Wanita,2/11/2010,85000001921,participant1921@email.com,Internal,Arts - Percussion,Solo (Open Class)
24/10/2018 21:40:36,Participant 1922,Participant 1922,Wanita,11/11/2005,85000001922,participant1922@email.com,Internal,Arts - Percussion,Solo (Open Class)
25/10/2018 08:35:13,Participant 1923,Participant 1923,Pria,1/9/1985,85000001923,participant1923@email.com,Internal,Vocal - Singer,Solo (Open Class)
25/10/2018 08:58:06,PARTICIPANT 1924,PARTICIPANT 1924,Pria,1/6/1972,85000001924,participant1924@email.com,Internal,Music - Keyboard,Solo (Open Class)
25/10/2018 11:29:26,Participant 1925,Participant 1925,Wanita,23/12/2000,85000001925,participant1925@email.com,Internal,Vocal - Singer,Solo (Open Class)
25/10/2018 14:00:32,PARTICIPANT 1926,PARTICIPANT 1926,Wanita,31/01/2003,85000001926,participant1926@email.com,Internal,Arts - Flag,Magelang
25/10/2018 14:00:32,PARTICIPANT 2132,PARTICIPANT 2132,Wanita,31/01/2003,85000002132,participant2132@email.com,Internal,Arts - Flag,Magelang
25/10/2018 19:13:41,Participant 1927,Participant 1927,Wanita,27/11/1980,85000001927,participant1927@email.com,Internal,Vocal - Singer,Solo (Open Class)
30/10/2018 10:20:26,Participant 1928,Participant 1928,Pria,6/5/2004,85000001928,participant1928@email.com,Internal,Vocal - Singer,Jakarta (Open Class)
30/10/2018 12:34:43,Participant 1929,Participant 1929,Pria,19/11/1995,85000001929,participant1929@email.com,Internal,Vocal - Singer,Malang
30/10/2018 19:17:32,Participant 1930,Participant 1930,Wanita,26/06/2005,85000001930,participant1930@email.com,Internal,Arts - Percussion,Jakarta (Open Class)
30/10/2018 19:24:21,Participant 1931,Participant 1931,Wanita,30/04/2005,85000001931,participant1931@email.com,Internal,Arts - Percussion,Jakarta (Open Class)
1/11/2018 18:12,Participant 1567,Participant 1567,Wanita,22/04/1999,85000001567,participant1567@email.com,Internal,Arts - Movement,Yogyakarta (Open Class)
2/11/2018 21:26,Participant 1932,Participant 1932,Wanita,27/02/1999,85000001932,participant1932@email.com,Internal,Arts - Percussion,Sragen
3/11/2018 20:22,Participant 1933,Participant 1933,Wanita,17/02/1977,85000001933,participant1933@email.com,Internal,Vocal - Singer,Madiun
5/11/2018 3:10,Participant 1934,Participant 1934,Pria,26/04/2003,85000001934,participant1934@email.com,Internal,Music - Bass,Sragen
7/11/2018 17:19,PARTICIPANT 1935,PARTICIPANT 1935,Wanita,24/03/2004,85000001935,participant1935@email.com,Internal,Arts - Percussion,Sragen
12/11/2018 21:43,Participant 77,Participant 77,Wanita,29/04/1987,85000000077,participant77@email.com,Internal,Vocal - Singer,Solo
14/11/2018 20:25:29,Participant 1936,Participant 1936,Wanita,19/07/2004,85000001936,participant1936@email.com,Internal,Arts - Percussion,Sragen
19/11/2018 04:08:59,Participant 1937,Participant 1937,Pria,24/07/2001,85000001937,participant1937@email.com,Internal,Music - Bass,Solo (Open Class)
23/11/2018 19:02:00,Participant 1938,Participant 1938,Wanita,22/01/2000,85000001938,participant1938@email.com,Internal,Arts - Percussion,Jakarta (Open Class)
26/11/2018 21:18:12,Participant 77,Participant 77,Wanita,29/04/1987,85000000077,participant77@email.com,Internal,Vocal - Singer,Solo
27/11/2018 17:59:47,Participant 1939,Participant 1939,Wanita,19/06/2001,85000001939,participant1939@email.com,Internal,Arts - Percussion,Sragen
2/12/2018 11:42,Participant 1940,Participant 1940,Wanita,11/1/2003,85000001940,participant1940@email.com,Internal,Arts - Percussion,Jakarta (Open Class)
25/12/2018 13:29:20,Participant 77,Participant 77,Wanita,29/04/1987,85000000077,participant77@email.com,Internal,Vocal - Singer,Solo
25/12/2018 23:39:27,Participant 1941,Participant 1941,Wanita,28/07/2002,85000001941,participant1941@email.com,Internal,Arts - Percussion,Jakarta (Open Class)
27/12/2018 16:08:53,Participant 1942,Participant 1942,Wanita,16/10/2004,85000001942,participant1942@email.com,Internal,Arts - Percussion,Jakarta (Open Class)
10/1/2019 11:26,Participant 1943,Participant 1943,Wanita,25/01/2006,85000001943,participant1943@email.com,Internal,Arts - Percussion,Sragen
13/01/2019 00:06:37,Participant 1944,Participant 1944,Wanita,20/12/1989,85000001944,participant1944@email.com,Internal,Arts - Percussion,Jakarta (Open Class)
15/01/2019 11:43:12,Participant 1945,Participant 1945,Wanita,1/6/1998,85000001945,participant1945@email.com,Internal,Arts - Movement,Sragen
16/01/2019 18:59:58,Participant 1946,Participant 1946,Wanita,14/01/1983,85000001946,participant1946@email.com,Internal,Arts - Movement,Sragen
22/01/2019 17:59:53,participant 1415,participant 1415,Wanita,8/7/2008,85000001415,participant1415@email.com,Internal,Arts - Movement,Jakarta (Open Class)
28/01/2019 14:16:41,Participant 1947,Participant 1947,Pria,14/01/2002,85000001947,participant1947@email.com,Internal,Music - Guitar,Solo (Open Class)
29/01/2019 13:14:16,Participant 1948,Participant 1948,Wanita,10/10/2007,85000001948,participant1948@email.com,Internal,Arts - Percussion,Jakarta (Open Class)
29/01/2019 20:01:35,Participant 1949,Participant 1949,Wanita,5/1/2011,85000001949,participant1949@email.com,Internal,Music - Guitar,Jakarta (Open Class)
31/01/2019 09:46:25,Participant 1532,Participant 1532,Wanita,17/02/1981,85000001532,participant1532@email.com,Internal,Vocal - Singer,Jakarta (Open Class)
3/2/2019 0:19,PARTICIPANT 1950,PARTICIPANT 1950,Wanita,9/9/2000,85000001950,participant1950@email.com,Internal,Vocal - Singer,Jakarta (Open Class)
4/2/2019 11:54,Participant 1951,Participant 1951,Wanita,19/05/1982,85000001951,participant1951@email.com,Internal,Vocal - Singer,Jakarta (Open Class)
4/2/2019 11:56,Participant 1952,Participant 1952,Pria,27/07/1976,85000001952,participant1952@email.com,Internal,Vocal - Singer,Jakarta (Open Class)
4/2/2019 11:56,Participant 1953,Participant 1953,Wanita,19/02/1990,85000001953,participant1953@email.com,Internal,Vocal - Singer,Yogyakarta (Open Class)
4/2/2019 15:29,Participant 1954,Participant 1954,Wanita,26/06/1985,85000001954,participant1954@email.com,Internal,Vocal - Singer,Jakarta (Open Class)
4/2/2019 15:31,Participant 1955,Participant 1955,Pria,20/11/2004,85000001955,participant1955@email.com,Internal,Music - Bass,Jakarta (Open Class)
4/2/2019 15:31,Participant 1956,Participant 1956,Pria,12/3/1993,85000001956,participant1956@email.com,Internal,Vocal - Singer,Jakarta (Open Class)
4/2/2019 15:41,Participant 1957,Participant 1957,Pria,23/04/1987,85000001957,participant1957@email.com,Internal,Vocal - Singer,Jakarta (Open Class)
4/2/2019 15:44,Participant 1958,Participant 1958,Wanita,21/03/1994,85000001958,participant1958@email.com,Internal,Vocal - Singer,Jakarta (Open Class)
4/2/2019 15:46,Participant 1959,Participant 1959,Wanita,31/07/1987,85000001959,participant1959@email.com,Internal,Vocal - Singer,Jakarta (Open Class)
4/2/2019 15:57,Participant 1960,Participant 1960,Pria,23/10/1991,85000001960,participant1960@email.com,Internal,Vocal - Singer,Jakarta (Open Class)
4/2/2019 16:47,Participant 1961,Participant 1961,Pria,9/2/1985,85000001961,participant1961@email.com,Internal,Music - Keyboard,Jakarta (Open Class)
4/2/2019 17:09,Participant 1962,Participant 1962,Pria,10/12/1989,85000001962,participant1962@email.com,Internal,Music - Guitar,Jakarta (Open Class)
4/2/2019 17:40,Participant 1963,Participant 1963,Wanita,5/4/1993,85000001963,participant1963@email.com,Internal,Vocal - Singer,Jakarta (Open Class)
4/2/2019 18:52,Participant 1964,Participant 1964,Pria,2/6/2001,85000001964,participant1964@email.com,Internal,Music - Bass,Jakarta (Open Class)
4/2/2019 19:16,Participant 1965,Participant 1965,Wanita,26/12/1996,85000001965,participant1965@email.com,Internal,Vocal - Singer,Jakarta (Open Class)
4/2/2019 23:57,Participant 1966,Participant 1966,Pria,22/05/2003,85000001966,participant1966@email.com,Internal,Music - Drum,Yogyakarta (Open Class)
6/2/2019 12:06,Participant 1967,Participant 1967,Pria,18/05/1987,85000001967,participant1967@email.com,Internal,Music - Guitar,Jakarta (Open Class)
6/2/2019 18:43,Participant 1929,Participant 1929,Pria,19/11/1995,85000001929,participant1929@email.com,Internal,Vocal - Singer,Malang
6/2/2019 21:40,Participant 1346,Participant 1346,Wanita,22/10/1994,85000001346,participant1346@email.com,Internal,Visual - Makeup,Yogyakarta (Open Class)
11/2/2019 13:05,Participant 1968,Participant 1968,Pria,6/7/2008,85000001968,participant1968@email.com,Internal,Music - Guitar,Solo  (Open Class)
11/2/2019 14:05,Participant 1969,Participant 1969,Wanita,21/03/1987,85000001969,participant1969@email.com,Internal,Arts - Percussion,Jakarta (Open Class)
11/2/2019 17:36,Participant 1947,Participant 1947,Pria,14/01/2002,85000001947,participant1947@email.com,Internal,Music - Guitar,Solo (Open Class)
11/2/2019 21:46,Participant 1970,Participant 1970,Pria,8/1/1994,85000001970,participant1970@email.com,External,Music - Drum,Jakarta (Open Class)
12/2/2019 12:01,PARTICIPANT 960,PARTICIPANT 960,Pria,11/5/2002,85000000960,participant960@email.com,Internal,Vocal - Singer,Yogyakarta (Open Class)
12/2/2019 20:56,Participant 1971,Participant 1971,Pria,14/07/2010,85000001971,participant1971@email.com,Internal,Music - Guitar,Yogyakarta (Open Class)
12/2/2019 20:59,Participant 1972,Participant 1972,Pria,25/01/1978,85000001972,participant1972@email.com,Internal,Music - Drum,Yogyakarta (Open Class)
12/2/2019 21:10,Participant 1973,Participant 1973,Pria,25/02/1978,85000001973,participant1973@email.com,Internal,Music - Drum,Yogyakarta (Open Class)
12/2/2019 21:27,Participant 1974,Participant 1974,Pria,5/2/1996,85000001974,participant1974@email.com,Internal,Music - Keyboard,Yogyakarta (Open Class)
13/02/2019 13:46:16,Participant 1975,Participant 1975,Pria,5/3/1977,85000001975,participant1975@email.com,Internal,Vocal - Singer,Jakarta (Open Class)
13/02/2019 14:59:35,Participant 1976,Participant 1976,Wanita,29/11/1996,85000001976,participant1976@email.com,Internal,Arts - Percussion,Jakarta (Open Class)
13/02/2019 15:15:07,Participant 1977,Participant 1977,Pria,2/8/1980,85000001977,participant1977@email.com,Internal,Music - Bass,Jakarta (Open Class)
13/02/2019 16:42:23,Participant 1978,Participant 1978,Pria,8/7/1996,85000001978,participant1978@email.com,Internal,Music - Drum,Jakarta (Open Class)
13/02/2019 17:09:59,PARTICIPANT 1979,PARTICIPANT 1979,Wanita,31/03/1993,85000001979,participant1979@email.com,Internal,Music - Bass,Jakarta (Open Class)
13/02/2019 17:37:02,Participant 1807,Participant 1807,Wanita,22/06/2005,85000001807,participant1807@email.com,Internal,Vocal - Singer,Yogyakarta (Open Class)
13/02/2019 20:40:53,Participant 1980,Participant 1980,Wanita,16/03/2007,85000001980,participant1980@email.com,Internal,Arts - Percussion,Solo (Open Class)
13/02/2019 20:48:57,Participant 1981,Participant 1981,Wanita,7/10/1990,85000001981,participant1981@email.com,Internal,Vocal - Singer,Jakarta (Open Class)
14/02/2019 11:15:19,Participant 1982,Participant 1982,Pria,18/05/1975,85000001982,participant1982@email.com,Internal,Music - Guitar,Sragen
14/02/2019 20:13:28,Participant 1983,Participant 1983,Pria,2/5/1994,85000001983,participant1983@email.com,Internal,Vocal - Singer,Jakarta (Open Class)
15/02/2019 14:06:57,Participant 1984,Participant 1984,Wanita,13/12/1977,85000001984,participant1984@email.com,Internal,Visual - Makeup,Sragen
15/02/2019 15:04:05,Participant 1985,Participant 1985,Pria,20/12/2012,85000001985,participant1985@email.com,Internal,Music - Keyboard,Solo (Open Class)
15/02/2019 19:13:07,Participant 1971,Participant 1971,Pria,14/07/2010,85000001971,participant1971@email.com,Internal,Music - Guitar,Yogyakarta (Open Class)
15/02/2019 19:54:21,Participant 1986,Participant 1986,Pria,21/01/2002,85000001986,participant1986@email.com,Internal,Music - Bass,Yogyakarta (Open Class)
15/02/2019 20:37:20,PARTICIPANT 1987,PARTICIPANT 1987,Wanita,10/10/1973,85000001987,participant1987@email.com,Internal,Vocal - Singer,Sragen
15/02/2019 20:49:24,Participant 1988,Participant 1988,Pria,24/03/2002,85000001988,participant1988@email.com,Internal,Music - Guitar,Yogyakarta (Open Class)
15/02/2019 21:06:27,Participant 1847,Participant 1847,Pria,12/4/2003,85000001847,participant1847@email.com,Internal,Music - Drum,Yogyakarta (Open Class)
15/02/2019 21:15:00,Participant 1989,Participant 1989,Pria,18/01/2004,85000001989,participant1989@email.com,Internal,Music - Keyboard,Sragen
15/02/2019 21:17:48,Participant 1989,Participant 1989,Pria,18/01/2004,85000001989,participant1989@email.com,Internal,Music - Keyboard,Sragen
15/02/2019 21:31:43,Participant 1747,Participant 1747,Pria,6/2/1997,85000001747,participant1747@email.com,Internal,Music - Bass,Tangerang
16/02/2019 00:24:45,Participant 1990,Participant 1990,Pria,21/04/1998,85000001990,participant1990@email.com,Internal,Music - Guitar,Yogyakarta (Open Class)
16/02/2019 01:22:07,Participant 473,Participant 473,Pria,20/12/2000,85000000473,participant473@email.com,Internal,Music - Drum,Tangerang
16/02/2019 03:33:15,Participant 1991,Participant 1991,Pria,25/06/1997,85000001991,participant1991@email.com,Internal,Music - Drum,Sragen
16/02/2019 10:07:31,Participant 1992,Participant 1992,Pria,22/04/2002,85000001992,participant1992@email.com,Internal,Vocal - Singer,Yogyakarta (Open Class)
16/02/2019 11:08:04,Participant 1993,Participant 1993,Pria,29/04/2003,85000001993,participant1993@email.com,Internal,Music - Keyboard,Sragen
16/02/2019 14:43:52,Participant 1968,Participant 1968,Pria,6/7/2008,85000001968,participant1968@email.com,Internal,Music - Guitar,Solo  (Open Class)
16/02/2019 15:09:21,Participant 1968,Participant 1968,Pria,6/7/2008,85000001968,participant1968@email.com,Internal,Music - Guitar,Solo  (Open Class)
16/02/2019 15:30:08,Participant 1994,Participant 1994,Wanita,27/09/1971,85000001994,participant1994@email.com,Internal,Vocal - Singer,Solo (Open Class)
16/02/2019 15:32:41,Participant 1796,Participant 1796,Wanita,10/11/1974,85000001796,participant1796@email.com,Internal,Vocal - Body Voice,Solo (Open Class)
16/02/2019 15:39:46,Participant 1995,Participant 1995,Pria,20/08/2003,85000001995,participant1995@email.com,Internal,Audio - Engineer,Yogyakarta (Open Class)
16/02/2019 15:49:51,Participant 1996,Participant 1996,Pria,6/6/2001,85000001996,participant1996@email.com,Internal,Audio - Engineer,Yogyakarta (Open Class)
16/02/2019 16:06:41,Participant 1997,Participant 1997,Wanita,7/1/2008,85000001997,participant1997@email.com,Internal,Vocal - Singer,Yogyakarta (Open Class)
16/02/2019 16:07:09,Participant 1968,Participant 1968,Pria,6/7/2008,85000001968,participant1968@email.com,Internal,Music - Guitar,Solo  (Open Class)
16/02/2019 16:42:09,Participant 1817,Participant 1817,Wanita,21/12/2004,85000001817,participant1817@email.com,Internal,Arts - Percussion,Samarinda
16/02/2019 18:57:52,Participant 1998,Participant 1998,Wanita,29/12/2002,85000001998,participant1998@email.com,Internal,Arts - Movement,Yogyakarta (Open Class)
16/02/2019 21:55:56,Participant 263,Participant 263,Pria,23/04/2004,85000000263,participant263@email.com,Internal,Music - Guitar,Samarinda
17/02/2019 09:35:34,Participant 1999,Participant 1999,Pria,10/12/2001,85000001999,participant1999@email.com,Internal,Vocal - Singer,Yogyakarta (Open Class)
17/02/2019 10:40:44,PARTICIPANT 2000,PARTICIPANT 2000,Pria,3/4/2002,85000002000,participant2000@email.com,Internal,Vocal - Singer,Yogyakarta (Open Class)
17/02/2019 11:29:28,Participant 2001,Participant 2001,Wanita,17/07/2011,85000002001,participant2001@email.com,Internal,Arts - Percussion,Solo (Open Class)
17/02/2019 11:53:36,Participant 2002,Participant 2002,Wanita,23/09/2008,85000002002,participant2002@email.com,Internal,Arts - Percussion,Solo (Open Class)
17/02/2019 12:04:42,Participant 2003,Participant 2003,Wanita,6/4/2008,85000002003,participant2003@email.com,Internal,Arts - Movement,Solo (Open Class)
17/02/2019 12:52:48,Participant 2004,Participant 2004,Wanita,10/4/2012,85000002004,participant2004@email.com,Internal,Arts - Movement,Solo (Open Class)
17/02/2019 12:55:43,Participant 1082,Participant 1082,Wanita,3/6/2008,85000001082,participant1082@email.com,Internal,Arts - Percussion,Solo (Open Class)
17/02/2019 13:19:54,Participant 2005,Participant 2005,Pria,28/04/2008,85000002005,participant2005@email.com,Internal,Audio - Engineer,Solo (Open Class)
17/02/2019 13:47:25,Participant 2006,Participant 2006,Wanita,11/3/1993,85000002006,participant2006@email.com,Internal,Vocal - Singer,Madiun
17/02/2019 15:25:48,Participant 2007,Participant 2007,Pria,14/09/2009,85000002007,participant2007@email.com,Internal,Music - Drum,Sragen
17/02/2019 18:08:54,participant 2008,participant 2008,Wanita,30/09/2008,85000002008,participant2008@email.com,Internal,Vocal - Singer,Solo (Open Class)
18/02/2019 01:19:16,Participant 2009,Participant 2009,Pria,20/10/1994,85000002009,participant2009@email.com,Internal,Music - Bass,Bandung
18/02/2019 08:55:42,Participant 2010,Participant 2010,Wanita,7/8/2007,85000002010,participant2010@email.com,Internal,Arts - Percussion,Solo (Open Class)
18/02/2019 10:33:59,Participant 2011,Participant 2011,Pria,27/12/2005,85000002011,participant2011@email.com,Internal,Arts - Flag,Solo (Open Class)
18/02/2019 14:44:55,Participant 2012,Participant 2012,Pria,8/1/2007,85000002012,participant2012@email.com,Internal,Music - Guitar,Solo (Open Class)
18/02/2019 15:46:31,PARTICIPANT 2013,PARTICIPANT 2013,Pria,2/10/1976,85000002013,participant2013@email.com,Internal,Audio - Engineer,Solo  (Open Class)
18/02/2019 16:02:47,Participant 2014,Participant 2014,Wanita,30/11/2003,85000002014,participant2014@email.com,Internal,Music - Keyboard,Yogyakarta (Open Class)
18/02/2019 16:36:25,Participant 2015,Participant 2015,Pria,4/6/2008,85000002015,participant2015@email.com,Internal,Music - Drum,Solo (Open Class)
18/02/2019 16:58:56,Participant 2016,Participant 2016,Pria,26/05/1996,85000002016,participant2016@email.com,Internal,Music - Bass,Solo (Open Class)
18/02/2019 17:05:19,Participant 2017,Participant 2017,Pria,9/10/2008,85000002017,participant2017@email.com,Internal,Music - Bass,Solo (Open Class)
18/02/2019 17:07:52,Participant 2018,Participant 2018,Pria,16/05/2003,85000002018,participant2018@email.com,Internal,Vocal - Singer,Solo (Open Class)
18/02/2019 17:48:22,PARTICIPANT 2019,PARTICIPANT 2019,Wanita,5/9/2012,85000002019,participant2019@email.com,Internal,Arts - Percussion,Solo (Open Class)
18/02/2019 18:34:04,Participant 2020,Participant 2020,Pria,3/4/2000,85000002020,participant2020@email.com,Internal,Visual - Makeup,Sragen
18/02/2019 18:43:14,Participant 2021,Participant 2021,Pria,25/02/1991,85000002021,participant2021@email.com,Internal,Arts - Flag,Yogyakarta (Open Class)
18/02/2019 18:46:00,Participant 2022,Participant 2022,Pria,4/2/1998,85000002022,participant2022@email.com,Internal,Audio - Engineer,Solo (Open Class)
18/02/2019 19:02:09,Participant 2023,Participant 2023,Wanita,18/11/2002,85000002023,participant2023@email.com,Internal,Vocal - Choir,Solo (Open Class)
18/02/2019 19:02:56,Participant 2024,Participant 2024,Pria,29/12/2004,85000002024,participant2024@email.com,Internal,Music - Bass,Sragen
18/02/2019 19:14:24,Participant 2025,Participant 2025,Pria,20/11/2005,85000002025,participant2025@email.com,Internal,Music - Guitar,Solo  (Open Class)
18/02/2019 19:50:21,Participant 2026,Participant 2026,Pria,14/10/2003,85000002026,participant2026@email.com,Internal,Vocal - Choir,Yogyakarta (Open Class)
18/02/2019 21:04:44,Participant 2027,Participant 2027,Wanita,23/07/2001,85000002027,participant2027@email.com,Internal,Arts - Percussion,Yogyakarta (Open Class)
18/02/2019 21:06:40,PARTICIPANT 2028,PARTICIPANT 2028,Wanita,6/10/2008,85000002028,participant2028@email.com,Internal,Arts - Percussion,Sragen
18/02/2019 21:08:46,Participant 2029,Participant 2029,Pria,27/07/2007,85000002029,participant2029@email.com,Internal,Music - Guitar,Solo (Open Class)
18/02/2019 21:17:16,Participant 2030,Participant 2030,Pria,10/2/2009,85000002030,participant2030@email.com,Internal,Music - Bass,Sragen
18/02/2019 21:29:40,Participant 2031,Participant 2031,Wanita,27/04/2006,85000002031,participant2031@email.com,Internal,Music - Guitar,Solo (Open Class)
18/02/2019 22:44:39,Participant 903,Participant 903,Wanita,23/05/1997,85000000903,participant903@email.com,Internal,Vocal - Singer,Solo (Open Class)
18/02/2019 23:27:58,Participant 2032,Participant 2032,Wanita,28/05/2006,85000002032,participant2032@email.com,Internal,Music - Guitar,Yogyakarta (Open Class)
19/02/2019 00:12:57,Participant 2033,Participant 2033,Pria,17/08/2000,85000002033,participant2033@email.com,Internal,Music - Guitar,Solo (Open Class)
19/02/2019 00:41:31,Participant 2034,Participant 2034,Pria,20/06/2024,85000002034,participant2034@email.com,Internal,Vocal - Singer,Solo (Open Class)
19/02/2019 08:11:39,Participant 2035,Participant 2035,Pria,7/4/1989,85000002035,participant2035@email.com,Internal,Music - Drum,Solo (Open Class)
19/02/2019 09:56:31,Participant 2036,Participant 2036,Pria,18/07/1998,85000002036,participant2036@email.com,Internal,Vocal - Singer,Madiun
19/02/2019 10:03:51,Participant 1717,Participant 1717,Wanita,12/3/1990,85000001717,participant1717@email.com,Internal,Vocal - Singer,Jakarta (Open Class)
19/02/2019 12:24:43,Participant 1993,Participant 1993,Pria,29/04/2003,85000001993,participant1993@email.com,Internal,Music - Keyboard,Sragen
19/02/2019 12:51:23,participant 2037,participant 2037,Wanita,3/1/2011,85000002037,participant2037@email.com,Internal,Arts - Movement,Solo (Open Class)
19/02/2019 13:04:18,PARTICIPANT 2038,PARTICIPANT 2038,Wanita,23/09/2001,85000002038,participant2038@email.com,Internal,Vocal - Body Voice,Yogyakarta (Open Class)
19/02/2019 13:09:10,PARTICIPANT 2039,PARTICIPANT 2039,Wanita,12/9/1997,85000002039,participant2039@email.com,Internal,Vocal - Body Voice,Yogyakarta (Open Class)
19/02/2019 13:12:50,PARTICIPANT 2040,PARTICIPANT 2040,Pria,6/4/2001,85000002040,participant2040@email.com,Internal,Vocal - Body Voice,Yogyakarta (Open Class)
19/02/2019 13:16:06,PARTICIPANT 2041,PARTICIPANT 2041,Pria,1/7/1997,85000002041,participant2041@email.com,Internal,Vocal - Body Voice,Yogyakarta (Open Class)
19/02/2019 14:29:38,Participant 2042,Participant 2042,Pria,14/07/2005,85000002042,participant2042@email.com,Internal,Music - Drum,Solo (Open Class)
19/02/2019 15:08:33,PARTICIPANT 1731,PARTICIPANT 1731,Pria,19/02/2002,85000001731,participant1731@email.com,Internal,Music - Keyboard,Yogyakarta (Open Class)
19/02/2019 16:06:42,Participant 2043,Participant 2043,Wanita,21/09/1977,85000002043,participant2043@email.com,Internal,Vocal - Body Voice,Solo (Open Class)
19/02/2019 16:34:57,Participant 2044,Participant 2044,Wanita,21/10/2004,85000002044,participant2044@email.com,Internal,Vocal - Singer,Yogyakarta (Open Class)
19/02/2019 19:03:24,Participant 2045,Participant 2045,Pria,6/4/2010,85000002045,participant2045@email.com,Internal,Arts - Movement,Solo (Open Class)
19/02/2019 19:22:05,PARTICIPANT 2046,PARTICIPANT 2046,Pria,9/3/1996,85000002046,participant2046@email.com,Internal,Music - Drum,Solo (Open Class)
19/02/2019 21:42:06,Participant 2047,Participant 2047,Pria,17/01/1998,85000002047,participant2047@email.com,Internal,Music - Drum,Jakarta (Open Class)
19/02/2019 22:08:46,Participant 2048,Participant 2048,Pria,5/2/2011,85000002048,participant2048@email.com,Internal,Music - Guitar,Solo (Open Class)
20/02/2019 05:30:44,PARTICIPANT 2049,PARTICIPANT 2049,Pria,16/11/2010,85000002049,participant2049@email.com,Internal,Vocal - Singer,Solo (Open Class)
20/02/2019 05:48:35,Participant 2050,Participant 2050,Wanita,2/5/1979,85000002050,participant2050@email.com,Internal,Arts - Movement,Solo (Open Class)
20/02/2019 08:38:30,Participant 2051,Participant 2051,Pria,18/06/2006,85000002051,participant2051@email.com,Internal,Vocal - Singer,Solo  (Open Class)
20/02/2019 08:43:26,Participant 2052,Participant 2052,Wanita,9/8/2006,85000002052,participant2052@email.com,Internal,Vocal - Singer,Solo  (Open Class)
20/02/2019 21:25:27,Participant 1933,Participant 1933,Wanita,17/02/2024,85000001933,participant1933@email.com,Internal,Vocal - Singer,Madiun
20/02/2019 22:43:50,Participant 2053,Participant 2053,Pria,1/7/1998,85000002053,participant2053@email.com,Internal,Music - Bass,Tangerang
20/02/2019 23:56:14,Participant 2027,Participant 2027,Wanita,23/07/2001,85000002027,participant2027@email.com,Internal,Arts - Percussion,Yogyakarta (Open Class)
21/02/2019 00:13:31,Participant 2054,Participant 2054,Wanita,14/09/1960,85000002054,participant2054@email.com,Internal,Vocal - Body Voice,Jakarta (Open Class)
21/02/2019 09:36:13,Participant 1811,Participant 1811,Pria,11/2/2005,85000001811,participant1811@email.com,Internal,Music - Drum,Malang
21/02/2019 15:14:38,PARTICIPANT 2055,PARTICIPANT 2055,Wanita,20/03/1983,85000002055,participant2055@email.com,Internal,Vocal - Body Voice,Solo (Open Class)
21/02/2019 15:32:33,Participant 1826,Participant 1826,Pria,28/02/2003,85000001826,participant1826@email.com,Internal,Music - Guitar,Malang
21/02/2019 15:34:03,Participant 1826,Participant 1826,Pria,28/02/2003,85000001826,participant1826@email.com,Internal,Music - Guitar,Malang
21/02/2019 22:57:37,Participant 2918,Participant 2918,Wanita,6/4/1997,85000002918,participant2918@email.com,Internal,Arts - Percussion,Yogyakarta
21/02/2019 23:17:42,Participant 2992,Participant 2992,Wanita,6/2/1992,85000002992,participant2992@email.com,Internal,Arts - Percussion,Yogyakarta
22/02/2019 03:58:32,PARTICIPANT 2061,PARTICIPANT 2061,Wanita,4/5/1980,85000002061,participant2061@email.com,Internal,Audio - Engineer,Solo (Open Class)
22/02/2019 07:07:05,PARTICIPANT 2056,PARTICIPANT 2056,Wanita,10/8/1973,85000002056,participant2056@email.com,Internal,Vocal - Singer,Solo (Open Class)
22/02/2019 07:34:38,Participant 2984,Participant 2984,Wanita,18/08/1997,85000002984,participant2984@email.com,Internal,Vocal - Choir,Yogyakarta
22/02/2019 08:30:42,Participant 2057,Participant 2057,Wanita,29/09/1989,85000002057,participant2057@email.com,Internal,Vocal - Singer,Solo (Open Class)
22/02/2019 08:44:26,Participant 2058,Participant 2058,Wanita,13/02/1978,85000002058,participant2058@email.com,Internal,Vocal - Singer,Solo (Open Class)
22/02/2019 11:31:27,Participant 2059,Participant 2059,Wanita,1/1/1995,85000002059,participant2059@email.com,Internal,Arts - Percussion,Jakarta (Open Class)
22/02/2019 13:14:54,Participant 2060,Participant 2060,Pria,9/11/1996,85000002060,participant2060@email.com,Internal,Arts - Flag,Jakarta (Open Class)
22/02/2019 13:53:39,Participant 2994,Participant 2994,Wanita,30/01/1995,85000002994,participant2994@email.com,Internal,Vocal - Choir,Yogyakarta
22/02/2019 15:15:42,Participant 1322,Participant 1322,Pria,16/03/1977,85000001322,participant1322@email.com,Internal,Music - Bass,Yogyakarta (Open Class)
22/02/2019 16:21:48,Participant 2062,Participant 2062,Pria,24/06/2009,85000002062,participant2062@email.com,Internal,Audio - Engineer,Solo (Open Class)
22/02/2019 16:29:59,Participant 2063,Participant 2063,Pria,21/08/2004,85000002063,participant2063@email.com,Internal,Audio - Engineer,Solo (Open Class)
22/02/2019 16:33:41,Participant 2064,Participant 2064,Wanita,24/08/1996,85000002064,participant2064@email.com,Internal,Vocal - Singer,Solo (Open Class)
22/02/2019 17:03:16,Participant 2065,Participant 2065,Pria,19/10/1998,85000002065,participant2065@email.com,Internal,Audio - Engineer,Solo  (Open Class)
22/02/2019 18:42:27,PARTICIPANT 2066,PARTICIPANT 2066,Pria,7/8/2002,85000002066,participant2066@email.com,Internal,Audio - Engineer,Solo (Open Class)
22/02/2019 18:51:54,Participant 2067,Participant 2067,Pria,18/05/2005,85000002067,participant2067@email.com,Internal,Audio - Engineer,Solo (Open Class)
22/02/2019 19:08:45,Participant 1446,Participant 1446,Wanita,6/9/1995,85000001446,participant1446@email.com,Internal,Arts - Percussion,Nias
22/02/2019 19:39:41,Participant 2981,Participant 2981,Wanita,19/08/1993,85000002981,participant2981@email.com,Internal,Vocal - Choir,Yogyakarta
22/02/2019 19:39:43,Participant 228,Participant 228,Pria,22/10/1991,85000000228,participant228@email.com,Internal,Vocal - Singer,Tangerang
22/02/2019 19:54:25,Participant 3012,Participant 3012,Pria,15/07/2019,85000003012,participant3012@email.com,Internal,Music - Bass,Yogyakarta
22/02/2019 20:34:01,Participant 2068,Participant 2068,Pria,22/09/2006,85000002068,participant2068@email.com,Internal,Music - Guitar,Solo (Open Class)
22/02/2019 20:34:28,Participant 2069,Participant 2069,Pria,14/04/2002,85000002069,participant2069@email.com,Internal,Audio - Engineer,Solo (Open Class)
22/02/2019 20:54:31,Participant 2070,Participant 2070,Pria,14/02/1992,85000002070,participant2070@email.com,Internal,Audio - Engineer,Solo (Open Class)
22/02/2019 21:09:46,Participant 3000,Participant 3000,Wanita,10/3/2019,85000003000,participant3000@email.com,Internal,Arts - Percussion,Yogyakarta
22/02/2019 21:43:31,Participant 2071,Participant 2071,Wanita,25/03/2001,85000002071,participant2071@email.com,Internal,Vocal - Singer,Sragen
22/02/2019 22:21:15,Participant 2072,Participant 2072,Pria,31/03/2006,85000002072,participant2072@email.com,Internal,Music - Guitar,Solo (Open Class)
22/02/2019 22:31:09,PARTICIPANT 1351,PARTICIPANT 1351,Wanita,21/05/1998,85000001351,participant1351@email.com,Internal,Vocal - Singer,Yogyakarta (Open Class)
22/02/2019 22:35:49,participant 2073,participant 2073,Pria,18/08/2011,85000002073,participant2073@email.com,Internal,Music - Drum,Solo (Open Class)
22/02/2019 23:26:48,Participant 2857,Participant 2857,Wanita,10/11/1999,85000002857,participant2857@email.com,Internal,Music - Drum,Yogyakarta
23/02/2019 00:26:21,Participant 2995,Participant 2995,Pria,26/06/1996,85000002995,participant2995@email.com,Internal,Music - Guitar,Yogyakarta
23/02/2019 05:01:06,Participant 2074,Participant 2074,Pria,6/6/2011,85000002074,participant2074@email.com,Internal,Audio - Engineer,Solo (Open Class)
23/02/2019 05:20:40,Participant 2075,Participant 2075,Wanita,9/11/2005,85000002075,participant2075@email.com,Internal,Audio - Engineer,Solo (Open Class)
23/02/2019 09:37:06,Participant 2076,Participant 2076,Wanita,28/09/1993,85000002076,participant2076@email.com,Internal,Vocal - Body Voice,Solo (Open Class)
23/02/2019 10:36:52,PARTICIPANT 2077,PARTICIPANT 2077,Pria,1/12/1987,85000002077,participant2077@email.com,Internal,Music - Bass,Solo (Open Class)
23/02/2019 16:22:21,Participant 2965,Participant 2965,Pria,24/06/1985,85000002965,participant2965@email.com,Internal,Music - Drum,Yogyakarta
23/02/2019 16:46:04,Participant 3001,Participant 3001,Wanita,18/08/1996,85000003001,participant3001@email.com,Internal,Arts - Movement,Yogyakarta
23/02/2019 17:05:57,Participant 2078,Participant 2078,Pria,26/06/2024,85000002078,participant2078@email.com,Internal,Audio - Engineer,Solo (Open Class)
23/02/2019 19:37:29,Participant 2985,Participant 2985,Wanita,7/9/1995,85000002985,participant2985@email.com,Internal,Vocal - Choir,Yogyakarta
23/02/2019 19:38:02,Participant 2079,Participant 2079,Wanita,13/03/2011,85000002079,participant2079@email.com,Internal,Arts - Movement,Solo (Open Class)
23/02/2019 21:28:20,Participant 2080,Participant 2080,Pria,3/11/2010,85000002080,participant2080@email.com,Internal,Arts - Movement,Solo (Open Class)
23/02/2019 22:05:10,Participant 2081,Participant 2081,Wanita,31/08/1995,85000002081,participant2081@email.com,Internal,Vocal - Singer,Jakarta (Open Class)
23/02/2019 23:04:40,Participant 2082,Participant 2082,Pria,17/05/1992,85000002082,participant2082@email.com,Internal,Audio - Engineer,Jakarta (Open Class)
24/02/2019 08:44:49,Participant 2083,Participant 2083,Pria,22/07/2009,85000002083,participant2083@email.com,Internal,Audio - Engineer,Solo (Open Class)
24/02/2019 09:08:29,Participant 2084,Participant 2084,Wanita,22/01/2004,85000002084,participant2084@email.com,Internal,Audio - Engineer,Solo  (Open Class)
24/02/2019 09:32:45,Participant 3004,Participant 3004,Pria,12/12/1989,85000003004,participant3004@email.com,Internal,Music - Keyboard,Yogyakarta
24/02/2019 09:47:03,Participant 2948,Participant 2948,Wanita,21/04/2000,85000002948,participant2948@email.com,Internal,Music - Keyboard,Yogyakarta
24/02/2019 09:48:57,Participant 2990,Participant 2990,Wanita,12/2/1997,85000002990,participant2990@email.com,Internal,Vocal - Choir,Yogyakarta
24/02/2019 11:55:18,Participant 3015,Participant 3015,Pria,11/4/2019,85000003015,participant3015@email.com,Internal,Vocal - Choir,Yogyakarta
24/02/2019 11:55:58,Participant 1814,Participant 1814,Wanita,13/03/1992,85000001814,participant1814@email.com,Internal,Vocal - Singer,Yogyakarta (Open Class)
24/02/2019 11:59:21,Participant 3002,Participant 3002,Wanita,20/07/1997,85000003002,participant3002@email.com,Internal,Music - Guitar,Yogyakarta
24/02/2019 12:27:53,Participant 2085,Participant 2085,Pria,6/4/2001,85000002085,participant2085@email.com,Internal,Vocal - Body Voice,Yogyakarta (Open Class)
24/02/2019 13:19:49,Participant 1849,Participant 1849,Wanita,17/09/2000,85000001849,participant1849@email.com,Internal,Vocal - Body Voice,Yogyakarta (Open Class)
24/02/2019 14:35:00,Participant 2039,Participant 2039,Wanita,12/9/1997,85000002039,participant2039@email.com,Internal,Vocal - Body Voice,Yogyakarta (Open Class)
24/02/2019 15:13:41,Participant 2954,Participant 2954,Pria,11/2/1986,85000002954,participant2954@email.com,Internal,Music - Drum,Yogyakarta
24/02/2019 17:12:34,Participant 2041,Participant 2041,Pria,1/7/1997,85000002041,participant2041@email.com,Internal,Vocal - Body Voice,Yogyakarta (Open Class)
24/02/2019 18:38:54,Participant 2731,Participant 2731,Wanita,29/06/2000,85000002731,participant2731@email.com,Internal,Arts - Percussion,Yogyakarta
24/02/2019 19:14:38,Participant 2971,Participant 2971,Pria,6/3/2000,85000002971,participant2971@email.com,Internal,Music - Keyboard,Yogyakarta
24/02/2019 20:02:07,Participant 2999,Participant 2999,Wanita,8/8/2000,85000002999,participant2999@email.com,Internal,Arts - Percussion,Yogyakarta
24/02/2019 20:21:08,Participant 2086,Participant 2086,Pria,10/11/2008,85000002086,participant2086@email.com,Internal,Music - Guitar,Sragen
24/02/2019 21:14:09,Participant 2087,Participant 2087,Wanita,31/07/2003,85000002087,participant2087@email.com,Internal,Arts - Movement,Yogyakarta (Open Class)
24/02/2019 21:46:16,Participant 2998,Participant 2998,Wanita,27/12/1996,85000002998,participant2998@email.com,Internal,Arts - Percussion,Yogyakarta
24/02/2019 22:45:29,Participant 2088,Participant 2088,Pria,20/05/2008,85000002088,participant2088@email.com,Internal,Music - Guitar,Solo (Open Class)
24/02/2019 22:49:23,Participant 2089,Participant 2089,Wanita,4/3/2004,85000002089,participant2089@email.com,Internal,Vocal - Singer,Solo (Open Class)
24/02/2019 23:25:55,Participant 2090,Participant 2090,Wanita,16/07/1998,85000002090,participant2090@email.com,Internal,Arts - Percussion,Sragen
25/02/2019 00:51:09,Participant 2091,Participant 2091,Wanita,17/01/2003,85000002091,participant2091@email.com,Internal,Arts - Percussion,Yogyakarta (Open Class)
25/02/2019 08:33:33,Participant 2092,Participant 2092,Wanita,26/01/1992,85000002092,participant2092@email.com,Internal,Vocal - Singer,Jakarta (Open Class)
25/02/2019 13:18:46,Participant 2093,Participant 2093,Pria,12/2/1996,85000002093,participant2093@email.com,Internal,Vocal - Singer,Yogyakarta (Open Class)
25/02/2019 13:36:52,Participant 2094,Participant 2094,Pria,2/12/1996,85000002094,participant2094@email.com,Internal,Vocal - Singer,Yogyakarta (Open Class)
25/02/2019 14:46:59,participant 2095,participant 2095,Wanita,5/10/2000,85000002095,participant2095@email.com,Internal,Vocal - Singer,Solo (Open Class)
25/02/2019 15:39:44,Participant 3011,Participant 3011,Wanita,8/2/1998,85000003011,participant3011@email.com,Internal,Vocal - Choir,Yogyakarta
25/02/2019 15:51:31,Participant 2096,Participant 2096,Wanita,12/7/2001,85000002096,participant2096@email.com,Internal,Vocal - Singer,Yogyakarta (Open Class)
25/02/2019 15:51:56,Participant 2097,Participant 2097,Wanita,20/02/2008,85000002097,participant2097@email.com,Internal,Arts - Percussion,Solo  (Open Class)
25/02/2019 16:15:24,Participant 2098,Participant 2098,Pria,3/4/2006,85000002098,participant2098@email.com,Internal,Music - Guitar,Solo (Open Class)
25/02/2019 17:26:23,Participant 2027,Participant 2027,Wanita,23/07/2001,85000002027,participant2027@email.com,Internal,Arts - Percussion,Yogyakarta (Open Class)
25/02/2019 17:35:30,Participant 2982,Participant 2982,Wanita,17/06/1998,85000002982,participant2982@email.com,Internal,Arts - Percussion,Yogyakarta
25/02/2019 17:38:58,Participant 2982,Participant 2982,Wanita,17/06/1998,85000002982,participant2982@email.com,Internal,Arts - Percussion,Yogyakarta
25/02/2019 18:16:17,Participant 2099,Participant 2099,Pria,23/06/2010,85000002099,participant2099@email.com,Internal,Music - Drum,Solo  (Open Class)
25/02/2019 18:18:54,Participant 2100,Participant 2100,Wanita,29/01/2004,85000002100,participant2100@email.com,Internal,Vocal - Singer,Sragen
25/02/2019 18:22:14,Participant 2101,Participant 2101,Pria,16/12/2004,85000002101,participant2101@email.com,Internal,Audio - Engineer,Solo (Open Class)
25/02/2019 19:11:28,Participant 2102,Participant 2102,Wanita,1/6/2011,85000002102,participant2102@email.com,Internal,Arts - Percussion,Solo (Open Class)
25/02/2019 19:16:56,Participant 2103,Participant 2103,Wanita,23/09/2001,85000002103,participant2103@email.com,Internal,Vocal - Body Voice,Yogyakarta (Open Class)
25/02/2019 19:23:41,Participant 2104,Participant 2104,Wanita,27/04/2007,85000002104,participant2104@email.com,Internal,Arts - Percussion,Yogyakarta (Open Class)
25/02/2019 19:30:04,Participant 2105,Participant 2105,Wanita,2/9/1999,85000002105,participant2105@email.com,Internal,Visual - Makeup,Yogyakarta (Open Class)
25/02/2019 20:04:00,Participant 2106,Participant 2106,Wanita,10/1/2008,85000002106,participant2106@email.com,Internal,Arts - Percussion,Solo (Open Class)
25/02/2019 20:08:05,PARTICIPANT 2107,PARTICIPANT 2107,Pria,3/5/2001,85000002107,participant2107@email.com,Internal,Music - Drum,Solo (Open Class)
25/02/2019 20:41:52,Participant 2108,Participant 2108,Wanita,24/07/2004,85000002108,participant2108@email.com,Internal,Audio - Engineer,Solo (Open Class)
25/02/2019 21:25:01,Participant 2109,Participant 2109,Pria,23/12/2004,85000002109,participant2109@email.com,Internal,Vocal - Singer,Solo (Open Class)
25/02/2019 21:42:01,Participant 2110,Participant 2110,Wanita,2/6/2009,85000002110,participant2110@email.com,Internal,Vocal - Singer,Solo (Open Class)
25/02/2019 22:44:49,Participant 2111,Participant 2111,Wanita,27/05/2002,85000002111,participant2111@email.com,Internal,Vocal - Singer,Yogyakarta (Open Class)
26/02/2019 13:23:32,Participant 1527,Participant 1527,Wanita,24/01/1987,85000001527,participant1527@email.com,Internal,Arts - Percussion,Nias
26/02/2019 13:57:58,Participant 1731,Participant 1731,Pria,26/02/2002,85000001731,participant1731@email.com,Internal,Music - Keyboard,Yogyakarta (Open Class)
26/02/2019 16:40:49,Participant 2903,Participant 2903,Wanita,9/2/1999,85000002903,participant2903@email.com,Internal,Vocal - Choir,Yogyakarta
26/02/2019 16:41:42,Participant 2112,Participant 2112,Wanita,13/08/2000,85000002112,participant2112@email.com,Internal,Vocal - Singer,Solo (Open Class)
26/02/2019 19:22:41,Participant 2113,Participant 2113,Pria,10/12/1980,85000002113,participant2113@email.com,Internal,Vocal - Singer,Solo (Open Class)
26/02/2019 19:35:43,Participant 2114,Participant 2114,Wanita,5/3/2005,85000002114,participant2114@email.com,Internal,Vocal - Singer,Yogyakarta (Open Class)
26/02/2019 21:41:26,Participant 2972,Participant 2972,Wanita,20/02/1999,85000002972,participant2972@email.com,Internal,Arts - Percussion,Yogyakarta
26/02/2019 22:23:34,Participant 3006,Participant 3006,Wanita,2/12/1989,85000003006,participant3006@email.com,Internal,Vocal - Choir,Yogyakarta
26/02/2019 22:27:34,Participant 2996,Participant 2996,Pria,21/05/1982,85000002996,participant2996@email.com,Internal,Music - Guitar,Yogyakarta
26/02/2019 23:13:58,Participant 2975,Participant 2975,Pria,13/02/1989,85000002975,participant2975@email.com,Internal,Vocal - Choir,Yogyakarta
26/02/2019 23:26:56,Participant 2993,Participant 2993,Wanita,27/12/1997,85000002993,participant2993@email.com,Internal,Vocal - Choir,Yogyakarta
27/02/2019 02:57:55,Participant 3014,Participant 3014,Pria,6/4/1999,85000003014,participant3014@email.com,Internal,Music - Bass,Yogyakarta
27/02/2019 11:10:24,Participant 2946,Participant 2946,Pria,18/04/2000,85000002946,participant2946@email.com,Internal,Music - Drum,Yogyakarta
27/02/2019 11:31:45,Participant 1788,Participant 1788,Pria,7/11/2007,85000001788,participant1788@email.com,Internal,Music - Drum,Solo (Open Class)
27/02/2019 11:32:35,Participant 2115,Participant 2115,Pria,4/12/2005,85000002115,participant2115@email.com,Internal,Audio - Engineer,Solo (Open Class)
27/02/2019 12:54:40,Participant 3003,Participant 3003,Pria,19/06/1998,85000003003,participant3003@email.com,Internal,Music - Keyboard,Yogyakarta
27/02/2019 13:46:00,Participant 3013,Participant 3013,Wanita,8/4/1998,85000003013,participant3013@email.com,Internal,Vocal - Choir,Yogyakarta
27/02/2019 15:54:35,PARTICIPANT 1730,PARTICIPANT 1730,Pria,22/12/2002,85000001730,participant1730@email.com,Internal,Vocal - Singer,Solo (Open Class)
27/02/2019 17:13:14,Participant 2116,Participant 2116,Wanita,4/4/2005,85000002116,participant2116@email.com,Internal,Music - Keyboard,Solo (Open Class)
27/02/2019 23:19:14,Participant 2117,Participant 2117,Wanita,15/06/1993,85000002117,participant2117@email.com,Internal,Vocal - Singer,Solo (Open Class)
28/02/2019 01:10:31,Participant 1966,Participant 1966,Pria,22/05/2003,85000001966,participant1966@email.com,Internal,Music - Drum,Yogyakarta (Open Class)
28/02/2019 02:37:55,Participant 777,Participant 777,Wanita,7/7/2006,85000000777,participant777@email.com,Internal,Music - Keyboard,Wonogiri
28/02/2019 06:19:55,Participant 2118,Participant 2118,Wanita,26/05/2008,85000002118,participant2118@email.com,Internal,Arts - Percussion,Yogyakarta (Open Class)
28/02/2019 07:06:05,Participant 2119,Participant 2119,Pria,3/6/2002,85000002119,participant2119@email.com,Internal,Music - Drum,Solo (Open Class)
28/02/2019 08:09:44,Participant 2000,Participant 2000,Pria,3/4/2002,85000002000,participant2000@email.com,Internal,Vocal - Singer,Yogyakarta (Open Class)
28/02/2019 09:43:58,Participant 2120,Participant 2120,Wanita,7/2/2009,85000002120,participant2120@email.com,Internal,Arts - Percussion,Yogyakarta (Open Class)
28/02/2019 10:08:51,Participant 2121,Participant 2121,Wanita,25/03/1976,85000002121,participant2121@email.com,Internal,Vocal - Singer,Yogyakarta (Open Class)
28/02/2019 10:59:47,Participant 2072,Participant 2072,Pria,31/03/2006,85000002072,participant2072@email.com,Internal,Music - Guitar,Solo (Open Class)
28/02/2019 11:19:39,Participant 2048,Participant 2048,Pria,5/2/2011,85000002048,participant2048@email.com,Internal,Music - Guitar,Solo (Open Class)
28/02/2019 12:48:11,Participant 2122,Participant 2122,Pria,16/11/2001,85000002122,participant2122@email.com,Internal,Music - Guitar,Yogyakarta (Open Class)
28/02/2019 13:31:30,Participant 2123,Participant 2123,Pria,8/3/2007,85000002123,participant2123@email.com,Internal,Music - Bass,Solo (Open Class)
28/02/2019 14:22:15,Participant 2124,Participant 2124,Wanita,27/07/1998,85000002124,participant2124@email.com,Internal,Vocal - Body Voice,Yogyakarta (Open Class)
28/02/2019 14:34:04,Participant 2125,Participant 2125,Pria,24/01/2011,85000002125,participant2125@email.com,Internal,Music - Drum,Solo (Open Class)
28/02/2019 16:47:29,Participant 2126,Participant 2126,Pria,7/2/2007,85000002126,participant2126@email.com,Internal,Audio - Engineer,Solo (Open Class)
28/02/2019 17:20:18,Participant 2127,Participant 2127,Wanita,14/12/2000,85000002127,participant2127@email.com,Internal,Audio - Engineer,Solo (Open Class)
28/02/2019 17:29:55,Participant 2128,Participant 2128,Pria,24/06/2011,85000002128,participant2128@email.com,Internal,Audio - Engineer,Solo (Open Class)
28/02/2019 17:35:19,Participant 2129,Participant 2129,Pria,15/09/2006,85000002129,participant2129@email.com,Internal,Audio - Engineer,Solo (Open Class)
28/02/2019 21:56:33,Participant 2130,Participant 2130,Wanita,21/02/2006,85000002130,participant2130@email.com,Internal,Arts - Percussion,Yogyakarta (Open Class)
1/3/2019 11:19,PARTICIPANT 131,PARTICIPANT 131,Pria,20/06/1997,85000000131,participant131@email.com,Internal,Vocal - Singer,Yogyakarta
1/3/2019 16:15,PARTICIPANT 2986,PARTICIPANT 2986,Wanita,21/10/1988,85000002986,participant2986@email.com,Internal,Vocal - Body Voice,Yogyakarta
1/3/2019 16:32,Participant 2980,Participant 2980,Wanita,28/12/1991,85000002980,participant2980@email.com,Internal,Vocal - Body Voice,Yogyakarta
1/3/2019 17:32,Participant 2970,Participant 2970,Pria,18/12/1994,85000002970,participant2970@email.com,Internal,Music - Guitar,Yogyakarta
1/3/2019 20:06,Participant 2987,Participant 2987,Wanita,16/11/2000,85000002987,participant2987@email.com,Internal,Arts - Percussion,Yogyakarta
1/3/2019 21:20,Participant 2997,Participant 2997,Wanita,23/03/1999,85000002997,participant2997@email.com,Internal,Arts - Percussion,Yogyakarta
1/3/2019 22:15,Participant 3005,Participant 3005,Wanita,31/08/1998,85000003005,participant3005@email.com,Internal,Arts - Percussion,Yogyakarta
2/3/2019 8:53,Participant 2955,Participant 2955,Wanita,19/10/1999,85000002955,participant2955@email.com,Internal,Vocal - Choir,Yogyakarta
2/3/2019 8:56,Participant 3009,Participant 3009,Wanita,29/09/1999,85000003009,participant3009@email.com,Internal,Arts - Percussion,Yogyakarta
2/3/2019 19:45,Participant 2133,Participant 2133,Pria,1/8/1985,85000002133,participant2133@email.com,Internal,Music - Keyboard,Solo (Open Class)
2/3/2019 19:52,Participant 2977,Participant 2977,Pria,19/05/2000,85000002977,participant2977@email.com,Internal,Vocal - Choir,Yogyakarta
3/3/2019 9:04,Participant 2988,Participant 2988,Pria,15/07/1998,85000002988,participant2988@email.com,Internal,Music - Drum,Yogyakarta
3/3/2019 11:39,Participant 3010,Participant 3010,Pria,22/04/1983,85000003010,participant3010@email.com,Internal,Music - Drum,Yogyakarta
3/3/2019 11:53,participant 2976,participant 2976,Pria,22/01/2004,85000002976,participant2976@email.com,Internal,Music - Drum,Yogyakarta
3/3/2019 12:22,Participant 2973,Participant 2973,Wanita,9/2/2000,85000002973,participant2973@email.com,Internal,Arts - Percussion,Yogyakarta
3/3/2019 12:23,Participant 2134,Participant 2134,Wanita,22/07/2009,85000002134,participant2134@email.com,Internal,Arts - Percussion,Solo (Open Class)
3/3/2019 12:47,Participant 2979,Participant 2979,Wanita,23/07/1999,85000002979,participant2979@email.com,Internal,Arts - Percussion,Yogyakarta
3/3/2019 14:18,Participant 2978,Participant 2978,Wanita,10/12/1999,85000002978,participant2978@email.com,Internal,Arts - Percussion,Yogyakarta
3/3/2019 20:45,Participant 2989,Participant 2989,Wanita,7/9/2000,85000002989,participant2989@email.com,Internal,Music - Drum,Yogyakarta
3/3/2019 21:46,Participant 2135,Participant 2135,Pria,22/01/2000,85000002135,participant2135@email.com,Internal,Music - Guitar,Jakarta (Open Class)
3/3/2019 21:49,Participant 3016,Participant 3016,Wanita,12/4/1999,85000003016,participant3016@email.com,Internal,Music - Keyboard,Yogyakarta
4/3/2019 9:25,Participant 2974,Participant 2974,Pria,28/12/1999,85000002974,participant2974@email.com,Internal,Music - Drum,Yogyakarta
4/3/2019 10:28,Participant 3008,Participant 3008,Wanita,21/04/1989,85000003008,participant3008@email.com,Internal,Arts - Movement,Yogyakarta
4/3/2019 11:40,Participant 2991,Participant 2991,Wanita,19/06/2019,85000002991,participant2991@email.com,Internal,Arts - Percussion,Yogyakarta
4/3/2019 12:46,Participant 3007,Participant 3007,Pria,15/11/1998,85000003007,participant3007@email.com,Internal,Vocal - Choir,Yogyakarta
4/3/2019 15:38,Participant 1560,Participant 1560,Wanita,25/02/1998,85000001560,participant1560@email.com,Internal,Arts - Percussion,Yogyakarta (Open Class)
4/3/2019 19:57,Participant 2891,Participant 2891,Wanita,23/11/1998,85000002891,participant2891@email.com,Internal,Vocal - Choir,Yogyakarta
5/3/2019 4:37,Participant 2983,Participant 2983,Pria,20/11/2000,85000002983,participant2983@email.com,Internal,Vocal - Choir,Yogyakarta
5/3/2019 11:20,Participant 3017,Participant 3017,Wanita,6/6/1998,85000003017,participant3017@email.com,Internal,Vocal - Choir,Yogyakarta
5/3/2019 11:43,Participant 2983,Participant 2983,Pria,20/11/2000,85000002983,participant2983@email.com,Internal,Vocal - Choir,Yogyakarta
5/3/2019 13:27,Participant 3018,Participant 3018,Wanita,31/08/1998,85000003018,participant3018@email.com,Internal,Arts - Percussion,Yogyakarta
5/3/2019 14:23,Participant 2579,Participant 2579,Wanita,14/12/2019,85000002579,participant2579@email.com,Internal,Vocal - Singer,Yogyakarta
5/3/2019 14:49,Participant 2874,Participant 2874,Pria,27/09/1998,85000002874,participant2874@email.com,Internal,Music - Drum,Yogyakarta
5/3/2019 16:19,Participant 3019,Participant 3019,Pria,18/04/1996,85000003019,participant3019@email.com,Internal,Music - Drum,Yogyakarta
5/3/2019 16:51,Participant 3020,Participant 3020,Pria,7/1/1998,85000003020,participant3020@email.com,Internal,Music - Drum,Yogyakarta
6/3/2019 8:23,Participant 3008,Participant 3008,Wanita,21/04/1989,85000003008,participant3008@email.com,Internal,Arts - Movement,Yogyakarta
6/3/2019 9:35,Participant 3021,Participant 3021,Pria,13/02/1995,85000003021,participant3021@email.com,Internal,Music - Drum,Yogyakarta
6/3/2019 13:25,Participant 3022,Participant 3022,Wanita,18/05/1998,85000003022,participant3022@email.com,Internal,Vocal - Choir,Yogyakarta
6/3/2019 21:49,Participant 3023,Participant 3023,Wanita,20/08/2019,85000003023,participant3023@email.com,Internal,Vocal - Choir,Yogyakarta
12/3/2019 16:18,Participant 2005,Participant 2005,Pria,28/04/2008,85000002005,participant2005@email.com,Internal,Audio - Engineer,Solo (Open Class)
12/3/2019 19:07,Participant 3024,Participant 3024,Pria,25/06/2000,85000003024,participant3024@email.com,Internal,Music - Keyboard,Yogyakarta
13/03/2019 20:32:30,Participant 2136,Participant 2136,Wanita,28/10/2004,85000002136,participant2136@email.com,Internal,Arts - Movement,Yogyakarta (Open Class)
24/03/2019 18:47:44,Participant 8,Participant 8,Wanita,12/9/2009,85000000008,participant8@email.com,Internal,Arts - Percussion,Solo
25/03/2019 17:34:01,Participant 2137,Participant 2137,Pria,6/7/1972,85000002137,participant2137@email.com,Internal,Music - Keyboard,Jakarta (Open Class)
29/03/2019 17:26:34,Participant 3025,Participant 3025,Pria,9/9/1999,85000003025,participant3025@email.com,Internal,Vocal - Body Voice,Yogyakarta
30/03/2019 09:42:36,Participant 2138,Participant 2138,Wanita,18/07/1995,85000002138,participant2138@email.com,Internal,Arts - Percussion,Sragen
3/4/2019 12:24,Participant 2139,Participant 2139,Wanita,28/06/1998,85000002139,participant2139@email.com,Internal,Arts - Movement,Sragen
4/4/2019 7:27,PARTICIPANT 2140,PARTICIPANT 2140,Wanita,24/03/2004,85000002140,participant2140@email.com,Internal,Vocal - Singer,Sragen
5/4/2019 10:40,Participant 2141,Participant 2141,Wanita,7/2/1995,85000002141,participant2141@email.com,Internal,Vocal - Singer,Jakarta (Open Class)
5/4/2019 11:09,Participant 2142,Participant 2142,Pria,8/1/2004,85000002142,participant2142@email.com,Internal,Music - Keyboard,Jakarta (Open Class)
5/4/2019 14:55,Participant 2143,Participant 2143,Pria,26/12/1984,85000002143,participant2143@email.com,Internal,Music - Bass,Jakarta (Open Class)
6/4/2019 7:18,Participant 2144,Participant 2144,Pria,9/8/1998,85000002144,participant2144@email.com,Internal,Music - Drum,Yogyakarta (Open Class)
9/4/2019 7:13,Participant 1929,Participant 1929,Pria,19/11/1995,85000001929,participant1929@email.com,Internal,Vocal - Singer,Malang
9/4/2019 19:04,Participant 2145,Participant 2145,Wanita,3/10/1994,85000002145,participant2145@email.com,Internal,Vocal - Singer,Solo (Open Class)
10/4/2019 8:10,Participant 2146,Participant 2146,Wanita,9/11/1993,85000002146,participant2146@email.com,Internal,Arts - Percussion,Jakarta (Open Class)
10/4/2019 16:12,Participant 2147,Participant 2147,Wanita,12/5/1982,85000002147,participant2147@email.com,Internal,Arts - Percussion,Sragen
13/04/2019 23:36:44,Participant 2148,Participant 2148,Wanita,18/12/1997,85000002148,participant2148@email.com,Internal,Vocal - Singer,Sragen
14/04/2019 08:19:58,Participant 2149,Participant 2149,Wanita,26/06/1985,85000002149,participant2149@email.com,Internal,Vocal - Singer,Jakarta (Open Class)
14/04/2019 09:48:28,Participant 3026,Participant 3026,Pria,14/04/2019,85000003026,participant3026@email.com,Internal,Arts - Flag,Yogyakarta
14/04/2019 15:34:39,Participant 1959,Participant 1959,Wanita,31/07/1987,85000001959,participant1959@email.com,Internal,Vocal - Singer,Jakarta (Open Class)
14/04/2019 17:05:09,Participant 2151,Participant 2151,Wanita,24/11/2001,85000002151,participant2151@email.com,Internal,Arts - Percussion,Jakarta (Open Class)
14/04/2019 17:05:58,Participant 2150,Participant 2150,Wanita,4/7/1998,85000002150,participant2150@email.com,Internal,Arts - Percussion,Jakarta (Open Class)
17/04/2019 02:03:02,Participant 2152,Participant 2152,Pria,16/06/2001,85000002152,participant2152@email.com,Internal,Arts - Percussion,Jakarta (Open Class)
17/04/2019 02:16:08,Participant 2153,Participant 2153,Wanita,15/11/2008,85000002153,participant2153@email.com,Internal,Vocal - Singer,Yogyakarta (Open Class)
18/04/2019 14:21:28,Participant 2154,Participant 2154,Pria,18/09/2002,85000002154,participant2154@email.com,Internal,Vocal - Singer,Jakarta (Open Class)
21/04/2019 15:16:38,Participant 2144,Participant 2144,Pria,9/8/1998,85000002144,participant2144@email.com,Internal,Music - Drum,Yogyakarta (Open Class)
28/04/2019 00:14:47,Participant 2155,Participant 2155,Wanita,7/8/1997,85000002155,participant2155@email.com,Internal,Vocal - Singer,Jakarta (Open Class)
28/04/2019 16:21:08,Participant 2156,Participant 2156,Wanita,14/08/2001,85000002156,participant2156@email.com,Internal,Arts - Percussion,Sragen
29/04/2019 17:50:25,Participant 2157,Participant 2157,Wanita,9/9/2000,85000002157,participant2157@email.com,Internal,Vocal - Singer,Jakarta (Open Class)
29/04/2019 17:51:03,Participant 1970,Participant 1970,Pria,8/1/1994,85000001970,participant1970@email.com,Internal,Music - Drum,Jakarta (Open Class)
29/04/2019 17:55:30,Participant 1944,Participant 1944,Wanita,20/12/1989,85000001944,participant1944@email.com,Internal,Arts - Percussion,Jakarta (Open Class)
29/04/2019 18:04:02,Participant 2158,Participant 2158,Wanita,26/06/1985,85000002158,participant2158@email.com,Internal,Vocal - Singer,Jakarta (Open Class)
29/04/2019 18:04:04,Participant 1959,Participant 1959,Wanita,31/07/1987,85000001959,participant1959@email.com,Internal,Vocal - Singer,Jakarta (Open Class)
30/04/2019 12:00:17,Participant 2159,Participant 2159,Wanita,7/7/2000,85000002159,participant2159@email.com,Internal,Vocal - Singer,Solo (Open Class)
3/5/2019 16:33,Participant 1917,Participant 1917,Wanita,6/12/1998,85000001917,participant1917@email.com,Internal,Arts - Percussion,Malang
4/5/2019 11:10,PARTICIPANT 2160,PARTICIPANT 2160,Pria,16/02/1991,85000002160,participant2160@email.com,Internal,Music - Guitar,Jakarta (Open Class)
4/5/2019 11:14,Participant 2161,Participant 2161,Wanita,24/07/1991,85000002161,participant2161@email.com,Internal,Arts - Percussion,Jakarta (Open Class)
4/5/2019 11:17,Participant 2161,Participant 2161,Wanita,24/07/1991,85000002161,participant2161@email.com,Internal,Arts - Percussion,Jakarta (Open Class)
5/5/2019 6:05,Participant 1958,Participant 1958,Wanita,21/03/1994,85000001958,participant1958@email.com,Internal,Vocal - Singer,Jakarta (Open Class)
5/5/2019 20:53,Participant 2005,Participant 2005,Pria,28/04/2008,85000002005,participant2005@email.com,Internal,Audio - Engineer,Solo (Open Class)
6/5/2019 14:32,Participant 2151,Participant 2151,Wanita,24/11/2001,85000002151,participant2151@email.com,Internal,Arts - Percussion,Jakarta (Open Class)
9/5/2019 17:52,Participant 2162,Participant 2162,Pria,19/06/2010,85000002162,participant2162@email.com,Internal,Arts - Flag,Purwokerto
10/5/2019 19:53,Participant 2163,Participant 2163,Wanita,23/11/1987,85000002163,participant2163@email.com,Internal,Vocal - Singer,Jakarta (Open Class)
10/5/2019 22:27,Participant 2162,Participant 2162,Pria,19/06/2010,85000002162,participant2162@email.com,Internal,Arts - Flag,Purwokerto
11/5/2019 0:49,Participant 2164,Participant 2164,Wanita,25/03/1991,85000002164,participant2164@email.com,Internal,Vocal - Singer,Jakarta (Open Class)
11/5/2019 13:10,Participant 1959,Participant 1959,Wanita,31/07/1987,85000001959,participant1959@email.com,Internal,Vocal - Singer,Jakarta (Open Class)
13/05/2019 19:20:58,Participant 1728,Participant 1728,Pria,25/07/1985,85000001728,participant1728@email.com,Internal,Vocal - Singer,Jakarta (Open Class)
14/05/2019 11:15:02,Participant 2165,Participant 2165,Pria,5/1/1984,85000002165,participant2165@email.com,Internal,Music - Bass,Jakarta (Open Class)
14/05/2019 14:16:29,Participant 2166,Participant 2166,Pria,26/12/1984,85000002166,participant2166@email.com,Internal,Music - Bass,Jakarta (Open Class)
14/05/2019 19:21:50,Participant 2146,Participant 2146,Wanita,9/11/1993,85000002146,participant2146@email.com,Internal,Arts - Percussion,Jakarta (Open Class)
15/05/2019 22:10:48,Participant 2167,Participant 2167,Wanita,9/10/1984,85000002167,participant2167@email.com,Internal,Vocal - Body Voice,Solo (Open Class)
16/05/2019 15:40:16,Participant 2168,Participant 2168,Wanita,19/01/2007,85000002168,participant2168@email.com,Internal,Arts - Percussion,Solo (Open Class)
16/05/2019 18:41:14,Participant 2169,Participant 2169,Wanita,9/7/2003,85000002169,participant2169@email.com,Internal,Arts - Percussion,Solo  (Open Class)
16/05/2019 20:33:31,Participant 952,Participant 952,Wanita,3/8/2009,85000000952,participant952@email.com,Internal,Vocal - Singer,Solo (Open Class)
16/05/2019 20:39:02,Participant 2170,Participant 2170,Pria,22/11/1985,85000002170,participant2170@email.com,Internal,Vocal - Body Voice,Solo (Open Class)
16/05/2019 22:06:09,Participant 2171,Participant 2171,Wanita,25/02/2008,85000002171,participant2171@email.com,Internal,Arts - Percussion,Solo (Open Class)
17/05/2019 07:29:59,Participant 2172,Participant 2172,Wanita,29/09/1991,85000002172,participant2172@email.com,Internal,Vocal - Singer,Yogyakarta (Open Class)
17/05/2019 12:02:14,Participant 1865,Participant 1865,Pria,9/9/2003,85000001865,participant1865@email.com,Internal,Music - Drum,Solo (Open Class)
17/05/2019 13:04:17,Participant 2167,Participant 2167,Wanita,9/10/1984,85000002167,participant2167@email.com,Internal,Vocal - Body Voice,Solo (Open Class)
17/05/2019 19:22:47,Participant 2173,Participant 2173,Pria,30/10/1992,85000002173,participant2173@email.com,Internal,Vocal - Singer,Jakarta (Open Class)
17/05/2019 21:43:44,Participant 2174,Participant 2174,Wanita,21/08/2003,85000002174,participant2174@email.com,Internal,Arts - Percussion,Yogyakarta (Open Class)
17/05/2019 21:45:57,Participant 2175,Participant 2175,Wanita,15/04/2005,85000002175,participant2175@email.com,Internal,Arts - Percussion,Yogyakarta (Open Class)
18/05/2019 13:37:08,Participant 2176,Participant 2176,Wanita,20/02/2001,85000002176,participant2176@email.com,Internal,Vocal - Choir,Solo (Open Class)
18/05/2019 14:33:54,Participant 1239,Participant 1239,Wanita,30/05/2005,85000001239,participant1239@email.com,Internal,Arts - Percussion,Solo (Open Class)
18/05/2019 16:33:13,Participant 2177,Participant 2177,Pria,1/2/2006,85000002177,participant2177@email.com,Internal,Vocal - Singer,Solo (Open Class)
18/05/2019 16:43:06,Participant 2178,Participant 2178,Wanita,31/12/2001,85000002178,participant2178@email.com,Internal,Vocal - Singer,Solo (Open Class)
18/05/2019 17:37:14,Participant 2179,Participant 2179,Wanita,13/05/2009,85000002179,participant2179@email.com,Internal,Arts - Percussion,Solo (Open Class)
18/05/2019 17:41:00,Participant 2180,Participant 2180,Wanita,2/12/2008,85000002180,participant2180@email.com,Internal,Arts - Percussion,Solo (Open Class)
18/05/2019 18:46:26,Participant 2178,Participant 2178,Wanita,31/12/2001,85000002178,participant2178@email.com,Internal,Vocal - Singer,Solo (Open Class)
18/05/2019 19:03:59,Participant 2181,Participant 2181,Wanita,5/3/1980,85000002181,participant2181@email.com,Internal,Vocal - Singer,Solo  (Open Class)
18/05/2019 22:49:44,Participant 2182,Participant 2182,Wanita,5/11/2014,85000002182,participant2182@email.com,Internal,Arts - Percussion,Purwokerto
19/05/2019 00:50:44,Participant 2183,Participant 2183,Wanita,12/7/2004,85000002183,participant2183@email.com,Internal,Arts - Percussion,Yogyakarta (Open Class)
19/05/2019 09:12:27,Participant 1730,Participant 1730,Pria,22/12/2002,85000001730,participant1730@email.com,Internal,Vocal - Singer,Solo (Open Class)
19/05/2019 10:46:53,Participant 2184,Participant 2184,Pria,28/04/1997,85000002184,participant2184@email.com,Internal,Music - Drum,Yogyakarta (Open Class)
19/05/2019 11:00:35,Participant 2185,Participant 2185,Pria,16/10/2012,85000002185,participant2185@email.com,Internal,Music - Guitar,Solo (Open Class)
19/05/2019 11:47:00,Participant 2186,Participant 2186,Pria,23/06/2010,85000002186,participant2186@email.com,Internal,Music - Drum,Solo  (Open Class)
19/05/2019 13:06:37,Participant 2187,Participant 2187,Wanita,21/04/2004,85000002187,participant2187@email.com,Internal,Arts - Percussion,Solo  (Open Class)
19/05/2019 13:46:39,Participant 2188,Participant 2188,Pria,25/10/2008,85000002188,participant2188@email.com,Internal,Music - Bass,Purwokerto
19/05/2019 13:52:27,participant 2189,participant 2189,Wanita,30/10/2006,85000002189,participant2189@email.com,Internal,Arts - Percussion,Solo (Open Class)
19/05/2019 16:24:42,Participant 2190,Participant 2190,Wanita,5/12/2009,85000002190,participant2190@email.com,Internal,Arts - Percussion,Solo  (Open Class)
19/05/2019 16:31:58,Participant 2191,Participant 2191,Pria,16/09/1986,85000002191,participant2191@email.com,Internal,Music - Guitar,Solo (Open Class)
19/05/2019 18:31:11,Participant 2192,Participant 2192,Wanita,11/4/2009,85000002192,participant2192@email.com,Internal,Arts - Percussion,Solo (Open Class)
19/05/2019 19:04:57,Participant 2193,Participant 2193,Pria,21/09/1999,85000002193,participant2193@email.com,Internal,Arts - Flag,Solo (Open Class)
19/05/2019 19:06:49,PARTICIPANT 2194,PARTICIPANT 2194,Wanita,12/3/2004,85000002194,participant2194@email.com,Internal,Arts - Percussion,Solo (Open Class)
19/05/2019 19:06:52,Participant 2195,Participant 2195,Wanita,12/3/2004,85000002195,participant2195@email.com,Internal,Arts - Percussion,Solo (Open Class)
19/05/2019 19:50:09,Participant 1348,Participant 1348,Pria,1/9/2000,85000001348,participant1348@email.com,Internal,Vocal - Singer,Yogyakarta (Open Class)
19/05/2019 20:16:57,Participant 2196,Participant 2196,Wanita,3/6/2010,85000002196,participant2196@email.com,Internal,Arts - Movement,Solo (Open Class)
19/05/2019 20:26:14,Participant 1342,Participant 1342,Wanita,19/11/2008,85000001342,participant1342@email.com,Internal,Arts - Percussion,Solo (Open Class)
19/05/2019 21:05:16,Participant 2197,Participant 2197,Wanita,3/3/1998,85000002197,participant2197@email.com,Internal,Vocal - Choir,Solo (Open Class)
19/05/2019 21:59:15,Participant 1199,Participant 1199,Wanita,25/12/2008,85000001199,participant1199@email.com,Internal,Arts - Percussion,Solo (Open Class)
20/05/2019 00:06:38,Participant 2198,Participant 2198,Pria,10/1/2005,85000002198,participant2198@email.com,Internal,Vocal - Singer,Yogyakarta (Open Class)
20/05/2019 10:30:05,Participant 2199,Participant 2199,Wanita,1/1/2008,85000002199,participant2199@email.com,Internal,Music - Drum,Solo (Open Class)
20/05/2019 10:35:10,Participant 2172,Participant 2172,Wanita,29/09/1991,85000002172,participant2172@email.com,Internal,Vocal - Singer,Yogyakarta (Open Class)
21/05/2019 10:39:57,Participant 693,Participant 693,Wanita,12/11/1987,85000000693,participant693@email.com,Internal,Vocal - Singer,Solo
21/05/2019 11:58:39,participant 2200,participant 2200,Wanita,24/08/1973,85000002200,participant2200@email.com,Internal,Vocal - Singer,Solo (Open Class)
21/05/2019 12:03:38,Participant 2201,Participant 2201,Pria,21/09/1971,85000002201,participant2201@email.com,Internal,Vocal - Singer,Solo (Open Class)
21/05/2019 12:46:50,Participant 2202,Participant 2202,Wanita,24/11/1972,85000002202,participant2202@email.com,Internal,Vocal - Singer,Solo (Open Class)
21/05/2019 13:04:14,Participant 2203,Participant 2203,Wanita,15/02/2011,85000002203,participant2203@email.com,Internal,Arts - Movement,Purwokerto
21/05/2019 14:00:11,Participant 2204,Participant 2204,Wanita,24/12/1985,85000002204,participant2204@email.com,Internal,Vocal - Singer,Yogyakarta (Open Class)
21/05/2019 14:15:56,Participant 2205,Participant 2205,Pria,21/05/1975,85000002205,participant2205@email.com,Internal,Arts - Movement,Purwokerto
21/05/2019 15:23:06,Participant 2206,Participant 2206,Pria,27/02/1994,85000002206,participant2206@email.com,Internal,Music - Keyboard,Solo  (Open Class)
21/05/2019 18:01:17,Participant 2207,Participant 2207,Pria,21/11/2001,85000002207,participant2207@email.com,Internal,Vocal - Singer,Solo (Open Class)
21/05/2019 20:05:32,Participant 1272,Participant 1272,Wanita,1/11/2006,85000001272,participant1272@email.com,Internal,Arts - Movement,Solo (Open Class)
21/05/2019 22:10:46,Participant 1790,Participant 1790,Pria,2/12/2002,85000001790,participant1790@email.com,Internal,Music - Keyboard,Solo  (Open Class)
22/05/2019 06:26:58,Participant 1519,Participant 1519,Pria,27/04/1969,85000001519,participant1519@email.com,Internal,Music - Keyboard,Solo (Open Class)
22/05/2019 11:14:06,Participant 2208,Participant 2208,Pria,20/06/1989,85000002208,participant2208@email.com,Internal,Music - Keyboard,Purwokerto
22/05/2019 12:34:24,Participant 2209,Participant 2209,Wanita,28/08/2006,85000002209,participant2209@email.com,Internal,Vocal - Singer,Solo (Open Class)
22/05/2019 12:34:31,Participant 2210,Participant 2210,Wanita,14/06/2006,85000002210,participant2210@email.com,Internal,Vocal - Singer,Solo (Open Class)
22/05/2019 13:01:16,Participant 2211,Participant 2211,Wanita,23/03/1980,85000002211,participant2211@email.com,Internal,Vocal - Singer,Jakarta (Open Class)
22/05/2019 13:32:08,participant 2212,participant 2212,Pria,26/06/2006,85000002212,participant2212@email.com,Internal,Vocal - Singer,Solo (Open Class)
22/05/2019 13:40:42,Participant 2204,Participant 2204,Wanita,24/12/1985,85000002204,participant2204@email.com,Internal,Vocal - Singer,Yogyakarta (Open Class)
22/05/2019 14:00:39,Participant 2213,Participant 2213,Wanita,18/06/2007,85000002213,participant2213@email.com,Internal,Arts - Percussion,Solo (Open Class)
22/05/2019 18:21:24,Participant 459,Participant 459,Wanita,24/02/2008,85000000459,participant459@email.com,Internal,Arts - Percussion,Solo
22/05/2019 18:59:08,Participant 2214,Participant 2214,Wanita,31/07/1989,85000002214,participant2214@email.com,Internal,Music - Keyboard,Purwokerto
22/05/2019 20:12:31,Participant 2215,Participant 2215,Pria,1/7/2005,85000002215,participant2215@email.com,Internal,Vocal - Singer,Yogyakarta (Open Class)
23/05/2019 08:59:31,Participant 2216,Participant 2216,Pria,26/09/2006,85000002216,participant2216@email.com,Internal,Music - Drum,Purwokerto
23/05/2019 10:29:01,Participant 2217,Participant 2217,Pria,30/06/1993,85000002217,participant2217@email.com,Internal,Music - Keyboard,Yogyakarta (Open Class)
23/05/2019 11:15:18,Participant 2218,Participant 2218,Wanita,19/04/2010,85000002218,participant2218@email.com,Internal,Arts - Movement,Solo (Open Class)
23/05/2019 11:18:32,Participant 2219,Participant 2219,Pria,19/06/2005,85000002219,participant2219@email.com,Internal,Vocal - Singer,Jakarta (Open Class)
23/05/2019 12:20:26,PARTICIPANT 2220,PARTICIPANT 2220,Wanita,22/04/1974,85000002220,participant2220@email.com,Internal,Vocal - Choir,Yogyakarta (Open Class)
23/05/2019 12:38:07,Participant 2221,Participant 2221,Wanita,17/09/2001,85000002221,participant2221@email.com,Internal,Vocal - Singer,Solo (Open Class)
23/05/2019 20:32:49,Participant 1864,Participant 1864,Wanita,12/12/2009,85000001864,participant1864@email.com,Internal,Arts - Percussion,Solo (Open Class)
24/05/2019 11:50:17,Participant 2222,Participant 2222,Pria,11/2/1983,85000002222,participant2222@email.com,Internal,Vocal - Body Voice,Yogyakarta (Open Class)
24/05/2019 15:35:41,Participant 2223,Participant 2223,Pria,19/05/2002,85000002223,participant2223@email.com,Internal,Music - Keyboard,Yogyakarta (Open Class)
24/05/2019 21:49:09,Participant 2224,Participant 2224,Pria,15/11/2001,85000002224,participant2224@email.com,Internal,Vocal - Singer,Solo (Open Class)
24/05/2019 22:37:07,Participant 2225,Participant 2225,Wanita,5/4/1989,85000002225,participant2225@email.com,Internal,Vocal - Singer,Yogyakarta (Open Class)
24/05/2019 22:39:46,Participant 2226,Participant 2226,Pria,25/10/1988,85000002226,participant2226@email.com,Internal,Music - Guitar,Yogyakarta (Open Class)
24/05/2019 23:11:12,Participant 2227,Participant 2227,Pria,27/09/2005,85000002227,participant2227@email.com,Internal,Music - Keyboard,Yogyakarta (Open Class)
25/05/2019 08:47:19,Participant 2017,Participant 2017,Pria,9/10/2008,85000002017,participant2017@email.com,Internal,Music - Bass,Solo (Open Class)
25/05/2019 10:05:58,Participant 2228,Participant 2228,Wanita,19/10/2012,85000002228,participant2228@email.com,Internal,Arts - Percussion,Solo (Open Class)
25/05/2019 10:23:56,PARTICIPANT 2229,PARTICIPANT 2229,Pria,4/1/1985,85000002229,participant2229@email.com,Internal,Music - Bass,Jakarta (Open Class)
25/05/2019 11:51:47,Participant 2230,Participant 2230,Pria,12/9/2007,85000002230,participant2230@email.com,Internal,Music - Bass,Purwokerto
25/05/2019 13:20:14,Participant 2231,Participant 2231,Pria,18/07/2008,85000002231,participant2231@email.com,Internal,Music - Drum,Purwokerto
25/05/2019 14:05:35,Participant 1447,Participant 1447,Pria,3/5/2006,85000001447,participant1447@email.com,Internal,Music - Drum,Solo (Open Class)
25/05/2019 14:07:45,Participant 2232,Participant 2232,Pria,28/05/2008,85000002232,participant2232@email.com,Internal,Music - Drum,Solo (Open Class)
25/05/2019 14:41:06,participant 2037,participant 2037,Wanita,3/1/2011,85000002037,participant2037@email.com,Internal,Arts - Movement,Solo (Open Class)
25/05/2019 17:01:16,Participant 2233,Participant 2233,Wanita,13/03/2010,85000002233,participant2233@email.com,Internal,Arts - Percussion,Solo (Open Class)
25/05/2019 17:11:46,Participant 2234,Participant 2234,Wanita,20/10/2010,85000002234,participant2234@email.com,Internal,Arts - Percussion,Solo (Open Class)
25/05/2019 17:59:49,Participant 2235,Participant 2235,Wanita,10/8/2011,85000002235,participant2235@email.com,Internal,Arts - Percussion,Solo (Open Class)
25/05/2019 18:37:14,Participant 2236,Participant 2236,Wanita,28/01/1971,85000002236,participant2236@email.com,Internal,Vocal - Body Voice,Solo (Open Class)
25/05/2019 18:41:02,Participant 2237,Participant 2237,Wanita,7/8/1980,85000002237,participant2237@email.com,Internal,Vocal - Body Voice,Solo (Open Class)
25/05/2019 18:50:31,Participant 2238,Participant 2238,Wanita,15/10/2010,85000002238,participant2238@email.com,Internal,Arts - Percussion,Solo (Open Class)
25/05/2019 20:26:14,Participant 2239,Participant 2239,Pria,27/07/2003,85000002239,participant2239@email.com,Internal,Music - Guitar,Yogyakarta (Open Class)
26/05/2019 07:59:55,Participant 2240,Participant 2240,Wanita,17/05/2006,85000002240,participant2240@email.com,Internal,Arts - Percussion,Solo (Open Class)
26/05/2019 10:31:38,Participant 2241,Participant 2241,Pria,26/05/1996,85000002241,participant2241@email.com,Internal,Music - Guitar,Solo  (Open Class)
26/05/2019 12:07:07,Participant 2242,Participant 2242,Wanita,2/9/2012,85000002242,participant2242@email.com,Internal,Arts - Percussion,Solo (Open Class)
26/05/2019 12:11:10,Participant 2243,Participant 2243,Pria,10/1/1994,85000002243,participant2243@email.com,Internal,Audio - Engineer,Jakarta (Open Class)
26/05/2019 13:27:39,Participant 2244,Participant 2244,Pria,1/6/2003,85000002244,participant2244@email.com,Internal,Vocal - Singer,Yogyakarta (Open Class)
26/05/2019 15:06:19,Participant 2245,Participant 2245,Wanita,4/3/1999,85000002245,participant2245@email.com,Internal,Visual - Makeup,Yogyakarta (Open Class)
26/05/2019 16:45:32,Participant 1425,Participant 1425,Wanita,29/11/1989,85000001425,participant1425@email.com,Internal,Arts - Percussion,Solo  (Open Class)
26/05/2019 17:40:43,Participant 451,Participant 451,Pria,13/05/2008,85000000451,participant451@email.com,Internal,Music - Drum,Solo
26/05/2019 17:45:40,Participant 2246,Participant 2246,Wanita,9/10/2007,85000002246,participant2246@email.com,Internal,Arts - Movement,Solo (Open Class)
26/05/2019 20:16:03,Participant 2092,Participant 2092,Wanita,26/01/1992,85000002092,participant2092@email.com,Internal,Vocal - Singer,Jakarta (Open Class)
26/05/2019 20:36:40,Participant 2247,Participant 2247,Pria,12/4/2005,85000002247,participant2247@email.com,Internal,Music - Drum,Yogyakarta (Open Class)
26/05/2019 21:03:15,Participant 2248,Participant 2248,Wanita,20/05/1968,85000002248,participant2248@email.com,Internal,Visual - Makeup,Solo (Open Class)
26/05/2019 21:13:03,Participant 2249,Participant 2249,Wanita,12/4/2004,85000002249,participant2249@email.com,Internal,Music - Guitar,Solo (Open Class)
26/05/2019 21:14:26,Participant 2250,Participant 2250,Wanita,1/11/2011,85000002250,participant2250@email.com,Internal,Arts - Percussion,Solo (Open Class)
26/05/2019 21:23:39,Participant 2251,Participant 2251,Pria,3/4/2001,85000002251,participant2251@email.com,Internal,Music - Drum,Yogyakarta (Open Class)
26/05/2019 22:01:51,Participant 2252,Participant 2252,Wanita,4/5/2005,85000002252,participant2252@email.com,Internal,Arts - Percussion,Jakarta (Open Class)
26/05/2019 22:13:51,Participant 2253,Participant 2253,Wanita,19/12/1997,85000002253,participant2253@email.com,Internal,Vocal - Singer,Solo (Open Class)
26/05/2019 22:26:49,Participant 2254,Participant 2254,Wanita,13/08/2002,85000002254,participant2254@email.com,Internal,Vocal - Singer,Yogyakarta (Open Class)
27/05/2019 06:42:53,Participant 1187,Participant 1187,Wanita,29/07/1987,85000001187,participant1187@email.com,Internal,Vocal - Singer,Solo (Open Class)
27/05/2019 06:45:59,Participant 2255,Participant 2255,Pria,12/3/1985,85000002255,participant2255@email.com,Internal,Music - Guitar,Solo (Open Class)
27/05/2019 08:48:06,Participant 2256,Participant 2256,Pria,8/9/2004,85000002256,participant2256@email.com,Internal,Music - Keyboard,Jakarta (Open Class)
27/05/2019 10:01:34,Participant 2257,Participant 2257,Pria,28/11/1973,85000002257,participant2257@email.com,Internal,Vocal - Singer,Jakarta (Open Class)
27/05/2019 10:39:03,Participant 2258,Participant 2258,Pria,11/3/1997,85000002258,participant2258@email.com,Internal,Arts - Movement,Jakarta (Open Class)
27/05/2019 10:50:41,Participant 1259,Participant 1259,Wanita,3/10/2007,85000001259,participant1259@email.com,Internal,Arts - Movement,Solo (Open Class)
27/05/2019 10:56:03,Participant 2259,Participant 2259,Wanita,15/06/2011,85000002259,participant2259@email.com,Internal,Music - Keyboard,Tangerang
27/05/2019 12:18:42,Participant 2260,Participant 2260,Wanita,16/06/2005,85000002260,participant2260@email.com,Internal,Arts - Movement,Solo (Open Class)
27/05/2019 16:29:49,Participant 2261,Participant 2261,Wanita,22/09/2010,85000002261,participant2261@email.com,Internal,Arts - Movement,Jakarta (Open Class)
27/05/2019 16:45:11,Participant 2262,Participant 2262,Pria,17/06/1991,85000002262,participant2262@email.com,Internal,Music - Guitar,Jakarta (Open Class)
27/05/2019 16:50:28,PARTICIPANT 2263,PARTICIPANT 2263,Wanita,23/12/1993,85000002263,participant2263@email.com,Internal,Vocal - Singer,Jakarta (Open Class)
27/05/2019 17:11:54,Participant 750,Participant 750,Wanita,13/11/2008,85000000750,participant750@email.com,Internal,Arts - Percussion,Solo
27/05/2019 18:29:42,Participant 2264,Participant 2264,Wanita,22/10/2010,85000002264,participant2264@email.com,Internal,Arts - Percussion,Solo (Open Class)
27/05/2019 18:36:53,PARTICIPANT 2265,PARTICIPANT 2265,Pria,10/2/1978,85000002265,participant2265@email.com,Internal,Vocal - Singer,Jakarta (Open Class)
27/05/2019 19:06:34,PARTICIPANT 2266,PARTICIPANT 2266,Wanita,29/08/2024,85000002266,participant2266@email.com,Internal,Vocal - Body Voice,Tangerang
27/05/2019 20:19:26,Participant 2267,Participant 2267,Pria,10/5/1989,85000002267,participant2267@email.com,Internal,Vocal - Singer,Tangerang
27/05/2019 21:21:36,participant 710,participant 710,Wanita,15/06/2011,85000000710,participant710@email.com,Internal,Arts - Percussion,Tangerang
27/05/2019 21:53:55,Participant 2268,Participant 2268,Pria,5/2/1999,85000002268,participant2268@email.com,Internal,Music - Keyboard,Purwokerto
27/05/2019 22:22:40,Participant 1751,Participant 1751,Wanita,4/5/2005,85000001751,participant1751@email.com,Internal,Arts - Movement,Tangerang
27/05/2019 22:37:04,Participant 2269,Participant 2269,Wanita,5/11/2006,85000002269,participant2269@email.com,Internal,Arts - Movement,Tangerang
27/05/2019 22:48:02,Participant 2270,Participant 2270,Wanita,14/11/2007,85000002270,participant2270@email.com,Internal,Arts - Percussion,Jakarta (Open Class)
28/05/2019 09:54:30,Participant 2271,Participant 2271,Wanita,30/03/1984,85000002271,participant2271@email.com,Internal,Vocal - Singer,Jakarta (Open Class)
28/05/2019 10:12:19,Participant 863,Participant 863,Wanita,12/10/1994,85000000863,participant863@email.com,Internal,Music - Keyboard,Bandung
28/05/2019 12:36:18,Participant 2272,Participant 2272,Wanita,9/6/1998,85000002272,participant2272@email.com,Internal,Arts - Percussion,Jakarta (Open Class)
28/05/2019 14:57:10,PARTICIPANT 2273,PARTICIPANT 2273,Pria,23/01/1980,85000002273,participant2273@email.com,Internal,Music - Guitar,Tangerang
28/05/2019 14:57:23,Participant 87,Participant 87,Wanita,29/09/2005,85000000087,participant87@email.com,Internal,Vocal - Singer,Solo
28/05/2019 14:58:27,participant 2274,participant 2274,Pria,7/7/1978,85000002274,participant2274@email.com,Internal,Vocal - Singer,Solo (Open Class)
28/05/2019 16:42:25,Participant 2275,Participant 2275,Pria,28/08/1977,85000002275,participant2275@email.com,Internal,Music - Drum,Tangerang
28/05/2019 17:38:02,Participant 2276,Participant 2276,Wanita,19/07/2005,85000002276,participant2276@email.com,Internal,Arts - Percussion,Tangerang
28/05/2019 18:16:38,Participant 2277,Participant 2277,Wanita,23/08/1995,85000002277,participant2277@email.com,Internal,Arts - Percussion,Tangerang
29/05/2019 13:24:30,participant 2278,participant 2278,Wanita,21/01/2010,85000002278,participant2278@email.com,Internal,Arts - Movement,Jakarta (Open Class)
29/05/2019 14:10:06,Participant 2279,Participant 2279,Wanita,14/08/2006,85000002279,participant2279@email.com,Internal,Arts - Movement,Purwokerto
29/05/2019 14:11:57,Participant 2250,Participant 2250,Wanita,1/11/2011,85000002250,participant2250@email.com,Internal,Arts - Percussion,Solo (Open Class)
29/05/2019 14:33:11,Participant 2279,Participant 2279,Wanita,14/08/2006,85000002279,participant2279@email.com,Internal,Arts - Movement,Purwokerto
29/05/2019 16:20:28,Participant 1566,Participant 1566,Wanita,16/01/1998,85000001566,participant1566@email.com,Internal,Vocal - Singer,Nias
29/05/2019 16:27:54,Participant 638,Participant 638,Wanita,21/05/1980,85000000638,participant638@email.com,Internal,Vocal - Singer,Samarinda
29/05/2019 17:22:06,PARTICIPANT 103,PARTICIPANT 103,Wanita,7/12/2001,85000000103,participant103@email.com,Internal,Arts - Percussion,Solo
29/05/2019 17:23:54,Participant 31,Participant 31,Pria,16/12/2001,85000000031,participant31@email.com,Internal,Music - Guitar,Solo
29/05/2019 17:25:18,participant 1232,participant 1232,Wanita,19/01/2006,85000001232,participant1232@email.com,Internal,Arts - Percussion,Solo (Open Class)
29/05/2019 17:25:40,Participant 2280,Participant 2280,Wanita,11/10/2006,85000002280,participant2280@email.com,Internal,Vocal - Choir,Solo (Open Class)
29/05/2019 17:25:57,Participant 2281,Participant 2281,Pria,18/07/2002,85000002281,participant2281@email.com,Internal,Music - Keyboard,Solo (Open Class)
29/05/2019 18:50:59,Participant 2282,Participant 2282,Pria,25/08/2004,85000002282,participant2282@email.com,Internal,Vocal - Singer,Solo (Open Class)
29/05/2019 20:03:26,Participant 2023,Participant 2023,Wanita,18/11/2002,85000002023,participant2023@email.com,Internal,Vocal - Choir,Solo (Open Class)
29/05/2019 23:20:13,Participant 2283,Participant 2283,Wanita,8/9/2008,85000002283,participant2283@email.com,Internal,Vocal - Singer,Yogyakarta (Open Class)
30/05/2019 00:39:47,Participant 2284,Participant 2284,Wanita,7/2/2000,85000002284,participant2284@email.com,Internal,Vocal - Singer,Yogyakarta (Open Class)
30/05/2019 06:43:43,Participant 2285,Participant 2285,Wanita,9/6/2008,85000002285,participant2285@email.com,Internal,Arts - Percussion,Solo  (Open Class)
30/05/2019 06:50:17,Participant 2286,Participant 2286,Wanita,11/12/2008,85000002286,participant2286@email.com,Internal,Arts - Percussion,Solo (Open Class)
30/05/2019 07:42:29,Participant 2287,Participant 2287,Pria,7/3/1996,85000002287,participant2287@email.com,Internal,Arts - Movement,Jakarta (Open Class)
30/05/2019 12:18:39,Participant 2288,Participant 2288,Pria,6/4/2005,85000002288,participant2288@email.com,Internal,Vocal - Choir,Yogyakarta (Open Class)
30/05/2019 14:17:44,Participant 2289,Participant 2289,Pria,15/12/2000,85000002289,participant2289@email.com,Internal,Music - Bass,Yogyakarta (Open Class)
30/05/2019 16:50:50,Participant 77,Participant 77,Wanita,29/04/1987,85000000077,participant77@email.com,Internal,Vocal - Singer,Solo
30/05/2019 19:38:49,Participant 2290,Participant 2290,Wanita,1/1/1981,85000002290,participant2290@email.com,Internal,Vocal - Body Voice,Solo (Open Class)
30/05/2019 20:07:51,Participant 2285,Participant 2285,Wanita,9/6/2008,85000002285,participant2285@email.com,Internal,Arts - Percussion,Solo  (Open Class)
31/05/2019 11:12:59,Participant 2291,Participant 2291,Wanita,28/10/2002,85000002291,participant2291@email.com,Internal,Vocal - Singer,Solo (Open Class)
31/05/2019 13:33:58,Participant 2292,Participant 2292,Wanita,29/08/1986,85000002292,participant2292@email.com,Internal,Vocal - Singer,Solo (Open Class)
31/05/2019 14:47:27,Participant 2286,Participant 2286,Wanita,11/12/2008,85000002286,participant2286@email.com,Internal,Arts - Percussion,Solo (Open Class)
31/05/2019 14:57:04,Participant 2293,Participant 2293,Wanita,10/5/2008,85000002293,participant2293@email.com,Internal,Arts - Percussion,Solo (Open Class)
1/6/2019 15:28,Participant 2294,Participant 2294,Wanita,19/10/2006,85000002294,participant2294@email.com,Internal,Vocal - Singer,Jakarta (Open Class)
1/6/2019 19:53,Participant 2295,Participant 2295,Wanita,29/05/1994,85000002295,participant2295@email.com,Internal,Arts - Percussion,Solo (Open Class)
2/6/2019 4:32,Participant 1587,Participant 1587,Wanita,4/5/2024,85000001587,participant1587@email.com,Internal,Visual - Makeup,Surabaya
2/6/2019 10:49,Participant 2005,Participant 2005,Pria,28/04/2008,85000002005,participant2005@email.com,Internal,Audio - Engineer,Solo (Open Class)
2/6/2019 11:42,Participant 2296,Participant 2296,Wanita,18/12/2010,85000002296,participant2296@email.com,Internal,Arts - Flag,Solo (Open Class)
2/6/2019 11:59,Participant 2297,Participant 2297,Wanita,27/12/1989,85000002297,participant2297@email.com,Internal,Vocal - Singer,Jakarta (Open Class)
2/6/2019 14:11,Participant 2298,Participant 2298,Pria,30/01/1989,85000002298,participant2298@email.com,Internal,Music - Drum,Yogyakarta (Open Class)
2/6/2019 16:47,Participant 2299,Participant 2299,Pria,16/08/2010,85000002299,participant2299@email.com,Internal,Vocal - Singer,Solo (Open Class)
2/6/2019 18:10,Participant 2300,Participant 2300,Wanita,22/09/1979,85000002300,participant2300@email.com,Internal,Arts - Flag,Jakarta (Open Class)
2/6/2019 18:15,Participant 2301,Participant 2301,Pria,13/05/2006,85000002301,participant2301@email.com,Internal,Music - Keyboard,Yogyakarta (Open Class)
2/6/2019 18:29,PARTICIPANT 2302,PARTICIPANT 2302,Pria,18/10/2007,85000002302,participant2302@email.com,Internal,Music - Drum,Purwokerto
2/6/2019 19:11,Participant 2303,Participant 2303,Pria,31/01/1999,85000002303,participant2303@email.com,Internal,Vocal - Singer,Jakarta (Open Class)
2/6/2019 19:20,Participant 2304,Participant 2304,Wanita,21/03/2000,85000002304,participant2304@email.com,Internal,Arts - Percussion,Solo (Open Class)
2/6/2019 19:36,Participant 2305,Participant 2305,Wanita,1/12/2003,85000002305,participant2305@email.com,Internal,Vocal - Singer,Yogyakarta (Open Class)
2/6/2019 19:49,Participant 2306,Participant 2306,Wanita,30/11/2003,85000002306,participant2306@email.com,Internal,Music - Keyboard,Yogyakarta (Open Class)
2/6/2019 19:52,Participant 2307,Participant 2307,Pria,25/09/2002,85000002307,participant2307@email.com,Internal,Vocal - Singer,Yogyakarta (Open Class)
2/6/2019 20:15,Participant 2292,Participant 2292,Wanita,29/08/1986,85000002292,participant2292@email.com,Internal,Vocal - Singer,Solo (Open Class)
2/6/2019 20:38,PARTICIPANT 2217,PARTICIPANT 2217,Pria,30/06/1993,85000002217,participant2217@email.com,Internal,Music - Keyboard,Yogyakarta (Open Class)
2/6/2019 20:45,Participant 2308,Participant 2308,Wanita,16/10/2003,85000002308,participant2308@email.com,Internal,Arts - Percussion,Solo (Open Class)
2/6/2019 21:00,PARTICIPANT 2309,PARTICIPANT 2309,Wanita,28/10/1992,85000002309,participant2309@email.com,Internal,Visual - Makeup,Solo (Open Class)
2/6/2019 21:03,PARTICIPANT 2309,PARTICIPANT 2309,Wanita,28/10/1992,85000002309,participant2309@email.com,Internal,Visual - Makeup,Solo (Open Class)
2/6/2019 21:13,Participant 2310,Participant 2310,Pria,2/5/1984,85000002310,participant2310@email.com,Internal,Music - Keyboard,Solo (Open Class)
2/6/2019 21:24,PARTICIPANT 2311,PARTICIPANT 2311,Wanita,21/03/1987,85000002311,participant2311@email.com,Internal,Arts - Percussion,Solo (Open Class)
2/6/2019 21:49,Participant 2196,Participant 2196,Wanita,3/6/2010,85000002196,participant2196@email.com,Internal,Arts - Movement,Solo (Open Class)
2/6/2019 22:00,Participant 2237,Participant 2237,Wanita,7/8/1980,85000002237,participant2237@email.com,Internal,Vocal - Body Voice,Solo (Open Class)
2/6/2019 22:34,Participant 2312,Participant 2312,Pria,14/03/1993,85000002312,participant2312@email.com,Internal,Music - Drum,Purwokerto
2/6/2019 22:35,Participant 2313,Participant 2313,Wanita,2/10/1968,85000002313,participant2313@email.com,Internal,Vocal - Body Voice,Solo (Open Class)
3/6/2019 10:28,Participant 2314,Participant 2314,Pria,2/5/1991,85000002314,participant2314@email.com,Internal,Music - Guitar,Jakarta (Open Class)
3/6/2019 10:38,Participant 2315,Participant 2315,Pria,9/11/2002,85000002315,participant2315@email.com,Internal,Music - Guitar,Jakarta (Open Class)
3/6/2019 12:34,Participant 2316,Participant 2316,Pria,16/07/2003,85000002316,participant2316@email.com,Internal,Music - Guitar,Yogyakarta (Open Class)
3/6/2019 18:24,Participant 2317,Participant 2317,Wanita,12/7/2009,85000002317,participant2317@email.com,Internal,Arts - Percussion,Solo (Open Class)
3/6/2019 19:08,Participant 2318,Participant 2318,Wanita,28/06/1996,85000002318,participant2318@email.com,Internal,Arts - Percussion,Solo (Open Class)
3/6/2019 19:28,Participant 2319,Participant 2319,Pria,4/12/2008,85000002319,participant2319@email.com,Internal,Vocal - Choir,Solo (Open Class)
3/6/2019 19:56,Participant 2320,Participant 2320,Wanita,4/5/1968,85000002320,participant2320@email.com,Internal,Vocal - Choir,Jakarta (Open Class)
3/6/2019 20:07,Participant 2263,Participant 2263,Wanita,23/12/1993,85000002263,participant2263@email.com,Internal,Vocal - Singer,Jakarta (Open Class)
3/6/2019 20:21,Participant 2141,Participant 2141,Wanita,7/2/1995,85000002141,participant2141@email.com,Internal,Vocal - Singer,Jakarta (Open Class)
3/6/2019 21:51,Participant 2321,Participant 2321,Wanita,25/02/1977,85000002321,participant2321@email.com,Internal,Vocal - Singer,Purwokerto
4/6/2019 2:09,Participant 2322,Participant 2322,Pria,30/07/2001,85000002322,participant2322@email.com,Internal,Music - Guitar,Yogyakarta (Open Class)
4/6/2019 11:33,Participant 2323,Participant 2323,Pria,8/11/2000,85000002323,participant2323@email.com,Internal,Music - Guitar,Solo (Open Class)
4/6/2019 11:43,Participant 2323,Participant 2323,Pria,8/11/2000,85000002323,participant2323@email.com,Internal,Music - Guitar,Solo (Open Class)
4/6/2019 11:52,Participant 468,Participant 468,Wanita,28/11/1994,85000000468,participant468@email.com,Internal,Vocal - Singer,Solo
4/6/2019 11:58,PARTICIPANT 2265,PARTICIPANT 2265,Pria,10/2/1978,85000002265,participant2265@email.com,Internal,Vocal - Singer,Jakarta (Open Class)
4/6/2019 12:16,Participant 2324,Participant 2324,Wanita,14/08/2001,85000002324,participant2324@email.com,Internal,Arts - Percussion,Jakarta (Open Class)
4/6/2019 12:31,Participant 2325,Participant 2325,Pria,,85000002325,participant2325@email.com,Internal,Music - Keyboard,Yogyakarta (Open Class)
4/6/2019 12:32,Participant 2326,Participant 2326,Pria,,85000002326,participant2326@email.com,Internal,Vocal - Singer,Yogyakarta (Open Class)
4/6/2019 12:33,Participant 2327,Participant 2327,Pria,,85000002327,participant2327@email.com,Internal,Music - Guitar,Yogyakarta (Open Class)
4/6/2019 12:35,Participant 2328,Participant 2328,Pria,,85000002328,participant2328@email.com,Internal,Vocal - Singer,Yogyakarta (Open Class)
4/6/2019 12:35,Participant 2329,Participant 2329,Wanita,,85000002329,participant2329@email.com,Internal,Arts - Flag,Yogyakarta (Open Class)
4/6/2019 12:36,Participant 2330,Participant 2330,Pria,,85000002330,participant2330@email.com,Internal,Music - Guitar,Yogyakarta (Open Class)
4/6/2019 12:37,Participant 2331,Participant 2331,Pria,,85000002331,participant2331@email.com,Internal,Music - Keyboard,Yogyakarta (Open Class)
4/6/2019 15:18,Participant 2332,Participant 2332,Wanita,9/12/2009,85000002332,participant2332@email.com,Internal,Arts - Movement,Solo (Open Class)
4/6/2019 15:42,Participant 2333,Participant 2333,Wanita,7/3/2008,85000002333,participant2333@email.com,Internal,Vocal - Singer,Jakarta (Open Class)
4/6/2019 22:42,Participant 2334,Participant 2334,Pria,5/5/2005,85000002334,participant2334@email.com,Internal,Audio - Engineer,Yogyakarta (Open Class)
4/6/2019 22:42,Participant 2336,Participant 2336,Pria,,85000002336,participant2336@email.com,Internal,Vocal - Singer,Yogyakarta (Open Class)
5/6/2019 0:33,Participant 2335,Participant 2335,Wanita,6/6/2024,85000002335,participant2335@email.com,Internal,Vocal - Singer,Bali
5/6/2019 16:49,Participant 1750,Participant 1750,Wanita,31/05/2007,85000001750,participant1750@email.com,Internal,Arts - Movement,Tangerang
5/6/2019 16:51,Participant 2337,Participant 2337,Wanita,19/07/2009,85000002337,participant2337@email.com,Internal,Arts - Flag,Tangerang
6/6/2019 14:40,PARTICIPANT 2338,PARTICIPANT 2338,Wanita,31/01/2003,85000002338,participant2338@email.com,Internal,Arts - Flag,Magelang
6/6/2019 14:40,participant 631,participant 631,,,85000000631,participant631@email.com,Internal,Music - Drum,Jakarta
7/6/2019 19:40,Participant 2339,Participant 2339,Pria,7/6/2003,85000002339,participant2339@email.com,Internal,Music - Keyboard,Jakarta (Open Class)
7/6/2019 20:23,Participant 2007,Participant 2007,Pria,14/09/2009,85000002007,participant2007@email.com,Internal,Music - Drum,Sragen
9/6/2019 12:07,Participant 2340,Participant 2340,Pria,29/04/1994,85000002340,participant2340@email.com,Internal,Vocal - Choir,Solo (Open Class)
13/06/2019 11:16:45,Participant 2341,Participant 2341,Wanita,24/10/2003,85000002341,participant2341@email.com,Internal,Music - Keyboard,Purwokerto
13/06/2019 19:39:55,Participant 2342,Participant 2342,Wanita,21/11/1992,85000002342,participant2342@email.com,Internal,Arts - Movement,Tangerang
13/06/2019 19:42:58,Participant 2343,Participant 2343,Wanita,19/01/2010,85000002343,participant2343@email.com,Internal,Arts - Movement,Tangerang
23/06/2019 11:10:16,Participant 2300,Participant 2300,Wanita,22/09/1978,85000002300,participant2300@email.com,Internal,Arts - Flag,Jakarta (Open Class)
25/06/2019 21:21:12,Participant 2344,Participant 2344,Wanita,3/6/2005,85000002344,participant2344@email.com,Internal,Arts - Percussion,Purwokerto
30/06/2019 10:15:57,Participant 2345,Participant 2345,Wanita,10/9/2008,85000002345,participant2345@email.com,Internal,Arts - Percussion,Solo (Open Class)
23/07/2019 07:06:17,Participant 2146,Participant 2146,Wanita,9/11/1993,85000002146,participant2146@email.com,Internal,Arts - Percussion,Jakarta (Open Class)
6/8/2019 7:57,Participant 2346,Participant 2346,Wanita,13/02/2002,85000002346,participant2346@email.com,Internal,Vocal - Singer,Jakarta (Open Class)
7/8/2019 19:53,Participant 2005,Participant 2005,Pria,28/04/2008,85000002005,participant2005@email.com,Internal,Audio - Engineer,Solo (Open Class)
2/9/2019 20:33,Participant 2347,Participant 2347,Pria,8/3/2000,85000002347,participant2347@email.com,Internal,Music - Drum,Yogyakarta (Open Class)
3/9/2019 18:10,Participant 2348,Participant 2348,Pria,7/2/2006,85000002348,participant2348@email.com,Internal,Music - Keyboard,Yogyakarta (Open Class)
3/9/2019 18:28,participant 2349,participant 2349,Wanita,6/8/2024,85000002349,participant2349@email.com,Internal,Vocal - Singer,Solo  (Open Class)
4/9/2019 13:49,Participant 2350,Participant 2350,Wanita,19/08/2002,85000002350,participant2350@email.com,Internal,Arts - Percussion,Jakarta (Open Class)
4/9/2019 13:50,Participant 178,Participant 178,Wanita,29/05/2001,85000000178,participant178@email.com,Internal,Vocal - Singer,Solo
4/9/2019 13:53,PARTICIPANT 2351,PARTICIPANT 2351,Pria,10/10/1987,85000002351,participant2351@email.com,Internal,Vocal - Body Voice,Jakarta (Open Class)
4/9/2019 13:54,Participant 2300,Participant 2300,Wanita,22/09/1979,85000002300,participant2300@email.com,Internal,Arts - Flag,Jakarta (Open Class)
4/9/2019 14:05,Participant 2352,Participant 2352,Pria,31/01/1999,85000002352,participant2352@email.com,Internal,Vocal - Singer,Jakarta (Open Class)
4/9/2019 14:18,Participant 633,Participant 633,Wanita,2/12/2000,85000000633,participant633@email.com,Internal,Vocal - Singer,Bali
4/9/2019 14:19,Participant 2346,Participant 2346,Wanita,13/02/2002,85000002346,participant2346@email.com,Internal,Vocal - Singer,Jakarta (Open Class)
4/9/2019 16:30,Participant 2353,Participant 2353,Wanita,2/9/1991,85000002353,participant2353@email.com,Internal,Arts - Percussion,Jakarta (Open Class)
4/9/2019 17:08,PARTICIPANT 2354,PARTICIPANT 2354,Pria,10/10/1887,85000002354,participant2354@email.com,Internal,Vocal - Singer,Jakarta (Open Class)
7/9/2019 22:55,Participant 2355,Participant 2355,Wanita,18/12/1997,85000002355,participant2355@email.com,Internal,Arts - Movement,Jakarta (Open Class)
8/9/2019 9:03,Participant 2348,Participant 2348,Pria,7/2/2006,85000002348,participant2348@email.com,Internal,Music - Keyboard,Yogyakarta (Open Class)
8/9/2019 18:10,PARTICIPANT 2356,PARTICIPANT 2356,Pria,2/11/2004,85000002356,participant2356@email.com,Internal,Vocal - Singer,Yogyakarta (Open Class)
8/9/2019 18:13,Participant 2357,Participant 2357,Wanita,15/10/1997,85000002357,participant2357@email.com,Internal,Vocal - Singer,Yogyakarta (Open Class)
8/9/2019 18:14,PARTICIPANT 2356,PARTICIPANT 2356,Pria,2/11/2004,85000002356,participant2356@email.com,Internal,Vocal - Singer,Yogyakarta (Open Class)
8/9/2019 22:57,participant 2358,participant 2358,Pria,26/07/1987,85000002358,participant2358@email.com,Internal,Audio - Engineer,Yogyakarta (Open Class)
9/9/2019 12:00,Participant 672,Participant 672,Wanita,10/10/2003,85000000672,participant672@email.com,Internal,Vocal - Singer,Wonosari
9/9/2019 13:15,Participant 2359,Participant 2359,Wanita,31/08/2000,85000002359,participant2359@email.com,Internal,Vocal - Singer,Yogyakarta (Open Class)
9/9/2019 23:45,Participant 2360,Participant 2360,Wanita,7/10/1991,85000002360,participant2360@email.com,Internal,Visual - Makeup,Yogyakarta (Open Class)
10/9/2019 17:09,Participant 2361,Participant 2361,Pria,18/11/2006,85000002361,participant2361@email.com,Internal,Music - Bass,Yogyakarta (Open Class)
12/9/2019 12:26,Participant 2362,Participant 2362,Pria,12/5/1997,85000002362,participant2362@email.com,Internal,Music - Drum,Yogyakarta (Open Class)
14/09/2019 16:34:28,Participant 3070,Participant 3070,Pria,26/09/1999,85000003070,participant3070@email.com,Internal,Music - Keyboard,Yogyakarta
14/09/2019 16:48:08,Participant 3039,Participant 3039,Wanita,11/2/2002,85000003039,participant3039@email.com,Internal,Arts - Percussion,Yogyakarta
14/09/2019 16:58:24,Participant 3097,Participant 3097,Wanita,23/11/1993,85000003097,participant3097@email.com,Internal,Vocal - Choir,Yogyakarta
14/09/2019 16:58:45,Participant 3060,Participant 3060,Pria,1/1/2001,85000003060,participant3060@email.com,Internal,Music - Drum,Yogyakarta
14/09/2019 18:18:56,Participant 3103,Participant 3103,Wanita,15/06/1993,85000003103,participant3103@email.com,Internal,Vocal - Choir,Yogyakarta
14/09/2019 18:20:48,Participant 3081,Participant 3081,Wanita,20/10/1999,85000003081,participant3081@email.com,Internal,Vocal - Choir,Yogyakarta
14/09/2019 18:23:36,Participant 3093,Participant 3093,Wanita,16/06/1997,85000003093,participant3093@email.com,Internal,Vocal - Choir,Yogyakarta
14/09/2019 18:38:51,Participant 3072,Participant 3072,Wanita,1/6/1996,85000003072,participant3072@email.com,Internal,Music - Keyboard,Yogyakarta
14/09/2019 21:04:00,Participant 3050,Participant 3050,Wanita,13/07/2001,85000003050,participant3050@email.com,Internal,Arts - Percussion,Yogyakarta
15/09/2019 08:25:22,Participant 3051,Participant 3051,Wanita,15/07/2001,85000003051,participant3051@email.com,Internal,Arts - Percussion,Yogyakarta
15/09/2019 13:31:45,Participant 3092,Participant 3092,Wanita,19/03/1999,85000003092,participant3092@email.com,Internal,Vocal - Choir,Yogyakarta
15/09/2019 13:32:10,Participant 2880,Participant 2880,Wanita,19/11/1997,85000002880,participant2880@email.com,Internal,Vocal - Choir,Yogyakarta
15/09/2019 15:54:02,Participant 3078,Participant 3078,Wanita,8/12/1983,85000003078,participant3078@email.com,Internal,Vocal - Body Voice,Yogyakarta
15/09/2019 16:02:27,Participant 3037,Participant 3037,Wanita,9/4/2004,85000003037,participant3037@email.com,Internal,Arts - Percussion,Yogyakarta
15/09/2019 18:33:40,PARTICIPANT 2363,PARTICIPANT 2363,Pria,10/10/1987,85000002363,participant2363@email.com,Internal,Vocal - Singer,Jakarta (Open Class)
15/09/2019 18:45:29,Participant 2364,Participant 2364,Wanita,2/9/1991,85000002364,participant2364@email.com,Internal,Arts - Percussion,Jakarta (Open Class)
15/09/2019 18:53:19,Participant 3089,Participant 3089,Wanita,24/07/2000,85000003089,participant3089@email.com,Internal,Vocal - Choir,Yogyakarta
15/09/2019 21:26:59,Participant 3100,Participant 3100,Wanita,17/07/1997,85000003100,participant3100@email.com,Internal,Vocal - Choir,Yogyakarta
15/09/2019 22:01:48,Participant 589,Participant 589,Pria,23/11/2019,85000000589,participant589@email.com,Internal,Vocal - Singer,Yogyakarta
15/09/2019 22:54:34,Participant 3052,Participant 3052,Wanita,23/09/1999,85000003052,participant3052@email.com,Internal,Arts - Percussion,Yogyakarta
16/09/2019 00:00:03,Participant 3104,Participant 3104,Pria,27/07/2019,85000003104,participant3104@email.com,Internal,Vocal - Choir,Yogyakarta
16/09/2019 10:35:25,Participant 2350,Participant 2350,Wanita,19/08/2002,85000002350,participant2350@email.com,Internal,Arts - Percussion,Jakarta (Open Class)
16/09/2019 10:48:08,Participant 3096,Participant 3096,Wanita,20/10/1999,85000003096,participant3096@email.com,Internal,Vocal - Choir,Yogyakarta
16/09/2019 10:48:17,Participant 3085,Participant 3085,Wanita,8/9/1997,85000003085,participant3085@email.com,Internal,Vocal - Choir,Yogyakarta
16/09/2019 10:53:51,Participant 3076,Participant 3076,Wanita,23/11/1984,85000003076,participant3076@email.com,Internal,Vocal - Body Voice,Yogyakarta
16/09/2019 10:58:14,Participant 3080,Participant 3080,Wanita,21/10/1976,85000003080,participant3080@email.com,Internal,Vocal - Body Voice,Yogyakarta
16/09/2019 10:58:25,Participant 3074,Participant 3074,Wanita,2/9/1992,85000003074,participant3074@email.com,Internal,Vocal - Body Voice,Yogyakarta
16/09/2019 11:15:02,Participant 3061,Participant 3061,Pria,6/1/2001,85000003061,participant3061@email.com,Internal,Music - Drum,Yogyakarta
16/09/2019 11:26:06,Participant 3027,Participant 3027,Wanita,10/3/1990,85000003027,participant3027@email.com,Internal,Arts - Flag,Yogyakarta
16/09/2019 11:39:11,Participant 3067,Participant 3067,Pria,24/02/1990,85000003067,participant3067@email.com,Internal,Music - Guitar,Yogyakarta
16/09/2019 11:42:17,Participant 3079,Participant 3079,Pria,3/5/2019,85000003079,participant3079@email.com,Internal,Vocal - Body Voice,Yogyakarta
16/09/2019 11:43:06,Participant 2708,Participant 2708,Wanita,24/04/1998,85000002708,participant2708@email.com,Internal,Vocal - Singer,Yogyakarta
16/09/2019 12:08:26,PARTICIPANT 3101,PARTICIPANT 3101,Wanita,1/10/2000,85000003101,participant3101@email.com,Internal,Vocal - Choir,Yogyakarta
16/09/2019 12:11:41,Participant 3049,Participant 3049,Wanita,20/01/1992,85000003049,participant3049@email.com,Internal,Arts - Percussion,Yogyakarta
16/09/2019 12:27:01,Participant 3045,Participant 3045,Wanita,26/01/1999,85000003045,participant3045@email.com,Internal,Arts - Percussion,Yogyakarta
16/09/2019 12:29:31,Participant 3084,Participant 3084,Wanita,24/02/2001,85000003084,participant3084@email.com,Internal,Vocal - Choir,Yogyakarta
16/09/2019 12:31:34,Participant 3082,Participant 3082,Wanita,14/03/2000,85000003082,participant3082@email.com,Internal,Vocal - Choir,Yogyakarta
16/09/2019 12:33:33,Participant 3032,Participant 3032,Wanita,3/4/1996,85000003032,participant3032@email.com,Internal,Arts - Percussion,Yogyakarta
16/09/2019 12:42:14,Participant 3054,Participant 3054,Wanita,12/2/2001,85000003054,participant3054@email.com,Internal,Arts - Flag,Yogyakarta
16/09/2019 12:49:55,Participant 3091,Participant 3091,Pria,2/2/1999,85000003091,participant3091@email.com,Internal,Vocal - Choir,Yogyakarta
16/09/2019 15:12:12,Participant 3073,Participant 3073,Pria,16/11/1997,85000003073,participant3073@email.com,Internal,Audio - Engineer,Yogyakarta
16/09/2019 15:34:17,Participant 3068,Participant 3068,Pria,25/08/1996,85000003068,participant3068@email.com,Internal,Music - Guitar,Yogyakarta
16/09/2019 16:12:33,Participant 3088,Participant 3088,Wanita,24/01/1968,85000003088,participant3088@email.com,Internal,Vocal - Choir,Yogyakarta
16/09/2019 16:43:45,PARTICIPANT 3055,PARTICIPANT 3055,Wanita,5/12/1980,85000003055,participant3055@email.com,Internal,Visual - Makeup,Yogyakarta
16/09/2019 16:50:10,Participant 3055,Participant 3055,Wanita,5/12/1980,85000003055,participant3055@email.com,Internal,Visual - Makeup,Yogyakarta
16/09/2019 17:12:09,Participant 183,Participant 183,Wanita,12/8/1977,85000000183,participant183@email.com,Internal,Vocal - Body Voice,Yogyakarta
16/09/2019 17:24:14,Participant 3090,Participant 3090,Pria,23/10/1985,85000003090,participant3090@email.com,Internal,Vocal - Choir,Yogyakarta
16/09/2019 17:55:39,PARTICIPANT 3087,PARTICIPANT 3087,Wanita,2/7/2019,85000003087,participant3087@email.com,Internal,Vocal - Choir,Yogyakarta
16/09/2019 19:30:56,Participant 3083,Participant 3083,Wanita,4/11/2000,85000003083,participant3083@email.com,Internal,Vocal - Choir,Yogyakarta
16/09/2019 19:35:40,Participant 3029,Participant 3029,Wanita,4/2/2001,85000003029,participant3029@email.com,Internal,Arts - Movement,Yogyakarta
16/09/2019 19:39:04,Participant 3029,Participant 3029,Wanita,4/2/2001,85000003029,participant3029@email.com,Internal,Arts - Movement,Yogyakarta
16/09/2019 19:41:41,Participant 3030,Participant 3030,Wanita,4/12/2001,85000003030,participant3030@email.com,Internal,Arts - Percussion,Yogyakarta
16/09/2019 19:51:41,Participant 3056,Participant 3056,Pria,5/3/2019,85000003056,participant3056@email.com,Internal,Music - Bass,Yogyakarta
16/09/2019 19:56:37,Participant 3034,Participant 3034,Wanita,20/06/2001,85000003034,participant3034@email.com,Internal,Arts - Percussion,Yogyakarta
16/09/2019 20:00:05,Participant 3062,Participant 3062,Pria,10/11/2001,85000003062,participant3062@email.com,Internal,Music - Drum,Yogyakarta
16/09/2019 20:12:09,Participant 3065,Participant 3065,Wanita,17/08/2000,85000003065,participant3065@email.com,Internal,Music - Guitar,Yogyakarta
16/09/2019 20:24:16,Participant 3066,Participant 3066,Pria,16/11/2001,85000003066,participant3066@email.com,Internal,Music - Guitar,Yogyakarta
16/09/2019 21:20:16,Participant 3048,Participant 3048,Wanita,21/09/1998,85000003048,participant3048@email.com,Internal,Arts - Percussion,Yogyakarta
16/09/2019 22:15:09,Participant 2765,Participant 2765,Pria,2/5/1998,85000002765,participant2765@email.com,Internal,Music - Guitar,Yogyakarta
16/09/2019 22:21:44,Participant 1341,Participant 1341,Pria,8/1/1999,85000001341,participant1341@email.com,Internal,Vocal - Singer,Yogyakarta (Open Class)
17/09/2019 08:24:33,participant 3057,participant 3057,Pria,28/05/2019,85000003057,participant3057@email.com,Internal,Music - Bass,Yogyakarta
17/09/2019 10:56:25,Participant 3063,Participant 3063,Pria,20/09/1997,85000003063,participant3063@email.com,Internal,Music - Drum,Yogyakarta
17/09/2019 11:19:00,Participant 2572,Participant 2572,Pria,24/03/1997,85000002572,participant2572@email.com,Internal,Music - Keyboard,Yogyakarta
17/09/2019 13:51:04,Participant 2005,Participant 2005,Pria,28/04/2008,85000002005,participant2005@email.com,Internal,Audio - Engineer,Solo (Open Class)
17/09/2019 18:37:05,Participant 3075,Participant 3075,Wanita,27/11/1984,85000003075,participant3075@email.com,Internal,Vocal - Body Voice,Yogyakarta
17/09/2019 18:40:23,Participant 20,Participant 20,Pria,30/04/1997,85000000020,participant20@email.com,Internal,Music - Bass,Yogyakarta
18/09/2019 09:04:35,Participant 3077,Participant 3077,Wanita,1/6/1978,85000003077,participant3077@email.com,Internal,Vocal - Body Voice,Yogyakarta
18/09/2019 09:06:33,Participant 1289,Participant 1289,Pria,10/7/1979,85000001289,participant1289@email.com,Internal,Vocal - Choir,Yogyakarta (Open Class)
18/09/2019 10:55:23,Participant 3064,Participant 3064,Pria,23/12/2001,85000003064,participant3064@email.com,Internal,Music - Guitar,Yogyakarta
18/09/2019 12:02:41,Participant 2805,Participant 2805,Pria,17/02/2001,85000002805,participant2805@email.com,Internal,Music - Drum,Yogyakarta
18/09/2019 12:22:26,Participant 3053,Participant 3053,Wanita,4/12/2000,85000003053,participant3053@email.com,Internal,Arts - Percussion,Yogyakarta
18/09/2019 18:19:26,Participant 3028,Participant 3028,Wanita,9/8/2006,85000003028,participant3028@email.com,Internal,Arts - Movement,Yogyakarta
18/09/2019 19:17:46,Participant 3059,Participant 3059,Pria,8/2/2001,85000003059,participant3059@email.com,Internal,Music - Drum,Yogyakarta
19/09/2019 06:35:21,Participant 1847,Participant 1847,Pria,12/4/2000,85000001847,participant1847@email.com,Internal,Music - Drum,Yogyakarta (Open Class)
19/09/2019 09:44:03,Participant 3046,Participant 3046,Wanita,2/11/1998,85000003046,participant3046@email.com,Internal,Arts - Percussion,Yogyakarta
19/09/2019 20:04:36,Participant 3071,Participant 3071,Pria,21/01/1998,85000003071,participant3071@email.com,Internal,Music - Keyboard,Yogyakarta
19/09/2019 21:47:12,Participant 2699,Participant 2699,Wanita,21/09/1971,85000002699,participant2699@email.com,Internal,Vocal - Body Voice,Yogyakarta
19/09/2019 23:55:25,Participant 3099,Participant 3099,Wanita,13/06/1997,85000003099,participant3099@email.com,Internal,Vocal - Choir,Yogyakarta
20/09/2019 01:40:42,Participant 1847,Participant 1847,Pria,12/4/2003,85000001847,participant1847@email.com,Internal,Music - Drum,Yogyakarta (Open Class)
20/09/2019 15:14:39,Participant 2365,Participant 2365,Wanita,4/12/2003,85000002365,participant2365@email.com,Internal,Music - Bass,Yogyakarta (Open Class)
20/09/2019 20:44:55,Participant 587,Participant 587,Wanita,28/08/2019,85000000587,participant587@email.com,Internal,Music - Bass,Yogyakarta
20/09/2019 23:49:50,Participant 3086,Participant 3086,Wanita,11/3/1998,85000003086,participant3086@email.com,Internal,Vocal - Choir,Yogyakarta
21/09/2019 00:13:37,Participant 3095,Participant 3095,Wanita,5/3/1996,85000003095,participant3095@email.com,Internal,Vocal - Choir,Yogyakarta
21/09/2019 14:27:15,Participant 2366,Participant 2366,Pria,15/11/1980,85000002366,participant2366@email.com,Internal,Music - Bass,Yogyakarta (Open Class)
21/09/2019 18:47:24,Participant 2367,Participant 2367,Wanita,22/02/2011,85000002367,participant2367@email.com,Internal,Arts - Percussion,Yogyakarta (Open Class)
22/09/2019 10:38:56,Participant 2348,Participant 2348,Pria,7/2/2006,85000002348,participant2348@email.com,Internal,Music - Keyboard,Yogyakarta (Open Class)
22/09/2019 12:23:42,Participant 2368,Participant 2368,Wanita,7/5/2006,85000002368,participant2368@email.com,Internal,Vocal - Singer,Jakarta (Open Class)
22/09/2019 14:33:42,Participant 3041,Participant 3041,Wanita,4/3/2001,85000003041,participant3041@email.com,Internal,Arts - Percussion,Yogyakarta
22/09/2019 14:34:04,Participant 3044,Participant 3044,Wanita,2/12/2003,85000003044,participant3044@email.com,Internal,Arts - Percussion,Yogyakarta
22/09/2019 14:35:18,Participant 3033,Participant 3033,Wanita,29/10/2019,85000003033,participant3033@email.com,Internal,Arts - Percussion,Yogyakarta
22/09/2019 14:50:29,Participant 2544,Participant 2544,Pria,19/05/1996,85000002544,participant2544@email.com,Internal,Music - Bass,Yogyakarta
22/09/2019 14:54:09,Participant 3038,Participant 3038,Wanita,21/04/2004,85000003038,participant3038@email.com,Internal,Arts - Percussion,Yogyakarta
22/09/2019 15:36:20,Participant 3042,Participant 3042,Wanita,29/11/2019,85000003042,participant3042@email.com,Internal,Arts - Percussion,Yogyakarta
22/09/2019 15:46:03,Participant 2369,Participant 2369,Wanita,5/8/1996,85000002369,participant2369@email.com,Internal,Vocal - Body Voice,Solo (Open Class)
22/09/2019 15:47:17,Participant 2340,Participant 2340,Pria,29/04/1994,85000002340,participant2340@email.com,Internal,Vocal - Choir,Solo (Open Class)
22/09/2019 16:29:47,Participant 3035,Participant 3035,Wanita,10/3/1998,85000003035,participant3035@email.com,Internal,Arts - Percussion,Yogyakarta
22/09/2019 17:49:23,Participant 2370,Participant 2370,Pria,6/11/2000,85000002370,participant2370@email.com,Internal,Vocal - Singer,Yogyakarta (Open Class)
22/09/2019 17:59:36,Participant 3098,Participant 3098,Wanita,23/11/1997,85000003098,participant3098@email.com,Internal,Vocal - Choir,Yogyakarta
22/09/2019 18:47:11,Participant 2371,Participant 2371,Pria,22/03/1998,85000002371,participant2371@email.com,Internal,Vocal - Choir,Yogyakarta (Open Class)
22/09/2019 20:13:23,Participant 2372,Participant 2372,Pria,21/12/2000,85000002372,participant2372@email.com,Internal,Music - Keyboard,Yogyakarta (Open Class)
22/09/2019 22:20:47,Participant 2373,Participant 2373,Pria,18/12/1995,85000002373,participant2373@email.com,Internal,Music - Drum,Yogyakarta (Open Class)
22/09/2019 22:28:34,Participant 3069,Participant 3069,Pria,15/01/2005,85000003069,participant3069@email.com,Internal,Music - Keyboard,Yogyakarta
23/09/2019 00:09:16,Participant 3031,Participant 3031,Wanita,7/9/2019,85000003031,participant3031@email.com,Internal,Arts - Percussion,Yogyakarta
23/09/2019 04:56:49,Participant 2374,Participant 2374,Pria,13/08/2004,85000002374,participant2374@email.com,Internal,Music - Drum,Yogyakarta (Open Class)
23/09/2019 09:41:58,Participant 1830,Participant 1830,Pria,8/7/2001,85000001830,participant1830@email.com,Internal,Music - Drum,Yogyakarta (Open Class)
23/09/2019 10:06:52,Participant 3058,Participant 3058,Pria,12/7/2019,85000003058,participant3058@email.com,Internal,Music - Saxophone,Yogyakarta
23/09/2019 11:59:59,Participant 2164,Participant 2164,Wanita,25/03/2024,85000002164,participant2164@email.com,Internal,Vocal - Singer,Jakarta (Open Class)
23/09/2019 12:01:57,Participant 2164,Participant 2164,Wanita,25/03/1991,85000002164,participant2164@email.com,Internal,Vocal - Singer,Jakarta (Open Class)
23/09/2019 13:38:55,Participant 2373,Participant 2373,Pria,18/12/1995,85000002373,participant2373@email.com,Internal,Music - Drum,Yogyakarta (Open Class)
23/09/2019 13:42:43,Participant 3043,Participant 3043,Wanita,19/04/1995,85000003043,participant3043@email.com,Internal,Arts - Percussion,Yogyakarta
23/09/2019 13:45:54,Participant 2373,Participant 2373,Pria,18/12/1995,85000002373,participant2373@email.com,Internal,Music - Drum,Yogyakarta (Open Class)
23/09/2019 13:54:52,Participant 2375,Participant 2375,Wanita,5/8/2001,85000002375,participant2375@email.com,Internal,Vocal - Singer,Solo (Open Class)
23/09/2019 15:45:57,Participant 2376,Participant 2376,Pria,8/3/2000,85000002376,participant2376@email.com,Internal,Music - Drum,Yogyakarta (Open Class)
23/09/2019 16:35:52,Participant 3102,Participant 3102,Wanita,25/10/1991,85000003102,participant3102@email.com,Internal,Vocal - Choir,Yogyakarta
23/09/2019 17:18:45,Participant 3036,Participant 3036,Wanita,13/01/2019,85000003036,participant3036@email.com,Internal,Arts - Percussion,Yogyakarta
23/09/2019 18:30:53,Participant 2357,Participant 2357,Wanita,15/10/1997,85000002357,participant2357@email.com,Internal,Vocal - Singer,Yogyakarta (Open Class)
23/09/2019 18:43:01,Participant 1084,Participant 1084,Wanita,26/03/1989,85000001084,participant1084@email.com,Internal,Vocal - Singer,Solo (Open Class)
23/09/2019 18:46:50,Participant 1084,Participant 1084,Wanita,26/03/1989,85000001084,participant1084@email.com,Internal,Vocal - Singer,Solo (Open Class)
23/09/2019 19:04:08,Participant 2357,Participant 2357,Wanita,15/10/1997,85000002357,participant2357@email.com,Internal,Vocal - Singer,Yogyakarta (Open Class)
23/09/2019 19:14:31,participant 2189,participant 2189,Wanita,30/10/2006,85000002189,participant2189@email.com,Internal,Arts - Percussion,Solo (Open Class)
24/09/2019 10:44:56,Participant 2377,Participant 2377,Wanita,17/08/2009,85000002377,participant2377@email.com,Internal,Arts - Movement,Jakarta (Open Class)
24/09/2019 11:20:52,Participant 3040,Participant 3040,Wanita,13/09/2000,85000003040,participant3040@email.com,Internal,Arts - Percussion,Yogyakarta
24/09/2019 11:40:28,Participant 3094,Participant 3094,Wanita,10/1/1995,85000003094,participant3094@email.com,Internal,Vocal - Choir,Yogyakarta
24/09/2019 11:50:59,PARTICIPANT 2379,PARTICIPANT 2379,Wanita,19/12/2009,85000002379,participant2379@email.com,Internal,Arts - Movement,Solo (Open Class)
24/09/2019 12:40:49,Participant 2378,Participant 2378,Wanita,21/10/2002,85000002378,participant2378@email.com,Internal,Arts - Percussion,Jakarta (Open Class)
24/09/2019 12:44:31,Participant 2380,Participant 2380,Wanita,7/9/2002,85000002380,participant2380@email.com,Internal,Vocal - Singer,Yogyakarta (Open Class)
24/09/2019 13:27:26,Participant 2381,Participant 2381,Pria,22/06/2008,85000002381,participant2381@email.com,Internal,Arts - Movement,Solo (Open Class)
24/09/2019 14:14:28,Participant 3047,Participant 3047,Wanita,24/04/1995,85000003047,participant3047@email.com,Internal,Arts - Percussion,Yogyakarta
24/09/2019 14:17:44,Participant 2299,Participant 2299,Pria,16/08/2010,85000002299,participant2299@email.com,Internal,Vocal - Singer,Solo (Open Class)
24/09/2019 14:26:48,Participant 2376,Participant 2376,Pria,8/3/2000,85000002376,participant2376@email.com,Internal,Music - Drum,Yogyakarta (Open Class)
24/09/2019 14:29:14,Participant 2376,Participant 2376,Pria,8/3/2000,85000002376,participant2376@email.com,Internal,Music - Drum,Yogyakarta (Open Class)
24/09/2019 14:38:36,Participant 2376,Participant 2376,Pria,8/3/2000,85000002376,participant2376@email.com,Internal,Music - Drum,Yogyakarta (Open Class)
24/09/2019 15:16:10,Participant 2196,Participant 2196,Wanita,3/6/2010,85000002196,participant2196@email.com,Internal,Arts - Movement,Solo (Open Class)
24/09/2019 16:36:18,Participant 2382,Participant 2382,Wanita,7/1/1999,85000002382,participant2382@email.com,Internal,Visual - Makeup,Jakarta (Open Class)
24/09/2019 16:38:24,Participant 2382,Participant 2382,Wanita,7/1/1999,85000002382,participant2382@email.com,Internal,Visual - Makeup,Jakarta (Open Class)
24/09/2019 16:50:32,Participant 2383,Participant 2383,Pria,4/2/2006,85000002383,participant2383@email.com,Internal,Music - Drum,Yogyakarta (Open Class)
24/09/2019 16:59:26,Participant 2362,Participant 2362,Pria,12/5/1997,85000002362,participant2362@email.com,Internal,Music - Drum,Yogyakarta (Open Class)
24/09/2019 18:20:52,Participant 2384,Participant 2384,Wanita,9/3/2007,85000002384,participant2384@email.com,Internal,Arts - Movement,Jakarta (Open Class)
24/09/2019 19:31:33,Participant 2385,Participant 2385,Pria,28/06/2005,85000002385,participant2385@email.com,Internal,Music - Guitar,Yogyakarta (Open Class)
24/09/2019 21:48:58,Participant 2386,Participant 2386,Pria,7/1/1967,85000002386,participant2386@email.com,Internal,Music - Drum,Jakarta (Open Class)
25/09/2019 11:27:32,Participant 2642,Participant 2642,Wanita,5/5/1998,85000002642,participant2642@email.com,Internal,Vocal - Body Voice,Yogyakarta
25/09/2019 13:02:56,Participant 2387,Participant 2387,Wanita,12/9/2000,85000002387,participant2387@email.com,Internal,Vocal - Singer,Yogyakarta (Open Class)
25/09/2019 17:51:32,participant 2388,participant 2388,Wanita,9/9/2006,85000002388,participant2388@email.com,Internal,Vocal - Singer,Solo (Open Class)
25/09/2019 18:33:59,Participant 2340,Participant 2340,Pria,29/04/1994,85000002340,participant2340@email.com,Internal,Vocal - Choir,Solo (Open Class)
25/09/2019 18:36:18,Participant 2369,Participant 2369,Wanita,5/8/1996,85000002369,participant2369@email.com,Internal,Vocal - Body Voice,Solo (Open Class)
25/09/2019 20:00:52,Participant 2319,Participant 2319,Pria,4/12/2008,85000002319,participant2319@email.com,Internal,Vocal - Choir,Solo (Open Class)
25/09/2019 20:02:38,Participant 2389,Participant 2389,Pria,23/02/1990,85000002389,participant2389@email.com,Internal,Music - Guitar,Solo (Open Class)
25/09/2019 20:35:17,Participant 2390,Participant 2390,Pria,6/2/1982,85000002390,participant2390@email.com,Internal,Vocal - Singer,Solo (Open Class)
25/09/2019 20:40:46,Participant 2389,Participant 2389,Pria,23/02/1990,85000002389,participant2389@email.com,Internal,Music - Guitar,Solo (Open Class)
25/09/2019 23:40:08,Participant 3105,Participant 3105,Wanita,3/11/1999,85000003105,participant3105@email.com,Internal,Music - Keyboard,Yogyakarta
26/09/2019 00:29:02,Participant 2391,Participant 2391,Wanita,19/08/2005,85000002391,participant2391@email.com,Internal,Arts - Percussion,Yogyakarta (Open Class)
26/09/2019 12:24:52,PARTICIPANT 3106,PARTICIPANT 3106,Wanita,10/5/2001,85000003106,participant3106@email.com,Internal,Vocal - Body Voice,Yogyakarta
26/09/2019 13:53:28,Participant 2929,Participant 2929,Pria,23/11/1998,85000002929,participant2929@email.com,Internal,Vocal - Choir,Yogyakarta
26/09/2019 14:14:31,Participant 2190,Participant 2190,Wanita,12/5/2009,85000002190,participant2190@email.com,Internal,Arts - Percussion,Solo  (Open Class)
26/09/2019 14:24:58,Participant 2209,Participant 2209,Wanita,28/08/2006,85000002209,participant2209@email.com,Internal,Vocal - Singer,Solo (Open Class)
26/09/2019 15:03:10,Participant 2392,Participant 2392,Wanita,16/03/2012,85000002392,participant2392@email.com,Internal,Arts - Percussion,Solo (Open Class)
26/09/2019 15:08:07,Participant 2393,Participant 2393,Wanita,21/12/2005,85000002393,participant2393@email.com,Internal,Vocal - Singer,Solo (Open Class)
26/09/2019 17:21:37,Participant 2345,Participant 2345,Wanita,10/9/2008,85000002345,participant2345@email.com,Internal,Arts - Percussion,Solo (Open Class)
26/09/2019 17:58:07,Participant 3107,Participant 3107,Wanita,20/02/1968,85000003107,participant3107@email.com,Internal,Vocal - Choir,Yogyakarta
26/09/2019 20:03:46,Participant 2231,Participant 2231,Pria,18/07/2008,85000002231,participant2231@email.com,Internal,Music - Drum,Purwokerto
26/09/2019 22:09:23,Participant 3108,Participant 3108,Wanita,3/5/1991,85000003108,participant3108@email.com,Internal,Visual - Makeup,Yogyakarta
26/09/2019 22:36:01,Participant 2394,Participant 2394,Wanita,3/20/0099,85000002394,participant2394@email.com,Internal,Arts - Percussion,Yogyakarta (Open Class)
27/09/2019 00:45:57,Participant 3003,Participant 3003,Pria,19/07/1998,85000003003,participant3003@email.com,Internal,Music - Keyboard,Yogyakarta
27/09/2019 09:11:17,Participant 171,Participant 171,Pria,29/10/1987,85000000171,participant171@email.com,Internal,Music - Guitar,Madiun
27/09/2019 21:19:56,Participant 3109,Participant 3109,Pria,30/12/1981,85000003109,participant3109@email.com,Internal,Vocal - Body Voice,Yogyakarta
27/09/2019 22:17:45,Participant 2395,Participant 2395,Wanita,5/9/2004,85000002395,participant2395@email.com,Internal,Vocal - Singer,Jakarta (Open Class)
28/09/2019 16:48:04,Participant 3110,Participant 3110,Pria,22/07/2004,85000003110,participant3110@email.com,Internal,Music - Saxophone,Yogyakarta
28/09/2019 16:55:27,Participant 2396,Participant 2396,Pria,11/4/1995,85000002396,participant2396@email.com,Internal,Music - Guitar,Solo (Open Class)
28/09/2019 17:06:32,Participant 3111,Participant 3111,Pria,22/07/2004,85000003111,participant3111@email.com,Internal,Music - Saxophone,Yogyakarta
28/09/2019 17:36:53,Participant 2397,Participant 2397,Pria,23/04/1975,85000002397,participant2397@email.com,Internal,Vocal - Singer,Solo (Open Class)
29/09/2019 07:39:06,Participant 2398,Participant 2398,Pria,16/09/2010,85000002398,participant2398@email.com,Internal,Music - Drum,Solo (Open Class)
29/09/2019 07:45:25,Participant 2398,Participant 2398,Pria,16/09/2010,85000002398,participant2398@email.com,Internal,Music - Drum,Solo (Open Class)
29/09/2019 10:03:25,Participant 3112,Participant 3112,Wanita,17/02/1994,85000003112,participant3112@email.com,Internal,Visual - Makeup,Yogyakarta
29/09/2019 10:05:01,Participant 2399,Participant 2399,Pria,5/2/2007,85000002399,participant2399@email.com,Internal,Music - Drum,Solo (Open Class)
29/09/2019 11:07:21,Participant 3113,Participant 3113,Pria,22/02/2019,85000003113,participant3113@email.com,Internal,Music - Bass,Yogyakarta
29/09/2019 11:18:03,Participant 3114,Participant 3114,Pria,4/11/1987,85000003114,participant3114@email.com,Internal,Vocal - Choir,Yogyakarta
29/09/2019 11:35:32,Participant 3113,Participant 3113,Pria,22/02/2019,85000003113,participant3113@email.com,Internal,Music - Bass,Yogyakarta
29/09/2019 11:35:58,Participant 3113,Participant 3113,Pria,22/02/2019,85000003113,participant3113@email.com,Internal,Music - Bass,Yogyakarta
29/09/2019 11:47:29,Participant 3115,Participant 3115,Wanita,23/10/1988,85000003115,participant3115@email.com,Internal,Vocal - Choir,Yogyakarta
29/09/2019 11:53:24,Participant 2400,Participant 2400,Wanita,12/11/2010,85000002400,participant2400@email.com,Internal,Arts - Movement,Solo (Open Class)
29/09/2019 13:11:10,Participant 2401,Participant 2401,Wanita,26/05/1979,85000002401,participant2401@email.com,Internal,Vocal - Body Voice,Solo (Open Class)
29/09/2019 14:33:38,Participant 2402,Participant 2402,Pria,20/05/2006,85000002402,participant2402@email.com,Internal,Music - Drum,Solo  (Open Class)
29/09/2019 15:07:52,Participant 3116,Participant 3116,Wanita,30/08/1998,85000003116,participant3116@email.com,Internal,Vocal - Choir,Yogyakarta
29/09/2019 17:01:48,participant 2403,participant 2403,Wanita,19/12/2010,85000002403,participant2403@email.com,Internal,Arts - Movement,Solo (Open Class)
29/09/2019 18:10:55,Participant 3117,Participant 3117,Pria,22/11/2001,85000003117,participant3117@email.com,Internal,Music - Drum,Yogyakarta
29/09/2019 18:24:47,Participant 3118,Participant 3118,Wanita,21/03/2001,85000003118,participant3118@email.com,Internal,Arts - Percussion,Yogyakarta
29/09/2019 19:30:41,Participant 2404,Participant 2404,Wanita,9/7/1976,85000002404,participant2404@email.com,Internal,Vocal - Body Voice,Solo (Open Class)
29/09/2019 20:13:50,Participant 2405,Participant 2405,Pria,16/10/1992,85000002405,participant2405@email.com,Internal,Music - Drum,Solo (Open Class)
29/09/2019 20:16:58,Participant 2406,Participant 2406,Wanita,10/1/2007,85000002406,participant2406@email.com,Internal,Arts - Percussion,Solo (Open Class)
29/09/2019 20:38:40,Participant 2407,Participant 2407,Wanita,2/2/2005,85000002407,participant2407@email.com,Internal,Vocal - Singer,Yogyakarta (Open Class)
29/09/2019 21:14:40,Participant 3119,Participant 3119,Wanita,5/7/1993,85000003119,participant3119@email.com,Internal,Vocal - Choir,Yogyakarta
29/09/2019 22:38:34,Participant 3120,Participant 3120,Pria,2/9/2001,85000003120,participant3120@email.com,Internal,Music - Keyboard,Yogyakarta
29/09/2019 22:41:50,Participant 3121,Participant 3121,Wanita,24/08/1997,85000003121,participant3121@email.com,Internal,Vocal - Choir,Yogyakarta
29/09/2019 23:50:08,Participant 3122,Participant 3122,Wanita,13/07/2000,85000003122,participant3122@email.com,Internal,Vocal - Choir,Yogyakarta
30/09/2019 02:13:52,Participant 3123,Participant 3123,Pria,28/10/1995,85000003123,participant3123@email.com,Internal,Music - Keyboard,Yogyakarta
30/09/2019 07:09:19,Participant 3124,Participant 3124,Wanita,15/05/2000,85000003124,participant3124@email.com,Internal,Visual - Makeup,Yogyakarta
30/09/2019 11:34:33,Participant 3125,Participant 3125,Wanita,13/11/1999,85000003125,participant3125@email.com,Internal,Arts - Percussion,Yogyakarta
30/09/2019 11:40:29,Participant 2408,Participant 2408,Wanita,30/01/2009,85000002408,participant2408@email.com,Internal,Arts - Movement,Solo (Open Class)
30/09/2019 13:30:01,Participant 2409,Participant 2409,Wanita,13/12/1978,85000002409,participant2409@email.com,Internal,Vocal - Body Voice,Solo (Open Class)
30/09/2019 15:32:33,Participant 171,Participant 171,Pria,29/10/1987,85000000171,participant171@email.com,Internal,Music - Guitar,Madiun
30/09/2019 17:21:23,Participant 2410,Participant 2410,Wanita,22/01/2011,85000002410,participant2410@email.com,Internal,Arts - Movement,Solo (Open Class)
30/09/2019 18:09:01,Participant 1564,Participant 1564,Wanita,15/07/1972,85000001564,participant1564@email.com,Internal,Visual - Makeup,Solo (Open Class)
30/09/2019 19:02:34,Participant 2411,Participant 2411,Wanita,26/11/2006,85000002411,participant2411@email.com,Internal,Arts - Percussion,Solo (Open Class)
30/09/2019 22:31:24,Participant 2412,Participant 2412,Wanita,16/02/1999,85000002412,participant2412@email.com,Internal,Arts - Percussion,Solo (Open Class)
1/10/2019 14:48,PARTICIPANT 2413,PARTICIPANT 2413,Pria,20/01/1999,85000002413,participant2413@email.com,Internal,Vocal - Singer,Yogyakarta (Open Class)
6/10/2019 5:58,Participant 1688,Participant 1688,Wanita,16/06/1996,85000001688,participant1688@email.com,Internal,Vocal - Singer,Malang
20/10/2019 13:55:25,Participant 2414,Participant 2414,Wanita,17/11/1975,85000002414,participant2414@email.com,Internal,Vocal - Body Voice,Jakarta (Open Class)
3/11/2019 21:43,Participant 1802,Participant 1802,Wanita,21/05/2005,85000001802,participant1802@email.com,Internal,Arts - Percussion,Jakarta (Open Class)
13/11/2019 10:04:38,Participant 2415,Participant 2415,Wanita,11/3/1992,85000002415,participant2415@email.com,Internal,Arts - Percussion,Jakarta (Open Class)
18/11/2019 09:25:20,Participant 2416,Participant 2416,Wanita,21/06/2002,85000002416,participant2416@email.com,Internal,Vocal - Singer,Yogyakarta (Open Class)
4/12/2019 11:53,Participant 2417,Participant 2417,Wanita,5/6/1996,85000002417,participant2417@email.com,Internal,Vocal - Singer,Jakarta (Open Class)
29/02/2019 17:15:06,Participant 2131,Participant 2131,Wanita,11/8/2001,85000002131,participant2131@email.com,Internal,Arts - Percussion,Yogyakarta (Open Class)
