FULL NAME,NICKNAME,GENDER,DATE OF BIRTH,PHONE NUMBER,PROGRAM SELECTED,BRANCH,CHECKLIST A,CHECKLIST B,CHECKLIST C,CHECKLIST D,CHECKLIST E,YEAR,ADMISSION STATUS,,,
PARTICIPANT 103,PARTICIPANT 103,Wanita,07/12/2001,85000000103,Arts - Percussion,Solo,Completed,Completed,Completed,Not Completed,Not Completed,2019,Yes,,,
Participant 1084,Participant 1084,Wanita,26/03/1989,85000001084,Vocal - Singer,Solo (Open Class),Completed,Completed,Completed,Completed,Not Completed,2019,No,,,
participant 1147,participant 1147,Wanita,02/08/2004,85000001147,Arts - Percussion,Solo (Open Class),Completed,Completed,Not Completed,Completed,Not Completed,2019,No,,,
Participant 1187,Participant 1187,Wanita,29/07/1987,85000001187,Vocal - Singer,Solo (Open Class),Not Completed,Not Completed,Completed,Completed,Not Completed,2019,No,,,
participant 1232,participant 1232,Wanita,19/01/2006,85000001232,Arts - Percussion,Solo (Open Class),Completed,Completed,Not Completed,Completed,No,2019,No,,,
Participant 1239,Participant 1239,Wanita,30/05/2005,85000001239,Arts - Percussion,Solo (Open Class),Completed,Completed,Completed,Completed,Completed,2019,Yes,,,
Participant 1272,Participant 1272,Wanita,01/11/2006,85000001272,Arts - Movement,Solo (Open Class),Not Completed,Not Completed,Not Completed,Completed,Completed,2019,Yes,,,
Participant 1289,Participant 1289,Pria,10/07/1979,85000001289,Vocal - Choir,Yogyakarta (Open Class),Completed,Completed,Completed,Completed,Not Completed,2019,Yes,,,
Participant 1307,Participant 1307,Wanita,05/12/2003,85000001307,Music - Guitar,Yogyakarta (Open Class),Completed,Completed,Completed,Completed,Completed,2019,No,,,
PARTICIPANT 131,PARTICIPANT 131,Pria,20/06/1997,85000000131,Vocal - Singer,Yogyakarta,Completed,Completed,Completed,Completed,Completed,2019,No,,,
Participant 1322,Participant 1322,Pria,16/03/1977,85000001322,Music - Bass,Yogyakarta (Open Class),Completed,Completed,Completed,Completed,Completed,2019,No,,,
Participant 1332,Participant 1332,Wanita,31/05/2002,85000001332,Vocal - Singer,Jakarta (Open Class),Not Completed,Completed,Completed,Completed,Completed,2019,No,,,
Participant 1341,Participant 1341,Pria,08/01/1999,85000001341,Vocal - Singer,Yogyakarta (Open Class),Completed,Not Completed,Completed,Completed,Completed,2019,Yes,,,
Participant 1346,Participant 1346,Wanita,22/10/1994,85000001346,Visual - Makeup,Yogyakarta (Open Class),Not Completed,Completed,Completed,Not Completed,Completed,2019,Yes,,,
Participant 1348,Participant 1348,Pria,01/09/2000,85000001348,Vocal - Singer,Yogyakarta (Open Class),Completed,Completed,Completed,Completed,Completed,2019,Yes,,,
PARTICIPANT 1351,PARTICIPANT 1351,Wanita,21/05/1998,85000001351,Vocal - Singer,Yogyakarta (Open Class),Completed,Completed,Not Completed,Completed,Completed,2019,No,,,
Participant 1423,Participant 1423,Pria,19/04/2003,85000001423,Music - Keyboard,Solo (Open Class),Completed,Completed,Completed,Completed,Completed,2019,No,,,
Participant 1425,Participant 1425,Wanita,29/11/1989,85000001425,Arts - Percussion,Solo  (Open Class),Not Completed,Completed,Completed,Completed,Not Completed,2019,No,,,
Participant 1434,Participant 1434,Wanita,10/07/1999,85000001434,Arts - Percussion,Nias,Completed,Completed,Completed,Completed,Completed,2019,No,,,
Participant 1446,Participant 1446,Wanita,06/09/1995,85000001446,Arts - Percussion,Nias,Completed,Completed,Not Completed,Completed,Completed,2019,Yes,,,
Participant 1447,Participant 1447,Pria,03/05/2006,85000001447,Music - Drum,Solo (Open Class),Completed,Completed,Completed,Completed,Not Completed,2019,Yes,,,
Participant 1519,Participant 1519,Pria,27/04/1969,85000001519,Music - Keyboard,Solo (Open Class),Completed,Completed,Completed,Completed,Not Completed,2019,Yes,,,
Participant 1527,Participant 1527,Wanita,24/01/1987,85000001527,Arts - Percussion,Nias,Completed,Completed,Completed,Completed,Not Completed,2019,No,,,
Participant 1532,Participant 1532,Wanita,17/02/1981,85000001532,Vocal - Singer,Jakarta (Open Class),Completed,Completed,Completed,Completed,Completed,2019,No,,,
Participant 1560,Participant 1560,Wanita,25/02/1998,85000001560,Arts - Percussion,Yogyakarta (Open Class),Completed,Completed,Completed,Completed,Not Completed,2019,No,,,
Participant 1564,Participant 1564,Wanita,15/07/1972,85000001564,Visual - Makeup,Solo (Open Class),Completed,Completed,Completed,Completed,Completed,2019,No,,,
Participant 1566,Participant 1566,Wanita,16/01/1998,85000001566,Vocal - Singer,Nias,Completed,Completed,Not Completed,Completed,Completed,2019,Yes,,,
Participant 1567,Participant 1567,Wanita,22/04/1999,85000001567,Arts - Movement,Yogyakarta (Open Class),Completed,Completed,Completed,Not Completed,Completed,2019,Yes,,,
Participant 1587,Participant 1587,Wanita,04/05/2000,85000001587,Visual - Makeup,Surabaya,Completed,Not Completed,Completed,Completed,Completed,2019,Yes,,,
Participant 1664,Participant 1664,Wanita,09/12/1978,85000001664,Vocal - Lead,Madiun,Completed,Completed,Completed,Completed,Not Completed,2019,No,,,
Participant 171,Participant 171,Pria,29/10/1987,85000000171,Music - Guitar,Madiun,Not Completed,Completed,Not Completed,Not Completed,Not Completed,2019,No,,,
Participant 1717,Participant 1717,Wanita,12/03/1990,85000001717,Vocal - Singer,Jakarta (Open Class),Completed,Completed,Completed,Completed,Completed,2019,No,,,
Participant 1728,Participant 1728,Pria,25/07/1985,85000001728,Vocal - Singer,Jakarta (Open Class),Not Completed,Completed,Completed,Not Completed,Completed,2019,No,,,
PARTICIPANT 1730,PARTICIPANT 1730,Pria,22/12/2002,85000001730,Vocal - Singer,Solo (Open Class),Completed,Completed,Not Completed,Completed,Completed,2019,Yes,,,
Participant 1731,Participant 1731,Pria,26/02/2002,85000001731,Music - Keyboard,Yogyakarta (Open Class),Completed,Completed,Completed,Completed,Completed,2019,Yes,,,
Participant 1747,Participant 1747,Pria,06/02/1997,85000001747,Music - Bass,Tangerang,Completed,Completed,Completed,Not Completed,Completed,2019,Yes,,,
Participant 1751,Participant 1751,Wanita,04/05/2005,85000001751,Arts - Movement,Tangerang,Completed,Not Completed,Completed,Completed,Not Completed,2019,No,,,
Participant 1769,Participant 1769,Wanita,15/02/1987,85000001769,Vocal - Singer,Jakarta (Open Class),Completed,Completed,Completed,Completed,Completed,2019,No,,,
Participant 178,Participant 178,Wanita,29/05/2001,85000000178,Vocal - Singer,Solo,Completed,Completed,Completed,Not Completed,Not Completed,2019,No,,,
Participant 1783,Participant 1783,Wanita,16/05/2000,85000001783,Vocal - Singer,Solo (Open Class),Completed,Completed,Completed,Completed,Completed,2019,No,,,
Participant 1790,Participant 1790,Pria,02/12/2002,85000001790,Music - Keyboard,Solo  (Open Class),Completed,Completed,Completed,Completed,Not Completed,2019,Yes,,,
Participant 1793,Participant 1793,Wanita,23/03/1986,85000001793,Vocal - Singer,Solo (Open Class),Completed,Not Completed,Completed,Completed,Completed,2019,Yes,,,
Participant 1796,Participant 1796,Wanita,10/11/1974,85000001796,Vocal - Lead,Solo (Open Class),Completed,Completed,Completed,Not Completed,Completed,2019,Yes,,,
PARTICIPANT 1798,PARTICIPANT 1798,Pria,30/07/1991,85000001798,Vocal - Singer,Jakarta (Open Class),Not Completed,Completed,Completed,Completed,Completed,2019,No,,,
Participant 1800,Participant 1800,Wanita,11/10/1998,85000001800,Vocal - Singer,Jakarta (Open Class),No,Not Completed,Completed,Completed,Completed,2019,No,,,
Participant 1804,Participant 1804,Pria,12/09/1990,85000001804,Vocal - Singer,Jakarta (Open Class),No,Completed,Not Completed,Completed,Not Completed,2019,No,,,
Participant 1805,Participant 1805,Wanita,17/07/2000,85000001805,Arts - Percussion,Jakarta (Open Class),Yes,Completed,Completed,Completed,Not Completed,2019,No,,,
Participant 1807,Participant 1807,Wanita,22/06/2005,85000001807,Vocal - Singer,Yogyakarta (Open Class),Yes,Completed,Completed,Completed,Completed,2019,Yes,,,
Participant 1811,Participant 1811,Pria,11/02/2005,85000001811,Music - Drum,Malang,Not Completed,Completed,Completed,Completed,Not Completed,2019,Yes,,,
Participant 1814,Participant 1814,Wanita,13/03/1992,85000001814,Vocal - Singer,Yogyakarta (Open Class),Not Completed,Not Completed,Completed,Completed,Completed,2019,Yes,,,
Participant 1817,Participant 1817,Wanita,21/12/2004,85000001817,Arts - Percussion,Samarinda,Completed,Not Completed,Completed,No,Completed,2019,No,,,
Participant 1826,Participant 1826,Pria,28/02/2003,85000001826,Music - Guitar,Malang,Completed,Completed,Completed,Completed,Completed,2019,No,,,
Participant 183,Participant 183,Wanita,12/08/1977,85000000183,Vocal - Lead,Yogyakarta,Completed,Completed,Completed,Completed,Completed,2019,No,,,
Participant 1830,Participant 1830,Pria,08/07/2001,85000001830,Music - Drum,Yogyakarta (Open Class),Completed,Not Completed,Completed,Not Completed,Completed,2019,No,,,
Participant 1847,Participant 1847,Pria,12/04/2000,85000001847,Music - Drum,Yogyakarta (Open Class),Completed,Completed,Completed,Completed,Completed,2019,Yes,,,
Participant 1849,Participant 1849,Wanita,17/09/1982,85000001849,Vocal - Lead,Yogyakarta (Open Class),Completed,Completed,Completed,Completed,Completed,2019,Yes,,,
Participant 1933,Participant 1933,Wanita,17/02/1977,85000001933,Vocal - Singer,Madiun,Completed,Completed,Not Completed,Not Completed,Completed,2019,Yes,,,
Participant 1966,Participant 1966,Pria,22/05/2003,85000001966,Music - Drum,Yogyakarta (Open Class),Not Completed,Completed,Completed,Not Completed,Not Completed,2019,No,,,
Participant 1970,Participant 1970,Pria,08/01/1994,85000001970,Music - Drum,Jakarta (Open Class),Completed,Completed,Completed,Completed,Completed,2019,No,,,
Participant 1975,Participant 1975,Pria,05/03/1977,85000001975,Vocal - Singer,Jakarta (Open Class),Completed,Completed,Completed,Completed,Not Completed,2019,No,,,
Participant 1992,Participant 1992,Pria,22/04/2002,85000001992,Vocal - Singer,Yogyakarta (Open Class),Completed,Completed,Completed,Completed,Completed,2019,No,,,
Participant 20,Participant 20,Pria,30/04/1997,85000000020,Music - Bass,Yogyakarta,Not Completed,Completed,Completed,Completed,Completed,2019,Yes,,,
Participant 2164,Participant 2164,Wanita,25/03/1991,85000002164,Vocal - Singer,Jakarta (Open Class),Completed,Completed,Completed,Completed,Not Completed,2019,Yes,,,
Participant 2222,Participant 2222,Pria,11/02/1983,85000002222,Vocal - Lead,Yogyakarta (Open Class),Not Completed,Completed,Completed,Completed,Completed,2019,Yes,,,
Participant 228,Participant 228,Pria,22/10/1991,85000000228,Vocal - Singer,Tangerang,Yes,Not Completed,Completed,Completed,Completed,2019,No,,,
Participant 2300,Participant 2300,Wanita,22/09/1978,85000002300,Arts - Flag,Jakarta (Open Class),Completed,Completed,Completed,Completed,Completed,2019,No,,,
participant 2358,participant 2358,Pria,26/07/1987,85000002358,Audio - Engineer,Yogyakarta (Open Class),Not Completed,Not Completed,Completed,Completed,Completed,2019,No,,,
Participant 2394,Participant 2394,Wanita,20/03/1999,85000002394,Arts - Percussion,Yogyakarta (Open Class),Yes,Not Completed,Not Completed,Completed,Not Completed,2019,No,,,
Participant 2544,Participant 2544,Pria,19/05/1996,85000002544,Music - Bass,Yogyakarta,No,Completed,Completed,No,Not Completed,2019,Yes,,,
Participant 2572,Participant 2572,Pria,24/03/1997,85000002572,Music - Keyboard,Yogyakarta,Completed,Completed,Not Completed,Completed,Completed,2019,Yes,,,
Participant 263,Participant 263,Pria,23/04/2004,85000000263,Music - Guitar,Samarinda,Completed,Completed,Completed,Completed,Completed,2019,Yes,,,
Participant 2642,Participant 2642,Wanita,05/05/1998,85000002642,Vocal - Lead,Yogyakarta,Completed,Not Completed,Completed,Completed,Completed,2019,No,,,
Participant 2699,Participant 2699,Wanita,21/09/1971,85000002699,Vocal - Lead,Yogyakarta,Completed,Completed,Completed,Not Completed,Completed,2019,No,,,
Participant 2708,Participant 2708,Wanita,24/04/1998,85000002708,Vocal - Singer,Yogyakarta,Completed,Completed,Not Completed,Completed,Completed,2019,No,,,
Participant 2731,Participant 2731,Wanita,29/06/2000,85000002731,Arts - Percussion,Yogyakarta,Completed,Completed,Completed,Completed,Completed,2019,No,,,
Participant 2765,Participant 2765,Pria,02/05/1998,85000002765,Music - Guitar,Yogyakarta,Yes,Completed,Completed,Not Completed,Completed,2019,Yes,,,
Participant 2805,Participant 2805,Pria,17/02/2001,85000002805,Music - Drum,Yogyakarta,Completed,Completed,Completed,Completed,Completed,2019,Yes,,,
Participant 2857,Participant 2857,Wanita,10/11/1999,85000002857,Music - Drum,Yogyakarta,Completed,Completed,Completed,Completed,Not Completed,2019,Yes,,,
Participant 2874,Participant 2874,Pria,27/09/1998,85000002874,Music - Drum,Yogyakarta,Completed,Completed,Completed,Not Completed,Completed,2019,No,,,
Participant 2880,Participant 2880,Wanita,19/11/1997,85000002880,Vocal - Choir,Yogyakarta,Completed,Completed,Completed,Completed,Completed,2019,No,,,
Participant 2891,Participant 2891,Wanita,23/11/1998,85000002891,Vocal - Choir,Yogyakarta,Completed,Completed,Not Completed,Not Completed,Not Completed,2019,No,,,
Participant 2903,Participant 2903,Wanita,09/02/1999,85000002903,Vocal - Choir,Yogyakarta,Completed,Completed,Completed,Completed,Completed,2019,No,,,
Participant 2918,Participant 2918,Wanita,06/04/1997,85000002918,Arts - Percussion,Yogyakarta,Completed,Completed,Completed,Not Completed,Completed,2019,Yes,,,
Participant 2929,Participant 2929,Pria,23/11/1998,85000002929,Vocal - Choir,Yogyakarta,Completed,Not Completed,Completed,Completed,Completed,2019,Yes,,,
Participant 2946,Participant 2946,Pria,18/04/2000,85000002946,Music - Drum,Yogyakarta,Completed,Completed,Not Completed,Completed,Not Completed,2019,Yes,,,
Participant 2948,Participant 2948,Wanita,21/04/2000,85000002948,Music - Keyboard,Yogyakarta,Completed,Completed,Not Completed,Completed,Not Completed,2019,No,,,
Participant 2954,Participant 2954,Pria,11/02/1986,85000002954,Music - Drum,Yogyakarta,Completed,Completed,Completed,Completed,Completed,2019,No,,,
Participant 2955,Participant 2955,Wanita,19/10/1999,85000002955,Vocal - Choir,Yogyakarta,Completed,Completed,Completed,Completed,Completed,2019,No,,,
Participant 2965,Participant 2965,Pria,24/06/1985,85000002965,Music - Drum,Yogyakarta,Not Completed,Completed,Completed,Completed,Completed,2019,No,,,
Participant 3003,Participant 3003,Pria,19/06/1998,85000003003,Music - Keyboard,Yogyakarta,Completed,Completed,Completed,Completed,Completed,2019,Yes,,,
Participant 31,Participant 31,Pria,16/12/2001,85000000031,Music - Guitar,Solo,Completed,Completed,Completed,Completed,Completed,2019,Yes,,,
Participant 468,Participant 468,Wanita,28/11/1994,85000000468,Vocal - Singer,Solo,Not Completed,Not Completed,Not Completed,Completed,Completed,2019,Yes,,,
Participant 473,Participant 473,Pria,20/12/2000,85000000473,Music - Drum,Tangerang,Not Completed,Not Completed,Completed,Completed,Completed,2019,No,,,
Participant 535,Participant 535,Pria,02/10/2006,85000000535,Music - Drum,Solo,Completed,Completed,Not Completed,Completed,Completed,2019,No,,,
Participant 1831,Participant 1831,Wanita,09/10/2004,85000001831,Arts - Percussion,Yogyakarta (Open Class),Not Completed,Completed,Completed,Completed,Completed,2019,No,,,
Participant 1832,Participant 1832,Wanita,15/07/1982,85000001832,Vocal - Singer,Yogyakarta (Open Class),Completed,Completed,Completed,Completed,Completed,2019,No,,,
Participant 1833,Participant 1833,Wanita,06/12/2000,85000001833,Vocal - Singer,Yogyakarta (Open Class),Completed,Completed,Completed,Completed,Completed,2019,Yes,,,
Participant 1834,Participant 1834,Wanita,23/03/1985,85000001834,Visual - Makeup,Yogyakarta (Open Class),Completed,Not Completed,Completed,Completed,Completed,2019,Yes,,,
PARTICIPANT 1835,PARTICIPANT 1835,Pria,07/06/2003,85000001835,Arts - Flag,Yogyakarta (Open Class),Completed,Completed,Completed,Completed,Completed,2019,Yes,,,
Participant 1836,Participant 1836,Pria,21/03/2001,85000001836,Music - Keyboard,Yogyakarta (Open Class),Completed,Completed,Completed,Completed,Completed,2019,No,,,
Participant 1837,Participant 1837,Pria,12/12/1997,85000001837,Music - Bass,Yogyakarta (Open Class),Completed,Completed,Completed,Not Completed,Completed,2019,No,,,
Participant 1838,Participant 1838,Wanita,22/12/2003,85000001838,Arts - Movement,Malang,Completed,Completed,Completed,Completed,Completed,2019,No,,,
Participant 1839,Participant 1839,Wanita,17/06/2005,85000001839,Arts - Percussion,Yogyakarta (Open Class),Completed,Completed,Completed,Completed,Completed,2019,No,,,
Participant 1840,Participant 1840,Pria,28/04/1994,85000001840,Vocal - Singer,Yogyakarta (Open Class),Completed,Completed,Completed,Completed,Completed,2019,Yes,,,
Participant 1841,Participant 1841,Pria,09/08/1986,85000001841,Vocal - Singer,Jakarta (Open Class),Completed,Completed,Completed,Completed,Completed,2019,Yes,,,
Participant 1842,Participant 1842,Pria,25/02/1991,85000001842,Music - Drum,Yogyakarta (Open Class),Completed,Completed,Completed,Completed,Completed,2019,Yes,,,
Participant 1843,Participant 1843,Pria,11/03/1981,85000001843,Music - Keyboard,Yogyakarta (Open Class),Completed,Not Completed,Completed,Not Completed,Not Completed,2019,No,,,
Participant 1844,Participant 1844,Pria,11/08/1985,85000001844,Audio - Engineer,Magelang,Not Completed,Completed,Not Completed,Completed,Completed,2019,No,,,
Participant 1845,Participant 1845,Pria,07/04/1999,85000001845,Vocal - Singer,Yogyakarta (Open Class),Not Completed,Not Completed,Completed,Not Completed,Completed,2019,No,,,
Participant 1846,Participant 1846,Pria,08/11/1995,85000001846,Vocal - Singer,Malang,Completed,Completed,Completed,Completed,Completed,2019,No,,,
Participant 1848,Participant 1848,Pria,16/11/1998,85000001848,Music - Guitar,Jakarta (Open Class),Completed,Completed,Completed,Completed,Not Completed,2019,Yes,,,
Participant 1850,Participant 1850,Wanita,07/05/1979,85000001850,Vocal - Singer,Jakarta (Open Class),Completed,Completed,Not Completed,Completed,Completed,2019,Yes,,,
Participant 1851,Participant 1851,Wanita,21/11/2000,85000001851,Vocal - Singer,Yogyakarta (Open Class),Completed,Completed,Completed,Completed,Completed,2019,Yes,,,
Participant 1852,Participant 1852,Wanita,18/11/1992,85000001852,Vocal - Singer,Jakarta (Open Class),Completed,Not Completed,Completed,Completed,Completed,2019,No,,,
Participant 1853,Participant 1853,Wanita,06/05/1979,85000001853,Vocal - Singer,Jakarta (Open Class),Completed,Completed,Completed,Completed,Not Completed,2019,No,,,
Participant 1854,Participant 1854,Pria,21/01/2002,85000001854,Vocal - Singer,Jakarta (Open Class),Completed,Completed,Completed,Completed,Completed,2019,No,,,
Participant 1855,Participant 1855,Wanita,28/10/2002,85000001855,Visual - Makeup,Yogyakarta (Open Class),Completed,Completed,Completed,Completed,Completed,2019,No,,,
PARTICIPANT 1856,PARTICIPANT 1856,Pria,12/11/2004,85000001856,Music - Bass,Malang,Completed,Completed,Not Completed,Completed,Completed,2019,Yes,,,
Participant 1857,Participant 1857,Wanita,13/08/1983,85000001857,Vocal - Singer,Jakarta (Open Class),Completed,Not Completed,Completed,Completed,Completed,2019,Yes,,,
Participant 1858,Participant 1858,Wanita,04/06/2006,85000001858,Arts - Percussion,Jakarta (Open Class),Completed,Completed,Completed,Completed,Completed,2019,Yes,,,
Participant 1859,Participant 1859,Pria,09/01/2005,85000001859,Music - Guitar,Solo (Open Class),Not Completed,Completed,Completed,Completed,Completed,2019,No,,,
Participant 1861,Participant 1861,Pria,28/12/1983,85000001861,Music - Keyboard,Solo (Open Class),Not Completed,Completed,Completed,Completed,Completed,2019,No,,,
Participant 1863,Participant 1863,Pria,18/08/1997,85000001863,Music - Drum,Malang,Not Completed,Not Completed,Not Completed,Completed,Completed,2019,No,,,
Participant 1865,Participant 1865,Pria,09/09/2003,85000001865,Music - Drum,Solo (Open Class),Completed,Completed,Completed,Completed,Completed,2019,No,,,
Participant 1866,Participant 1866,Wanita,24/12/2007,85000001866,Arts - Percussion,Solo (Open Class),Completed,Completed,Completed,Completed,Not Completed,2019,Yes,,,
Participant 1867,Participant 1867,Wanita,06/08/2003,85000001867,Vocal - Singer,Solo (Open Class),Completed,Not Completed,Not Completed,Completed,Completed,2019,Yes,,,
Participant 1868,Participant 1868,Pria,20/01/2003,85000001868,Vocal - Singer,Jakarta (Open Class),Completed,Not Completed,Completed,Completed,Completed,2019,Yes,,,
Participant 1869,Participant 1869,Pria,26/09/2001,85000001869,Music - Guitar,Solo (Open Class),Not Completed,Completed,Completed,Not Completed,Completed,2019,No,,,
Participant 1870,Participant 1870,Wanita,18/10/1983,85000001870,Vocal - Lead,Jakarta (Open Class),Completed,Completed,Completed,Completed,Completed,2019,No,,,
Participant 1871,Participant 1871,Pria,12/08/1978,85000001871,Vocal - Singer,Solo (Open Class),Completed,Completed,Not Completed,Completed,Completed,2019,No,,,
Participant 1872,Participant 1872,Pria,14/10/1971,85000001872,Vocal - Choir,Solo (Open Class),Completed,Completed,Completed,Not Completed,Completed,2019,No,,,
PARTICIPANT 1873,PARTICIPANT 1873,Wanita,05/11/1978,85000001873,Vocal - Singer,Solo  (Open Class),Completed,Completed,Completed,Completed,Completed,2019,Yes,,,
Participant 1874,Participant 1874,Wanita,27/10/1975,85000001874,Visual - Makeup,Solo (Open Class),Completed,Completed,Completed,Completed,Completed,2019,Yes,,,
Participant 1875,Participant 1875,Wanita,26/07/2001,85000001875,Arts - Percussion,Malang,Not Completed,Completed,Completed,Completed,Completed,2019,Yes,,,
Participant 1876,Participant 1876,Wanita,03/05/1976,85000001876,Vocal - Lead,Jakarta (Open Class),Completed,Completed,Not Completed,Completed,Not Completed,2019,No,,,
Participant 1877,Participant 1877,Wanita,05/09/1982,85000001877,Vocal - Lead,Jakarta (Open Class),Not Completed,Completed,Not Completed,Completed,Completed,2019,No,,,
Participant 1878,Participant 1878,Wanita,25/09/1994,85000001878,Vocal - Choir,Solo (Open Class),Completed,Completed,Not Completed,Completed,Completed,2019,No,,,
Participant 1880,Participant 1880,Wanita,04/02/1991,85000001880,Vocal - Singer,Jakarta (Open Class),Completed,Not Completed,Completed,Not Completed,Not Completed,2019,No,,,
Participant 1881,Participant 1881,Wanita,15/12/1983,85000001881,Vocal - Singer,Jakarta (Open Class),Completed,Completed,Completed,Not Completed,Completed,2019,Yes,,,
Participant 1882,Participant 1882,Wanita,24/07/1997,85000001882,Vocal - Singer,Tangerang,Completed,Completed,Completed,Completed,Completed,2019,Yes,,,
Participant 1884,Participant 1884,Wanita,20/08/1977,85000001884,Vocal - Singer,Solo (Open Class),Completed,Completed,Completed,Completed,Completed,2019,Yes,,,
Participant 1885,Participant 1885,Pria,09/07/2000,85000001885,Audio - Engineer,Solo (Open Class),Completed,Completed,Not Completed,Not Completed,Completed,2019,No,,,
Participant 1886,Participant 1886,Wanita,11/04/1989,85000001886,Audio - Engineer,Jakarta (Open Class),Completed,Not Completed,Completed,Completed,Completed,2019,No,,,
Participant 1887,Participant 1887,Pria,18/11/1997,85000001887,Music - Keyboard,Solo (Open Class),Completed,Completed,Completed,Completed,Completed,2019,No,,,
Participant 1888,Participant 1888,Wanita,04/07/1997,85000001888,Arts - Percussion,Malang,Completed,Completed,Completed,Completed,Completed,2019,No,,,
participant 1889,participant 1889,Wanita,26/07/2007,85000001889,Arts - Percussion,Solo (Open Class),Completed,Completed,Completed,Completed,Completed,2019,Yes,,,
Participant 1890,Participant 1890,Wanita,23/08/2002,85000001890,Vocal - Singer,Solo (Open Class),Completed,Not Completed,Completed,Completed,Completed,2019,Yes,,,
PARTICIPANT 1892,PARTICIPANT 1892,Pria,09/03/1996,85000001892,Vocal - Singer,Solo (Open Class),Completed,Completed,Completed,Completed,Not Completed,2019,Yes,,,
participant 631,participant 631,Pria,23/02/1960,85000000631,Music - Drum,Jakarta,Completed,Completed,Completed,Completed,Completed,2019,No,,,
Participant 1894,Participant 1894,Pria,23/03/2007,85000001894,Music - Keyboard,Solo (Open Class),Completed,Completed,Completed,Completed,Completed,2019,No,,,
Participant 1896,Participant 1896,Pria,27/03/1995,85000001896,Audio - Engineer,Solo (Open Class),Completed,Not Completed,Completed,Not Completed,Not Completed,2019,No,,,
Participant 1897,Participant 1897,Pria,21/05/2005,85000001897,Music - Drum,Solo (Open Class),Not Completed,Not Completed,Not Completed,Completed,Completed,2019,No,,,
Participant 1898,Participant 1898,Wanita,10/10/2007,85000001898,Arts - Percussion,Jakarta (Open Class),Completed,Completed,Completed,Completed,Completed,2019,Yes,,,
Participant 1900,Participant 1900,Wanita,26/09/1968,85000001900,Vocal - Lead,Jakarta (Open Class),Completed,Completed,Completed,Completed,Completed,2019,Yes,,,
Participant 1901,Participant 1901,Wanita,26/05/2003,85000001901,Arts - Percussion,Solo (Open Class),Completed,Completed,Not Completed,Completed,Not Completed,2019,Yes,,,
Participant 1902,Participant 1902,Pria,10/09/2006,85000001902,Music - Guitar,Malang,Not Completed,Completed,Not Completed,Completed,Completed,2019,No,,,
Participant 1903,Participant 1903,Wanita,04/06/1982,85000001903,Vocal - Singer,Solo  (Open Class),Completed,Completed,Completed,Completed,Not Completed,2019,Yes,,,
Participant 633,Participant 633,Wanita,02/12/2000,85000000633,Vocal - Singer,Bali,Completed,Completed,Completed,Completed,Completed,2019,Yes,,,
Participant 1904,Participant 1904,Wanita,16/09/2007,85000001904,Music - Guitar,Solo (Open Class),Completed,Completed,Completed,Completed,Completed,2019,No,,,
Participant 1905,Participant 1905,Pria,16/11/2006,85000001905,Music - Keyboard,Solo (Open Class),Completed,Completed,Not Completed,Completed,Completed,2019,Yes,,,
Participant 1906,Participant 1906,Pria,10/10/2005,85000001906,Music - Drum,Malang,Completed,Completed,Completed,Completed,Not Completed,2019,Yes,,,
Participant 1907,Participant 1907,Pria,16/01/2006,85000001907,Music - Guitar,Solo (Open Class),Completed,Completed,Completed,Not Completed,Completed,2019,Yes,,,
Participant 1908,Participant 1908,Wanita,23/08/2002,85000001908,Arts - Percussion,Jakarta (Open Class),Completed,Completed,Completed,Not Completed,Completed,2019,Yes,,,
Participant 1909,Participant 1909,Pria,19/12/1983,85000001909,Vocal - Singer,Madiun,Completed,Completed,Completed,Completed,Completed,2019,Yes,,,
Participant 1912,Participant 1912,Wanita,08/06/2003,85000001912,Arts - Percussion,Solo (Open Class),Completed,Completed,Completed,Completed,Completed,2019,No,,,
Participant 1913,Participant 1913,Wanita,23/04/2005,85000001913,Vocal - Singer,Madiun,Completed,Completed,Completed,Completed,Completed,2019,Yes,,,
Participant 638,Participant 638,Wanita,21/05/1980,85000000638,Vocal - Singer,Samarinda,Completed,Completed,Completed,Completed,Completed,2019,Yes,,,
Participant 1914,Participant 1914,Wanita,07/07/1991,85000001914,Vocal - Singer,Solo (Open Class),Completed,No,Not Completed,Completed,Completed,2019,No,,,
Participant 1917,Participant 1917,Wanita,06/12/1998,85000001917,Arts - Percussion,Malang,Completed,Completed,Completed,Completed,Completed,2019,Yes,,,
Participant 1918,Participant 1918,Wanita,05/10/1970,85000001918,Vocal - Singer,Solo (Open Class),Completed,Completed,Completed,Not Completed,Completed,2019,No,,,
Participant 1919,Participant 1919,Wanita,03/12/1981,85000001919,Visual - Makeup,Solo (Open Class),Not Completed,Completed,Completed,Completed,Completed,2019,Yes,,,
Participant 1922,Participant 1922,Wanita,11/11/2005,85000001922,Arts - Percussion,Solo (Open Class),Completed,Completed,Completed,Completed,Completed,2019,Yes,,,
Participant 1923,Participant 1923,Pria,01/09/1985,85000001923,Vocal - Singer,Solo (Open Class),Completed,Completed,Not Completed,Completed,Completed,2019,Yes,,,
PARTICIPANT 1924,PARTICIPANT 1924,Pria,01/06/1972,85000001924,Music - Keyboard,Solo (Open Class),Completed,Completed,Completed,Completed,Completed,2019,Yes,,,
Participant 1925,Participant 1925,Wanita,23/12/2000,85000001925,Vocal - Singer,Solo (Open Class),Completed,Completed,Completed,Completed,Completed,2019,No,,,
PARTICIPANT 1926,PARTICIPANT 1926,Wanita,31/01/2003,85000001926,Arts - Flag,Magelang,Completed,Completed,Not Completed,Completed,Completed,2019,Yes,,,
PARTICIPANT 2132,PARTICIPANT 2132,Wanita,31/01/2003,85000002132,Arts - Flag,Magelang,Completed,Completed,Completed,Completed,Completed,2019,Yes,,,
Participant 1927,Participant 1927,Wanita,27/11/1980,85000001927,Vocal - Singer,Solo (Open Class),Completed,Completed,Completed,Completed,Completed,2019,Yes,,,
Participant 1928,Participant 1928,Pria,06/05/2004,85000001928,Vocal - Singer,Jakarta (Open Class),Not Completed,Completed,Completed,Not Completed,Completed,2019,Yes,,,
Participant 1929,Participant 1929,Pria,19/11/1995,85000001929,Vocal - Singer,Malang,Not Completed,Not Completed,Completed,Not Completed,Completed,2019,Yes,,,
Participant 1930,Participant 1930,Wanita,26/06/2005,85000001930,Arts - Percussion,Jakarta (Open Class),Completed,Completed,Completed,Completed,Not Completed,2019,Yes,,,
Participant 1931,Participant 1931,Wanita,30/04/2005,85000001931,Arts - Percussion,Jakarta (Open Class),Completed,Completed,Completed,Completed,Completed,2019,Yes,,,
Participant 1932,Participant 1932,Wanita,27/02/1999,85000001932,Arts - Percussion,Sragen,Completed,Completed,Not Completed,Completed,Completed,2019,Yes,,,
Participant 1934,Participant 1934,Pria,26/04/2003,85000001934,Music - Bass,Sragen,Completed,Completed,Completed,Completed,Completed,2019,No,,,
PARTICIPANT 1935,PARTICIPANT 1935,Wanita,24/03/2004,85000001935,Arts - Percussion,Sragen,Completed,Not Completed,Not Completed,Completed,Completed,2019,Yes,,,
Participant 1936,Participant 1936,Wanita,19/07/2004,85000001936,Arts - Percussion,Sragen,Completed,Completed,Completed,Completed,Completed,2019,Yes,,,
Participant 1937,Participant 1937,Pria,24/07/2001,85000001937,Music - Bass,Solo (Open Class),Completed,Completed,Not Completed,Completed,Completed,2019,Yes,,,
Participant 1938,Participant 1938,Wanita,22/01/2000,85000001938,Arts - Percussion,Jakarta (Open Class),Completed,Completed,Completed,Completed,Completed,2019,Yes,,,
Participant 1939,Participant 1939,Wanita,19/06/2001,85000001939,Arts - Percussion,Sragen,Completed,Completed,Completed,Completed,Not Completed,2019,Yes,,,
Participant 1940,Participant 1940,Wanita,11/01/2003,85000001940,Arts - Percussion,Jakarta (Open Class),Completed,Completed,Completed,Completed,Completed,2019,No,,,
Participant 1941,Participant 1941,Wanita,28/07/2002,85000001941,Arts - Percussion,Jakarta (Open Class),Completed,Completed,Completed,Completed,Completed,2019,Yes,,,
Participant 1942,Participant 1942,Wanita,16/10/2004,85000001942,Arts - Percussion,Jakarta (Open Class),Not Completed,Completed,Completed,Completed,Completed,2019,Yes,,,
Participant 1943,Participant 1943,Wanita,25/01/2006,85000001943,Arts - Percussion,Sragen,Completed,Completed,Completed,Completed,Not Completed,2019,No,,,
Participant 1944,Participant 1944,Wanita,20/12/1989,85000001944,Arts - Percussion,Jakarta (Open Class),Completed,Completed,Completed,Completed,Completed,2019,Yes,,,
Participant 1945,Participant 1945,Wanita,01/06/1998,85000001945,Arts - Movement,Sragen,Completed,Completed,Completed,Completed,Completed,2019,No,,,
Participant 1946,Participant 1946,Wanita,14/01/1983,85000001946,Arts - Movement,Sragen,Completed,Not Completed,Completed,Completed,Completed,2019,Yes,,,
Participant 1947,Participant 1947,Pria,14/01/2002,85000001947,Music - Guitar,Solo (Open Class),Completed,Completed,Completed,Not Completed,Completed,2019,Yes,,,
Participant 1948,Participant 1948,Wanita,10/10/2007,85000001948,Arts - Percussion,Jakarta (Open Class),Completed,Completed,Completed,Completed,Completed,2019,Yes,,,
PARTICIPANT 1950,PARTICIPANT 1950,Wanita,09/09/2000,85000001950,Vocal - Singer,Jakarta (Open Class),Completed,Completed,Completed,Completed,Completed,2019,Yes,,,
Participant 1951,Participant 1951,Wanita,19/05/1982,85000001951,Vocal - Singer,Jakarta (Open Class),Completed,Completed,Completed,Completed,Completed,2019,No,,,
Participant 1952,Participant 1952,Pria,27/07/1976,85000001952,Vocal - Singer,Jakarta (Open Class),Completed,Completed,Not Completed,Completed,Completed,2019,No,,,
Participant 1953,Participant 1953,Wanita,19/02/1990,85000001953,Vocal - Singer,Yogyakarta (Open Class),Completed,Not Completed,Completed,Not Completed,Completed,2019,No,,,
Participant 1954,Participant 1954,Wanita,26/06/1985,85000001954,Vocal - Singer,Jakarta (Open Class),Completed,Completed,Completed,Completed,Completed,2019,No,,,
Participant 1955,Participant 1955,Pria,20/11/2004,85000001955,Music - Bass,Jakarta (Open Class),Not Completed,Not Completed,Completed,Not Completed,Completed,2019,Yes,,,
Participant 1956,Participant 1956,Pria,12/03/1993,85000001956,Vocal - Singer,Jakarta (Open Class),Completed,Completed,Completed,Completed,Completed,2019,Yes,,,
Participant 1957,Participant 1957,Pria,23/04/1987,85000001957,Vocal - Singer,Jakarta (Open Class),Completed,Completed,Completed,Completed,Completed,2019,Yes,,,
Participant 1958,Participant 1958,Wanita,21/03/1994,85000001958,Vocal - Singer,Jakarta (Open Class),Completed,Not Completed,Not Completed,Completed,Completed,2019,No,,,
Participant 1959,Participant 1959,Wanita,31/07/1987,85000001959,Vocal - Singer,Jakarta (Open Class),Completed,Not Completed,Completed,Completed,Not Completed,2019,No,,,
Participant 1960,Participant 1960,Pria,23/10/1991,85000001960,Vocal - Singer,Jakarta (Open Class),Completed,Completed,Completed,Completed,Completed,2019,No,,,
Participant 1961,Participant 1961,Pria,09/02/1985,85000001961,Music - Keyboard,Jakarta (Open Class),Completed,Completed,Completed,Completed,Completed,2019,No,,,
Participant 1962,Participant 1962,Pria,10/12/1989,85000001962,Music - Guitar,Jakarta (Open Class),Completed,Not Completed,Completed,Completed,Completed,2019,Yes,,,
Participant 1963,Participant 1963,Wanita,05/04/1993,85000001963,Vocal - Singer,Jakarta (Open Class),Completed,Not Completed,Completed,Completed,Completed,2019,Yes,,,
Participant 1964,Participant 1964,Pria,02/06/2001,85000001964,Music - Bass,Jakarta (Open Class),Completed,Completed,Completed,Completed,Completed,2019,Yes,,,
Participant 1965,Participant 1965,Wanita,26/12/1996,85000001965,Vocal - Singer,Jakarta (Open Class),Not Completed,Completed,Not Completed,Completed,Completed,2019,No,,,
Participant 1967,Participant 1967,Pria,18/05/1987,85000001967,Music - Guitar,Jakarta (Open Class),Not Completed,Completed,Completed,Completed,Completed,2019,No,,,
Participant 1969,Participant 1969,Wanita,21/03/1987,85000001969,Arts - Percussion,Jakarta (Open Class),Completed,Completed,Completed,Completed,Completed,2019,No,,,
Participant 1972,Participant 1972,Pria,25/01/1978,85000001972,Music - Drum,Yogyakarta (Open Class),Completed,Completed,Completed,Completed,Completed,2019,No,,,
Participant 1973,Participant 1973,Pria,25/02/1978,85000001973,Music - Drum,Yogyakarta (Open Class),Completed,Completed,Completed,Completed,Completed,2019,Yes,,,
Participant 1974,Participant 1974,Pria,05/02/1996,85000001974,Music - Keyboard,Yogyakarta (Open Class),Not Completed,Completed,Completed,Completed,Completed,2019,Yes,,,
Participant 1976,Participant 1976,Wanita,29/11/1996,85000001976,Arts - Percussion,Jakarta (Open Class),Completed,Completed,Completed,Completed,Completed,2019,Yes,,,
Participant 1977,Participant 1977,Pria,02/08/1980,85000001977,Music - Bass,Jakarta (Open Class),Completed,Completed,Not Completed,Not Completed,Not Completed,2019,No,,,
Participant 1978,Participant 1978,Pria,08/07/1996,85000001978,Music - Drum,Jakarta (Open Class),Completed,Not Completed,Completed,Completed,Completed,2019,No,,,
PARTICIPANT 1979,PARTICIPANT 1979,Wanita,31/03/1993,85000001979,Music - Bass,Jakarta (Open Class),Completed,Completed,Completed,Completed,Completed,2019,No,,,
Participant 1980,Participant 1980,Wanita,16/03/2007,85000001980,Arts - Percussion,Solo (Open Class),Completed,Completed,Completed,Completed,Completed,2019,No,,,
Participant 1981,Participant 1981,Wanita,07/10/1990,85000001981,Vocal - Singer,Jakarta (Open Class),Completed,Completed,Completed,Not Completed,Completed,2019,Yes,,,
Participant 1982,Participant 1982,Pria,18/05/1975,85000001982,Music - Guitar,Sragen,Completed,Completed,Completed,Not Completed,Completed,2019,Yes,,,
Participant 1983,Participant 1983,Pria,02/05/1994,85000001983,Vocal - Singer,Jakarta (Open Class),Completed,Completed,Completed,Completed,Completed,2019,Yes,,,
Participant 1984,Participant 1984,Wanita,13/12/1977,85000001984,Visual - Makeup,Sragen,Completed,Not Completed,Completed,Completed,Completed,2019,No,,,
Participant 1986,Participant 1986,Pria,21/01/2002,85000001986,Music - Bass,Yogyakarta (Open Class),Not Completed,Completed,Not Completed,Completed,Completed,2019,No,,,
PARTICIPANT 1987,PARTICIPANT 1987,Wanita,10/10/1973,85000001987,Vocal - Singer,Sragen,Completed,Completed,Completed,Completed,Completed,2019,No,,,
Participant 1988,Participant 1988,Pria,24/03/2002,85000001988,Music - Guitar,Yogyakarta (Open Class),Completed,Completed,Completed,Not Completed,Not Completed,2019,No,,,
Participant 1989,Participant 1989,Pria,18/01/2004,85000001989,Music - Keyboard,Sragen,Completed,Completed,Completed,Not Completed,Completed,2019,Yes,,,
Participant 1990,Participant 1990,Pria,21/04/1998,85000001990,Music - Guitar,Yogyakarta (Open Class),Completed,Completed,Completed,Not Completed,Not Completed,2019,Yes,,,
Participant 672,Participant 672,Wanita,10/10/2003,85000000672,Vocal - Singer,Wonosari,Completed,Completed,Not Completed,Completed,Completed,2019,Yes,,,
Participant 1991,Participant 1991,Pria,25/06/1997,85000001991,Music - Drum,Sragen,Completed,Completed,Completed,Completed,Completed,2019,No,,,
Participant 1993,Participant 1993,Pria,29/04/2003,85000001993,Music - Keyboard,Sragen,Completed,Completed,Completed,Not Completed,Completed,2019,No,,,
Participant 1994,Participant 1994,Wanita,27/09/1971,85000001994,Vocal - Singer,Solo (Open Class),Completed,Completed,Completed,Completed,Completed,2019,No,,,
Participant 1995,Participant 1995,Pria,20/08/2003,85000001995,Audio - Engineer,Yogyakarta (Open Class),Completed,Not Completed,Completed,Completed,Completed,2019,No,,,
Participant 1996,Participant 1996,Pria,06/06/2001,85000001996,Audio - Engineer,Yogyakarta (Open Class),Completed,Completed,Completed,Completed,Not Completed,2019,Yes,,,
Participant 1998,Participant 1998,Wanita,29/12/2002,85000001998,Arts - Movement,Yogyakarta (Open Class),Completed,Completed,Completed,Completed,Not Completed,2019,Yes,,,
Participant 1999,Participant 1999,Pria,10/12/2001,85000001999,Vocal - Singer,Yogyakarta (Open Class),Completed,Completed,Completed,Not Completed,Completed,2019,Yes,,,
PARTICIPANT 2000,PARTICIPANT 2000,Pria,03/04/2002,85000002000,Vocal - Singer,Yogyakarta (Open Class),Completed,Completed,Completed,Completed,Not Completed,2019,No,,,
Participant 2006,Participant 2006,Wanita,11/03/1993,85000002006,Vocal - Singer,Madiun,Yes,Completed,Not Completed,Completed,Completed,2019,No,,,
Participant 2009,Participant 2009,Pria,20/10/1994,85000002009,Music - Bass,Bandung,Completed,Completed,Not Completed,Completed,Completed,2019,No,,,
Participant 2010,Participant 2010,Wanita,07/08/2007,85000002010,Arts - Percussion,Solo (Open Class),Completed,Completed,Completed,Completed,Completed,2019,No,,,
Participant 2011,Participant 2011,Pria,27/12/2005,85000002011,Arts - Flag,Solo (Open Class),Completed,Completed,Completed,Not Completed,Not Completed,2019,Yes,,,
Participant 2012,Participant 2012,Pria,08/01/2007,85000002012,Music - Guitar,Solo (Open Class),Completed,Completed,Completed,Completed,Completed,2019,Yes,,,
PARTICIPANT 2013,PARTICIPANT 2013,Pria,02/10/1976,85000002013,Audio - Engineer,Solo  (Open Class),Not Completed,Not Completed,Not Completed,Completed,Completed,2019,Yes,,,
Participant 2014,Participant 2014,Wanita,30/11/2003,85000002014,Music - Keyboard,Yogyakarta (Open Class),Completed,Completed,Completed,Completed,Completed,2019,No,,,
Participant 2016,Participant 2016,Pria,26/05/1996,85000002016,Music - Bass,Solo (Open Class),Completed,Completed,Not Completed,Completed,Completed,2019,No,,,
Participant 2018,Participant 2018,Pria,16/05/2003,85000002018,Vocal - Singer,Solo (Open Class),Not Completed,Completed,Completed,Completed,Not Completed,2019,No,,,
Participant 2020,Participant 2020,Pria,03/04/2000,85000002020,Visual - Makeup,Sragen,Completed,Completed,Completed,Completed,Completed,2019,No,,,
Participant 2021,Participant 2021,Pria,25/02/1991,85000002021,Arts - Flag,Yogyakarta (Open Class),Completed,Completed,Completed,Completed,Completed,2019,Yes,,,
Participant 2022,Participant 2022,Pria,04/02/1998,85000002022,Audio - Engineer,Solo (Open Class),Completed,Completed,Completed,Not Completed,Completed,2019,Yes,,,
Participant 2023,Participant 2023,Wanita,18/11/2002,85000002023,Vocal - Choir,Solo (Open Class),Completed,Completed,Completed,Not Completed,Completed,2019,Yes,,,
Participant 2024,Participant 2024,Pria,29/12/2004,85000002024,Music - Bass,Sragen,Not Completed,Completed,Completed,Completed,Not Completed,2019,No,,,
Participant 2025,Participant 2025,Pria,20/11/2005,85000002025,Music - Guitar,Solo  (Open Class),Completed,Not Completed,Not Completed,Completed,Completed,2019,No,,,
Participant 2026,Participant 2026,Pria,14/10/2003,85000002026,Vocal - Choir,Yogyakarta (Open Class),Not Completed,Completed,Completed,Completed,Completed,2019,No,,,
Participant 2027,Participant 2027,Wanita,23/07/2001,85000002027,Arts - Percussion,Yogyakarta (Open Class),Completed,Completed,Completed,Completed,Completed,2019,No,,,
Participant 2029,Participant 2029,Pria,27/07/2007,85000002029,Music - Guitar,Solo (Open Class),Not Completed,Completed,Completed,Not Completed,Completed,2019,Yes,,,
Participant 2031,Participant 2031,Wanita,27/04/2006,85000002031,Music - Guitar,Solo (Open Class),Completed,Completed,Completed,Not Completed,Completed,2019,Yes,,,
Participant 2032,Participant 2032,Wanita,28/05/2006,85000002032,Music - Guitar,Yogyakarta (Open Class),Completed,Completed,Completed,Completed,Completed,2019,Yes,,,
Participant 2033,Participant 2033,Pria,17/08/2000,85000002033,Music - Guitar,Solo (Open Class),Completed,Completed,Not Completed,Completed,Completed,2019,No,,,
Participant 2034,Participant 2034,Pria,20/06/1998,85000002034,Vocal - Singer,Solo (Open Class),Completed,Completed,Not Completed,Not Completed,Not Completed,2019,No,,,
Participant 2035,Participant 2035,Pria,07/04/1989,85000002035,Music - Drum,Solo (Open Class),Completed,Completed,Completed,Completed,Not Completed,2019,No,,,
Participant 2036,Participant 2036,Pria,18/07/1998,85000002036,Vocal - Singer,Madiun,Completed,Completed,Completed,Completed,Completed,2019,No,,,
PARTICIPANT 2038,PARTICIPANT 2038,Wanita,23/09/2001,85000002038,Vocal - Lead,Yogyakarta (Open Class),Completed,Completed,Completed,Completed,Completed,2019,Yes,,,
PARTICIPANT 2039,PARTICIPANT 2039,Wanita,12/09/1997,85000002039,Vocal - Lead,Yogyakarta (Open Class),Completed,Completed,Completed,Completed,Not Completed,2019,Yes,,,
PARTICIPANT 2040,PARTICIPANT 2040,Pria,06/04/2001,85000002040,Vocal - Lead,Yogyakarta (Open Class),Completed,Not Completed,Completed,Not Completed,Completed,2019,Yes,,,
PARTICIPANT 2041,PARTICIPANT 2041,Pria,01/07/1997,85000002041,Vocal - Lead,Yogyakarta (Open Class),Not Completed,Completed,Completed,Completed,Not Completed,2019,No,,,
Participant 2042,Participant 2042,Pria,14/07/2005,85000002042,Music - Drum,Solo (Open Class),Completed,Completed,Completed,Completed,Completed,2019,No,,,
Participant 2043,Participant 2043,Wanita,21/09/1977,85000002043,Vocal - Lead,Solo (Open Class),Completed,Completed,Completed,Completed,Completed,2019,No,,,
Participant 2044,Participant 2044,Wanita,21/10/2004,85000002044,Vocal - Singer,Yogyakarta (Open Class),Completed,Completed,Completed,Completed,Not Completed,2019,No,,,
PARTICIPANT 2046,PARTICIPANT 2046,Pria,09/03/1996,85000002046,Music - Drum,Solo (Open Class),Completed,Not Completed,Not Completed,Completed,Completed,2019,Yes,,,
Participant 2047,Participant 2047,Pria,17/01/1998,85000002047,Music - Drum,Jakarta (Open Class),Completed,Completed,Completed,Not Completed,Completed,2019,Yes,,,
Participant 2050,Participant 2050,Wanita,02/05/1979,85000002050,Arts - Movement,Solo (Open Class),Not Completed,Completed,Completed,Not Completed,Completed,2019,Yes,,,
Participant 2051,Participant 2051,Pria,18/06/2006,85000002051,Vocal - Singer,Solo  (Open Class),Completed,Not Completed,Completed,Completed,Completed,2019,No,,,
Participant 2052,Participant 2052,Wanita,09/08/2006,85000002052,Vocal - Singer,Solo  (Open Class),Completed,Completed,Completed,Completed,Not Completed,2019,No,,,
Participant 2053,Participant 2053,Pria,01/07/1998,85000002053,Music - Bass,Tangerang,Completed,Not Completed,Completed,Completed,Completed,2019,No,,,
Participant 2054,Participant 2054,Wanita,14/09/1960,85000002054,Vocal - Lead,Jakarta (Open Class),Completed,Completed,Completed,Completed,Completed,2019,No,,,
PARTICIPANT 2055,PARTICIPANT 2055,Wanita,20/03/1983,85000002055,Vocal - Lead,Solo (Open Class),Completed,Completed,Not Completed,Completed,Completed,2019,Yes,,,
Participant 2992,Participant 2992,Wanita,06/02/1992,85000002992,Arts - Percussion,Yogyakarta,Completed,Completed,Not Completed,Completed,Completed,2019,Yes,,,
PARTICIPANT 2061,PARTICIPANT 2061,Wanita,04/05/1980,85000002061,Audio - Engineer,Solo (Open Class),Not Completed,Completed,Completed,Completed,Completed,2019,Yes,,,
PARTICIPANT 2056,PARTICIPANT 2056,Wanita,10/08/1973,85000002056,Vocal - Singer,Solo (Open Class),Completed,Completed,Completed,Completed,Completed,2019,No,,,
Participant 2984,Participant 2984,Wanita,18/08/1997,85000002984,Vocal - Choir,Yogyakarta,Completed,Not Completed,Completed,Completed,Completed,2019,No,,,
Participant 2057,Participant 2057,Wanita,29/09/1989,85000002057,Vocal - Singer,Solo (Open Class),Completed,Completed,Completed,Completed,Completed,2019,No,,,
Participant 2058,Participant 2058,Wanita,13/02/1978,85000002058,Vocal - Singer,Solo (Open Class),Completed,Completed,Not Completed,Completed,Not Completed,2019,No,,,
Participant 2059,Participant 2059,Wanita,01/01/1995,85000002059,Arts - Percussion,Jakarta (Open Class),Completed,Not Completed,Completed,Completed,Completed,2019,Yes,,,
Participant 2060,Participant 2060,Pria,09/11/1996,85000002060,Arts - Flag,Jakarta (Open Class),Completed,Not Completed,Completed,Not Completed,Completed,2019,Yes,,,
Participant 2994,Participant 2994,Wanita,30/01/1995,85000002994,Vocal - Choir,Yogyakarta,Not Completed,Not Completed,Completed,Completed,Completed,2019,Yes,,,
Participant 2063,Participant 2063,Pria,21/08/2004,85000002063,Audio - Engineer,Solo (Open Class),Not Completed,Completed,Completed,Completed,Completed,2019,No,,,
Participant 2064,Participant 2064,Wanita,24/08/1996,85000002064,Vocal - Singer,Solo (Open Class),Completed,Completed,Completed,Completed,Completed,2019,No,,,
Participant 2065,Participant 2065,Pria,19/10/1998,85000002065,Audio - Engineer,Solo  (Open Class),Not Completed,Completed,Completed,Completed,Completed,2019,No,,,
PARTICIPANT 2066,PARTICIPANT 2066,Pria,07/08/2002,85000002066,Audio - Engineer,Solo (Open Class),Not Completed,Completed,Completed,Completed,Completed,2019,No,,,
Participant 2067,Participant 2067,Pria,18/05/2005,85000002067,Audio - Engineer,Solo (Open Class),Completed,Completed,Completed,Completed,Completed,2019,Yes,,,
Participant 2981,Participant 2981,Wanita,19/08/1993,85000002981,Vocal - Choir,Yogyakarta,Completed,Completed,Completed,Completed,Completed,2019,Yes,,,
Participant 3012,Participant 3012,Pria,15/07/2000,85000003012,Music - Bass,Yogyakarta,Completed,,Completed,Completed,Completed,2019,Yes,,,
Participant 2068,Participant 2068,Pria,22/09/2006,85000002068,Music - Guitar,Solo (Open Class),Completed,Completed,Completed,Not Completed,Completed,2019,No,,,
Participant 2069,Participant 2069,Pria,14/04/2002,85000002069,Audio - Engineer,Solo (Open Class),Completed,Completed,Completed,Completed,Completed,2019,No,,,
Participant 2070,Participant 2070,Pria,14/02/1992,85000002070,Audio - Engineer,Solo (Open Class),Completed,Completed,Completed,Completed,Not Completed,2019,No,,,
Participant 3000,Participant 3000,Wanita,10/03/1999,85000003000,Arts - Percussion,Yogyakarta,Completed,Completed,Completed,Completed,Completed,2019,No,,,
Participant 2071,Participant 2071,Wanita,25/03/2001,85000002071,Vocal - Singer,Sragen,Completed,Not Completed,Completed,Completed,Completed,2019,Yes,,,
Participant 2072,Participant 2072,Pria,31/03/2006,85000002072,Music - Guitar,Solo (Open Class),Not Completed,Completed,Completed,Completed,Completed,2019,Yes,,,
Participant 693,Participant 693,Wanita,12/11/1987,85000000693,Vocal - Singer,Solo,Completed,Not Completed,Completed,Completed,Completed,2019,Yes,,,
Participant 2995,Participant 2995,Pria,26/06/1996,85000002995,Music - Guitar,Yogyakarta,Not Completed,Completed,Not Completed,Completed,Completed,2019,No,,,
Participant 2075,Participant 2075,Wanita,09/11/2005,85000002075,Audio - Engineer,Solo (Open Class),Completed,Completed,Completed,Completed,Completed,2019,No,,,
Participant 2076,Participant 2076,Wanita,28/09/1993,85000002076,Vocal - Lead,Solo (Open Class),Completed,Completed,Completed,Completed,Completed,2019,No,,,
PARTICIPANT 2077,PARTICIPANT 2077,Pria,01/12/1987,85000002077,Music - Bass,Solo (Open Class),Completed,Completed,Completed,Not Completed,Completed,2019,No,,,
Participant 3001,Participant 3001,Wanita,18/08/1996,85000003001,Arts - Movement,Yogyakarta,Completed,Completed,Not Completed,Completed,Completed,2019,Yes,,,
Participant 2078,Participant 2078,Pria,26/06/1999,85000002078,Audio - Engineer,Solo (Open Class),Completed,Completed,Completed,Completed,Completed,2019,Yes,,,
Participant 2985,Participant 2985,Wanita,07/09/1995,85000002985,Vocal - Choir,Yogyakarta,Completed,Completed,Completed,Completed,Completed,2019,Yes,,,
Participant 2081,Participant 2081,Wanita,31/08/1995,85000002081,Vocal - Singer,Jakarta (Open Class),Not Completed,Completed,Completed,Completed,Not Completed,2019,No,,,
Participant 2082,Participant 2082,Pria,17/05/1992,85000002082,Audio - Engineer,Jakarta (Open Class),Completed,Completed,Not Completed,Not Completed,Completed,2019,No,,,
Participant 2084,Participant 2084,Wanita,22/01/2004,85000002084,Audio - Engineer,Solo  (Open Class),Not Completed,Completed,Completed,Completed,Completed,2019,No,,,
Participant 3004,Participant 3004,Pria,12/12/1989,85000003004,Music - Keyboard,Yogyakarta,Completed,Completed,Completed,Completed,Completed,2019,No,,,
Participant 2990,Participant 2990,Wanita,12/02/1997,85000002990,Vocal - Choir,Yogyakarta,Completed,Completed,Completed,Completed,Completed,2019,Yes,,,
Participant 3015,Participant 3015,Pria,11/04/2002,85000003015,Vocal - Choir,Yogyakarta,Completed,,Completed,Completed,Completed,2019,Yes,,,
Participant 3002,Participant 3002,Wanita,20/07/1997,85000003002,Music - Guitar,Yogyakarta,Completed,Completed,Completed,Completed,Not Completed,2019,Yes,,,
Participant 2085,Participant 2085,Pria,06/04/2001,85000002085,Vocal - Lead,Yogyakarta (Open Class),Not Completed,Completed,Completed,Not Completed,Completed,2019,No,,,
Participant 2971,Participant 2971,Pria,06/03/2000,85000002971,Music - Keyboard,Yogyakarta,Completed,Completed,Not Completed,Not Completed,Completed,2019,No,,,
Participant 2999,Participant 2999,Wanita,08/08/2000,85000002999,Arts - Percussion,Yogyakarta,Completed,Completed,Completed,Completed,Completed,2019,No,,,
Participant 2087,Participant 2087,Wanita,31/07/2003,85000002087,Arts - Movement,Yogyakarta (Open Class),Completed,Completed,Completed,Not Completed,Completed,2019,No,,,
Participant 2998,Participant 2998,Wanita,27/12/1996,85000002998,Arts - Percussion,Yogyakarta,Completed,Completed,Completed,Completed,Completed,2019,Yes,,,
Participant 2089,Participant 2089,Wanita,04/03/2004,85000002089,Vocal - Singer,Solo (Open Class),Completed,Completed,Not Completed,Completed,Completed,2019,Yes,,,
Participant 2090,Participant 2090,Wanita,16/07/1998,85000002090,Arts - Percussion,Sragen,Completed,Completed,Completed,Not Completed,Completed,2019,Yes,,,
Participant 2091,Participant 2091,Wanita,17/01/2003,85000002091,Arts - Percussion,Yogyakarta (Open Class),Completed,Completed,Not Completed,Completed,Not Completed,2019,No,,,
Participant 2092,Participant 2092,Wanita,26/01/1992,85000002092,Vocal - Singer,Jakarta (Open Class),Completed,Completed,Completed,Completed,Not Completed,2019,No,,,
Participant 2093,Participant 2093,Pria,12/02/1996,85000002093,Vocal - Singer,Yogyakarta (Open Class),Completed,Completed,Completed,Completed,Completed,2019,No,,,
Participant 2094,Participant 2094,Pria,02/12/1996,85000002094,Vocal - Singer,Yogyakarta (Open Class),Completed,Not Completed,Completed,Completed,Completed,2019,No,,,
participant 2095,participant 2095,Wanita,05/10/2000,85000002095,Vocal - Singer,Solo (Open Class),Completed,Completed,Completed,Completed,Not Completed,2019,Yes,,,
Participant 3011,Participant 3011,Wanita,08/02/1998,85000003011,Vocal - Choir,Yogyakarta,Not Completed,,Completed,Not Completed,Completed,2019,Yes,,,
Participant 2096,Participant 2096,Wanita,12/07/2001,85000002096,Vocal - Singer,Yogyakarta (Open Class),Completed,Completed,Completed,Completed,Completed,2019,Yes,,,
Participant 2098,Participant 2098,Pria,03/04/2006,85000002098,Music - Guitar,Solo (Open Class),Completed,Completed,Completed,Completed,Completed,2019,No,,,
Participant 2982,Participant 2982,Wanita,17/06/1998,85000002982,Arts - Percussion,Yogyakarta,Completed,Completed,Completed,Completed,Completed,2019,No,,,
Participant 2100,Participant 2100,Wanita,29/01/2004,85000002100,Vocal - Singer,Sragen,Completed,Completed,Completed,Completed,Not Completed,2019,No,,,
Participant 2101,Participant 2101,Pria,16/12/2004,85000002101,Audio - Engineer,Solo (Open Class),Completed,Completed,Completed,Completed,Completed,2019,No,,,
Participant 2103,Participant 2103,Wanita,23/09/2001,85000002103,Vocal - Lead,Yogyakarta (Open Class),Completed,Completed,Not Completed,Completed,Completed,2019,Yes,,,
Participant 2104,Participant 2104,Wanita,27/04/2007,85000002104,Arts - Percussion,Yogyakarta (Open Class),Completed,Completed,Completed,Completed,Completed,2019,Yes,,,
Participant 2105,Participant 2105,Wanita,02/09/1999,85000002105,Visual - Makeup,Yogyakarta (Open Class),Completed,Completed,Completed,Completed,Completed,2019,Yes,,,
PARTICIPANT 2107,PARTICIPANT 2107,Pria,03/05/2001,85000002107,Music - Drum,Solo (Open Class),Completed,Completed,Completed,Not Completed,Completed,2019,No,,,
Participant 2108,Participant 2108,Wanita,24/07/2004,85000002108,Audio - Engineer,Solo (Open Class),Completed,Completed,Not Completed,Completed,Completed,2019,No,,,
Participant 2109,Participant 2109,Pria,23/12/2004,85000002109,Vocal - Singer,Solo (Open Class),Completed,Not Completed,Not Completed,Completed,Completed,2019,No,,,
Participant 2111,Participant 2111,Wanita,27/05/2002,85000002111,Vocal - Singer,Yogyakarta (Open Class),Completed,Completed,Completed,Completed,Completed,2019,No,,,
Participant 2112,Participant 2112,Wanita,13/08/2000,85000002112,Vocal - Singer,Solo (Open Class),Completed,Not Completed,Completed,Completed,Completed,2019,Yes,,,
Participant 2113,Participant 2113,Pria,10/12/1980,85000002113,Vocal - Singer,Solo (Open Class),Not Completed,Completed,Completed,Completed,Completed,2019,Yes,,,
Participant 2114,Participant 2114,Wanita,05/03/2005,85000002114,Vocal - Singer,Yogyakarta (Open Class),Completed,Not Completed,Not Completed,Not Completed,Completed,2019,Yes,,,
Participant 2972,Participant 2972,Wanita,20/02/1999,85000002972,Arts - Percussion,Yogyakarta,Completed,Completed,Completed,Completed,Completed,2019,No,,,
Participant 3006,Participant 3006,Wanita,02/12/1989,85000003006,Vocal - Choir,Yogyakarta,Completed,Completed,Completed,Completed,Not Completed,2019,No,,,
Participant 2996,Participant 2996,Pria,21/05/1982,85000002996,Music - Guitar,Yogyakarta,Not Completed,Completed,Not Completed,Completed,Completed,2019,No,,,
Participant 2975,Participant 2975,Pria,13/02/1989,85000002975,Vocal - Choir,Yogyakarta,Not Completed,Completed,Completed,Completed,Completed,2019,No,,,
Participant 2993,Participant 2993,Wanita,27/12/1997,85000002993,Vocal - Choir,Yogyakarta,Completed,Not Completed,Completed,Completed,Completed,2019,Yes,,,
Participant 3014,Participant 3014,Pria,06/04/1999,85000003014,Music - Bass,Yogyakarta,Not Completed,,Completed,Completed,Completed,2019,Yes,,,
Participant 2115,Participant 2115,Pria,04/12/2005,85000002115,Audio - Engineer,Solo (Open Class),Completed,Completed,Not Completed,Completed,Completed,2019,Yes,,,
PARTICIPANT 738,PARTICIPANT 738,Pria,18/11/2003,85000000738,Music - Drum,Solo,Completed,Completed,Completed,Completed,Completed,2019,No,,,
Participant 3013,Participant 3013,Wanita,08/04/1998,85000003013,Vocal - Choir,Yogyakarta,Not Completed,,Completed,Completed,Completed,2019,Yes,,,
Participant 2116,Participant 2116,Wanita,04/04/2005,85000002116,Music - Keyboard,Solo (Open Class),Completed,Completed,Completed,Completed,Not Completed,2019,Yes,,,
Participant 2117,Participant 2117,Wanita,15/06/1993,85000002117,Vocal - Singer,Solo (Open Class),Completed,Completed,Not Completed,Not Completed,Completed,2019,Yes,,,
Participant 2119,Participant 2119,Pria,03/06/2002,85000002119,Music - Drum,Solo (Open Class),Completed,Completed,Not Completed,Completed,Completed,2019,Yes,,,
Participant 2121,Participant 2121,Wanita,25/03/1976,85000002121,Vocal - Singer,Yogyakarta (Open Class),Completed,Completed,Completed,Completed,Completed,2019,No,,,
Participant 2122,Participant 2122,Pria,16/11/2001,85000002122,Music - Guitar,Yogyakarta (Open Class),Completed,Completed,Completed,Not Completed,Completed,2019,Yes,,,
Participant 2123,Participant 2123,Pria,08/03/2007,85000002123,Music - Bass,Solo (Open Class),Completed,Completed,Completed,Completed,Completed,2019,Yes,,,
Participant 2124,Participant 2124,Wanita,27/07/1998,85000002124,Vocal - Lead,Yogyakarta (Open Class),Completed,Completed,Completed,Completed,Completed,2019,Yes,,,
Participant 2126,Participant 2126,Pria,07/02/2007,85000002126,Audio - Engineer,Solo (Open Class),Completed,Completed,Completed,Completed,Completed,2019,Yes,,,
Participant 2127,Participant 2127,Wanita,14/12/2000,85000002127,Audio - Engineer,Solo (Open Class),Completed,Completed,Completed,Completed,Completed,2019,No,,,
Participant 2129,Participant 2129,Pria,15/09/2006,85000002129,Audio - Engineer,Solo (Open Class),Completed,Completed,Completed,Completed,Completed,2019,No,,,
Participant 2130,Participant 2130,Wanita,21/02/2006,85000002130,Arts - Percussion,Yogyakarta (Open Class),Completed,Completed,Completed,Completed,Completed,2019,No,,,
PARTICIPANT 2986,PARTICIPANT 2986,Wanita,21/10/1988,85000002986,Vocal - Lead,Yogyakarta,Completed,Completed,Completed,Not Completed,Completed,2019,No,,,
Participant 2980,Participant 2980,Wanita,28/12/1991,85000002980,Vocal - Lead,Yogyakarta,Not Completed,Completed,Completed,Completed,Completed,2019,Yes,,,
Participant 2970,Participant 2970,Pria,18/12/1994,85000002970,Music - Guitar,Yogyakarta,Completed,Completed,Completed,Completed,Completed,2019,Yes,,,
Participant 2987,Participant 2987,Wanita,16/11/2000,85000002987,Arts - Percussion,Yogyakarta,Completed,Not Completed,Completed,Completed,Not Completed,2019,Yes,,,
Participant 2997,Participant 2997,Wanita,23/03/1999,85000002997,Arts - Percussion,Yogyakarta,Completed,Not Completed,Completed,Completed,Completed,2019,No,,,
Participant 3005,Participant 3005,Wanita,31/08/1998,85000003005,Arts - Percussion,Yogyakarta,Completed,Completed,Completed,Completed,Completed,2019,No,,,
Participant 3009,Participant 3009,Wanita,29/09/1999,85000003009,Arts - Percussion,Yogyakarta,Completed,Completed,Completed,Not Completed,Completed,2019,No,,,
Participant 2133,Participant 2133,Pria,01/08/1985,85000002133,Music - Keyboard,Solo (Open Class),Completed,Completed,Completed,Completed,Completed,2019,No,,,
Participant 2977,Participant 2977,Pria,19/05/2000,85000002977,Vocal - Choir,Yogyakarta,Completed,Completed,Completed,Completed,Completed,2019,Yes,,,
Participant 2988,Participant 2988,Pria,15/07/1998,85000002988,Music - Drum,Yogyakarta,Completed,Completed,Completed,Not Completed,Completed,2019,Yes,,,
Participant 3010,Participant 3010,Pria,22/04/1983,85000003010,Music - Drum,Yogyakarta,Not Completed,Completed,Completed,Completed,Completed,2019,Yes,,,
participant 2976,participant 2976,Pria,22/01/2004,85000002976,Music - Drum,Yogyakarta,Not Completed,Completed,Completed,Completed,Completed,2019,No,,,
Participant 2973,Participant 2973,Wanita,09/02/2000,85000002973,Arts - Percussion,Yogyakarta,Completed,Completed,Completed,Completed,Completed,2019,No,,,
Participant 2979,Participant 2979,Wanita,23/07/1999,85000002979,Arts - Percussion,Yogyakarta,Completed,Not Completed,Not Completed,Completed,Completed,2019,No,,,
Participant 2978,Participant 2978,Wanita,10/12/1999,85000002978,Arts - Percussion,Yogyakarta,Not Completed,Not Completed,Completed,Completed,Completed,2019,No,,,
Participant 2989,Participant 2989,Wanita,07/09/2000,85000002989,Music - Drum,Yogyakarta,Not Completed,Completed,Completed,Not Completed,Completed,2019,Yes,,,
Participant 2135,Participant 2135,Pria,22/01/2000,85000002135,Music - Guitar,Jakarta (Open Class),Completed,Not Completed,Not Completed,Completed,Not Completed,2019,Yes,,,
Participant 3016,Participant 3016,Wanita,12/04/1999,85000003016,Music - Keyboard,Yogyakarta,Completed,Completed,Completed,Not Completed,Completed,2019,Yes,,,
Participant 2974,Participant 2974,Pria,28/12/1999,85000002974,Music - Drum,Yogyakarta,Completed,Completed,Completed,Completed,Completed,2019,No,,,
Participant 3008,Participant 3008,Wanita,21/04/1989,85000003008,Arts - Movement,Yogyakarta,Completed,Completed,Completed,Completed,Not Completed,2019,No,,,
Participant 2991,Participant 2991,Wanita,19/06/1999,85000002991,Arts - Percussion,Yogyakarta,Not Completed,Completed,Not Completed,Completed,Completed,2019,No,,,
Participant 3007,Participant 3007,Pria,15/11/1998,85000003007,Vocal - Choir,Yogyakarta,Completed,Completed,Completed,Completed,Completed,2019,No,,,
Participant 2983,Participant 2983,Pria,20/11/2000,85000002983,Vocal - Choir,Yogyakarta,Completed,Not Completed,Completed,Not Completed,Not Completed,2019,Yes,,,
Participant 3017,Participant 3017,Wanita,06/06/1998,85000003017,Vocal - Choir,Yogyakarta,Completed,Completed,Not Completed,Not Completed,Not Completed,2019,Yes,,,
Participant 3018,Participant 3018,Wanita,31/08/1998,85000003018,Arts - Percussion,Yogyakarta,Completed,Completed,Completed,Not Completed,Not Completed,2019,Yes,,,
Participant 3019,Participant 3019,Pria,18/04/1996,85000003019,Music - Drum,Yogyakarta,Completed,Completed,Completed,Completed,Completed,2019,No,,,
Participant 3020,Participant 3020,Pria,07/01/1998,85000003020,Music - Drum,Yogyakarta,Completed,Completed,Completed,Completed,Completed,2019,No,,,
Participant 3021,Participant 3021,Pria,13/02/1995,85000003021,Music - Drum,Yogyakarta,Completed,Completed,Completed,Completed,Completed,2019,No,,,
Participant 3022,Participant 3022,Wanita,18/05/1998,85000003022,Vocal - Choir,Yogyakarta,Completed,Completed,Not Completed,Completed,Completed,2019,No,,,
Participant 3023,Participant 3023,Wanita,20/08/1998,85000003023,Vocal - Choir,Yogyakarta,Completed,Completed,Not Completed,Completed,Completed,2019,Yes,,,
Participant 3024,Participant 3024,Pria,25/06/2000,85000003024,Music - Keyboard,Yogyakarta,Completed,Completed,Completed,Completed,Completed,2019,Yes,,,
Participant 2136,Participant 2136,Wanita,28/10/2004,85000002136,Arts - Movement,Yogyakarta (Open Class),Completed,Not Completed,Completed,Completed,Completed,2019,Yes,,,
Participant 2137,Participant 2137,Pria,06/07/1972,85000002137,Music - Keyboard,Jakarta (Open Class),Not Completed,Completed,Completed,Completed,Completed,2019,No,,,
Participant 3025,Participant 3025,Pria,09/09/1999,85000003025,Vocal - Lead,Yogyakarta,Completed,Not Completed,Not Completed,Completed,Completed,2019,No,,,
Participant 2138,Participant 2138,Wanita,18/07/1995,85000002138,Arts - Percussion,Sragen,Completed,Completed,Completed,Completed,Completed,2019,No,,,
Participant 2139,Participant 2139,Wanita,28/06/1998,85000002139,Arts - Movement,Sragen,Completed,Completed,Not Completed,Completed,Completed,2019,No,,,
PARTICIPANT 2140,PARTICIPANT 2140,Wanita,24/03/2004,85000002140,Vocal - Singer,Sragen,Completed,Completed,Completed,Completed,Completed,2019,Yes,,,
Participant 2141,Participant 2141,Wanita,07/02/1995,85000002141,Vocal - Singer,Jakarta (Open Class),Completed,Not Completed,Completed,Completed,Completed,2019,Yes,,,
Participant 2142,Participant 2142,Pria,08/01/2004,85000002142,Music - Keyboard,Jakarta (Open Class),Completed,Not Completed,Completed,Completed,Completed,2019,Yes,,,
Participant 2143,Participant 2143,Pria,26/12/1984,85000002143,Music - Bass,Jakarta (Open Class),Completed,Completed,Not Completed,Completed,Completed,2019,No,,,
Participant 2144,Participant 2144,Pria,09/08/1998,85000002144,Music - Drum,Yogyakarta (Open Class),Completed,Not Completed,Completed,Completed,Completed,2019,No,,,
Participant 2145,Participant 2145,Wanita,03/10/1994,85000002145,Vocal - Singer,Solo (Open Class),Completed,Not Completed,Completed,Not Completed,Completed,2019,No,,,
Participant 2146,Participant 2146,Wanita,09/11/1993,85000002146,Arts - Percussion,Jakarta (Open Class),Completed,Completed,Completed,Completed,Completed,2019,No,,,
Participant 2147,Participant 2147,Wanita,12/05/1982,85000002147,Arts - Percussion,Sragen,Completed,Completed,Completed,Completed,Completed,2019,Yes,,,
Participant 2148,Participant 2148,Wanita,18/12/1997,85000002148,Vocal - Singer,Sragen,Completed,Not Completed,Completed,Completed,Completed,2019,Yes,,,
Participant 2149,Participant 2149,Wanita,26/06/1985,85000002149,Vocal - Singer,Jakarta (Open Class),Completed,Completed,Not Completed,Completed,Completed,2019,Yes,,,
Participant 3026,Participant 3026,Pria,14/04/2000,85000003026,Arts - Flag,Yogyakarta,Not Completed,Completed,Completed,Completed,Completed,2019,No,,,
Participant 2151,Participant 2151,Wanita,24/11/2001,85000002151,Arts - Percussion,Jakarta (Open Class),Completed,Completed,Completed,Completed,Completed,2019,No,,,
Participant 2150,Participant 2150,Wanita,04/07/1998,85000002150,Arts - Percussion,Jakarta (Open Class),Completed,Completed,Completed,Completed,Completed,2019,No,,,
Participant 2152,Participant 2152,Pria,16/06/2001,85000002152,Arts - Percussion,Jakarta (Open Class),Not Completed,Completed,Completed,Completed,Completed,2019,No,,,
Participant 2154,Participant 2154,Pria,18/09/2002,85000002154,Vocal - Singer,Jakarta (Open Class),Completed,Completed,Completed,Completed,Completed,2019,Yes,,,
Participant 2155,Participant 2155,Wanita,07/08/1997,85000002155,Vocal - Singer,Jakarta (Open Class),Completed,Completed,Completed,Not Completed,Completed,2019,Yes,,,
Participant 2156,Participant 2156,Wanita,14/08/2001,85000002156,Arts - Percussion,Sragen,Completed,Completed,Not Completed,Completed,Not Completed,2019,Yes,,,
Participant 2157,Participant 2157,Wanita,09/09/2000,85000002157,Vocal - Singer,Jakarta (Open Class),Completed,Completed,Completed,Not Completed,Completed,2019,No,,,
Participant 2158,Participant 2158,Wanita,26/06/1985,85000002158,Vocal - Singer,Jakarta (Open Class),Completed,Completed,Not Completed,Not Completed,Completed,2019,No,,,
Participant 2159,Participant 2159,Wanita,07/07/2000,85000002159,Vocal - Singer,Solo (Open Class),Completed,Completed,Completed,Completed,Completed,2019,No,,,
PARTICIPANT 2160,PARTICIPANT 2160,Pria,16/02/1991,85000002160,Music - Guitar,Jakarta (Open Class),Completed,Not Completed,Completed,Completed,Completed,2019,No,,,
Participant 2161,Participant 2161,Wanita,24/07/1991,85000002161,Arts - Percussion,Jakarta (Open Class),Completed,Not Completed,Completed,Completed,Completed,2019,Yes,,,
Participant 2163,Participant 2163,Wanita,23/11/1987,85000002163,Vocal - Singer,Jakarta (Open Class),Completed,Completed,Not Completed,Completed,Completed,2019,Yes,,,
Participant 2165,Participant 2165,Pria,05/01/1984,85000002165,Music - Bass,Jakarta (Open Class),Not Completed,Completed,Not Completed,Completed,Completed,2019,Yes,,,
Participant 2166,Participant 2166,Pria,26/12/1984,85000002166,Music - Bass,Jakarta (Open Class),Not Completed,Completed,Completed,Completed,Completed,2019,No,,,
Participant 2167,Participant 2167,Wanita,09/10/1984,85000002167,Vocal - Lead,Solo (Open Class),Completed,Completed,Not Completed,Not Completed,Completed,2019,No,,,
Participant 2168,Participant 2168,Wanita,19/01/2007,85000002168,Arts - Percussion,Solo (Open Class),Completed,Completed,Completed,Not Completed,Completed,2019,No,,,
Participant 2169,Participant 2169,Wanita,09/07/2003,85000002169,Arts - Percussion,Solo  (Open Class),Completed,Completed,Completed,Completed,Completed,2019,No,,,
Participant 2170,Participant 2170,Pria,22/11/1985,85000002170,Vocal - Lead,Solo (Open Class),Not Completed,Completed,Completed,Completed,Not Completed,2019,Yes,,,
Participant 2172,Participant 2172,Wanita,29/09/1991,85000002172,Vocal - Singer,Yogyakarta (Open Class),Completed,Completed,Completed,Completed,Not Completed,2019,Yes,,,
Participant 2173,Participant 2173,Pria,30/10/1992,85000002173,Vocal - Singer,Jakarta (Open Class),Completed,Completed,Completed,Completed,Completed,2019,Yes,,,
Participant 2174,Participant 2174,Wanita,21/08/2003,85000002174,Arts - Percussion,Yogyakarta (Open Class),Not Completed,Completed,Completed,Completed,Completed,2019,No,,,
Participant 2175,Participant 2175,Wanita,15/04/2005,85000002175,Arts - Percussion,Yogyakarta (Open Class),Completed,Completed,Completed,Completed,Completed,2019,No,,,
Participant 2176,Participant 2176,Wanita,20/02/2001,85000002176,Vocal - Choir,Solo (Open Class),Completed,Completed,Completed,Completed,Completed,2019,No,,,
Participant 2177,Participant 2177,Pria,01/02/2006,85000002177,Vocal - Singer,Solo (Open Class),Completed,Completed,Completed,Not Completed,Not Completed,2019,No,,,
Participant 2178,Participant 2178,Wanita,31/12/2001,85000002178,Vocal - Singer,Solo (Open Class),Completed,Completed,Not Completed,Completed,Completed,2019,Yes,,,
Participant 2181,Participant 2181,Wanita,05/03/1980,85000002181,Vocal - Singer,Solo  (Open Class),Completed,Completed,Completed,Completed,Completed,2019,Yes,,,
Participant 2183,Participant 2183,Wanita,12/07/2004,85000002183,Arts - Percussion,Yogyakarta (Open Class),Completed,Completed,Completed,Completed,Not Completed,2019,Yes,,,
Participant 2184,Participant 2184,Pria,28/04/1997,85000002184,Music - Drum,Yogyakarta (Open Class),Completed,Completed,Completed,Completed,Completed,2019,No,,,
Participant 2187,Participant 2187,Wanita,21/04/2004,85000002187,Arts - Percussion,Solo  (Open Class),Completed,Completed,Not Completed,Completed,Completed,2019,No,,,
participant 2189,participant 2189,Wanita,30/10/2006,85000002189,Arts - Percussion,Solo (Open Class),Completed,Completed,Completed,Completed,Completed,2019,No,,,
Participant 2191,Participant 2191,Pria,16/09/1986,85000002191,Music - Guitar,Solo (Open Class),Not Completed,Completed,Completed,Completed,Completed,2019,No,,,
Participant 2193,Participant 2193,Pria,21/09/1999,85000002193,Arts - Flag,Solo (Open Class),Completed,Not Completed,Completed,Completed,Completed,2019,Yes,,,
PARTICIPANT 2194,PARTICIPANT 2194,Wanita,12/03/2004,85000002194,Arts - Percussion,Solo (Open Class),Completed,Completed,Completed,Completed,Completed,2019,Yes,,,
Participant 2195,Participant 2195,Wanita,12/03/2004,85000002195,Arts - Percussion,Solo (Open Class),Completed,Completed,Completed,Completed,Completed,2019,Yes,,,
Participant 77,Participant 77,Wanita,29/04/1987,85000000077,Vocal - Singer,Solo,Completed,Completed,Completed,Completed,Completed,2019,No,,,
Participant 2197,Participant 2197,Wanita,03/03/1998,85000002197,Vocal - Choir,Solo (Open Class),Completed,Completed,Completed,Not Completed,Completed,2019,No,,,
Participant 2198,Participant 2198,Pria,10/01/2005,85000002198,Vocal - Singer,Yogyakarta (Open Class),Completed,Not Completed,Not Completed,Completed,Completed,2019,No,,,
participant 2200,participant 2200,Wanita,24/08/1973,85000002200,Vocal - Singer,Solo (Open Class),Completed,Completed,Not Completed,Completed,Completed,2019,No,,,
Participant 2201,Participant 2201,Pria,21/09/1971,85000002201,Vocal - Singer,Solo (Open Class),Completed,Completed,Completed,Not Completed,Completed,2019,Yes,,,
Participant 2202,Participant 2202,Wanita,24/11/1972,85000002202,Vocal - Singer,Solo (Open Class),Completed,Not Completed,Completed,Completed,Completed,2019,Yes,,,
Participant 2204,Participant 2204,Wanita,24/12/1985,85000002204,Vocal - Singer,Yogyakarta (Open Class),Completed,Completed,Completed,Completed,Not Completed,2019,Yes,,,
Participant 2205,Participant 2205,Pria,21/05/1975,85000002205,Arts - Movement,Purwokerto,Not Completed,Completed,Not Completed,Completed,Completed,2019,No,,,
Participant 2206,Participant 2206,Pria,27/02/1994,85000002206,Music - Keyboard,Solo  (Open Class),Completed,Not Completed,Not Completed,Not Completed,Completed,2019,No,,,
Participant 2207,Participant 2207,Pria,21/11/2001,85000002207,Vocal - Singer,Solo (Open Class),No,Completed,Completed,Completed,Not Completed,2019,No,,,
Participant 777,Participant 777,Wanita,07/07/2006,85000000777,Music - Keyboard,Wonogiri,Completed,Completed,Completed,Completed,Not Completed,2019,No,,,
Participant 2208,Participant 2208,Pria,20/06/1989,85000002208,Music - Keyboard,Purwokerto,Not Completed,Completed,Completed,Completed,Completed,2019,Yes,,,
Participant 2209,Participant 2209,Wanita,28/08/2006,85000002209,Vocal - Singer,Solo (Open Class),Not Completed,Completed,Completed,Completed,Completed,2019,Yes,,,
Participant 2210,Participant 2210,Wanita,14/06/2006,85000002210,Vocal - Singer,Solo (Open Class),Completed,Completed,Completed,Completed,Completed,2019,Yes,,,
Participant 2211,Participant 2211,Wanita,23/03/1980,85000002211,Vocal - Singer,Jakarta (Open Class),Completed,Completed,Completed,Completed,Not Completed,2019,No,,,
participant 2212,participant 2212,Pria,26/06/2006,85000002212,Vocal - Singer,Solo (Open Class),Completed,Completed,Completed,Completed,Completed,2019,No,,,
Participant 2213,Participant 2213,Wanita,18/06/2007,85000002213,Arts - Percussion,Solo (Open Class),Not Completed,Not Completed,Completed,Completed,Completed,2019,No,,,
Participant 2214,Participant 2214,Wanita,31/07/1989,85000002214,Music - Keyboard,Purwokerto,Completed,Not Completed,Completed,Not Completed,Not Completed,2019,No,,,
Participant 2215,Participant 2215,Pria,01/07/2005,85000002215,Vocal - Singer,Yogyakarta (Open Class),Completed,Completed,Completed,Not Completed,Completed,2019,Yes,,,
Participant 2216,Participant 2216,Pria,26/09/2006,85000002216,Music - Drum,Purwokerto,Completed,Not Completed,Completed,Not Completed,Completed,2019,Yes,,,
Participant 2217,Participant 2217,Pria,30/06/1993,85000002217,Music - Keyboard,Yogyakarta (Open Class),Not Completed,Completed,Completed,Completed,Not Completed,2019,Yes,,,
Participant 2219,Participant 2219,Pria,19/06/2005,85000002219,Vocal - Singer,Jakarta (Open Class),Completed,Completed,Completed,Completed,Completed,2019,No,,,
PARTICIPANT 2220,PARTICIPANT 2220,Wanita,22/04/1974,85000002220,Vocal - Choir,Yogyakarta (Open Class),Completed,Completed,Not Completed,Completed,Completed,2019,No,,,
Participant 2221,Participant 2221,Wanita,17/09/2001,85000002221,Vocal - Singer,Solo (Open Class),Completed,Completed,Not Completed,Completed,Completed,2019,No,,,
Participant 2223,Participant 2223,Pria,19/05/2002,85000002223,Music - Keyboard,Yogyakarta (Open Class),Completed,Not Completed,Completed,Completed,Completed,2019,No,,,
Participant 2224,Participant 2224,Pria,15/11/2001,85000002224,Vocal - Singer,Solo (Open Class),Not Completed,Completed,Completed,Completed,Completed,2019,Yes,,,
Participant 2225,Participant 2225,Wanita,05/04/1989,85000002225,Vocal - Singer,Yogyakarta (Open Class),Completed,Completed,Completed,Completed,Completed,2019,Yes,,,
Participant 2226,Participant 2226,Pria,25/10/1988,85000002226,Music - Guitar,Yogyakarta (Open Class),Completed,Completed,Completed,Completed,Not Completed,2019,Yes,,,
Participant 2227,Participant 2227,Pria,27/09/2005,85000002227,Music - Keyboard,Yogyakarta (Open Class),Not Completed,Completed,Completed,Completed,Not Completed,2019,No,,,
PARTICIPANT 2229,PARTICIPANT 2229,Pria,04/01/1985,85000002229,Music - Bass,Jakarta (Open Class),Not Completed,Not Completed,Completed,Completed,Completed,2019,No,,,
Participant 2230,Participant 2230,Pria,12/09/2007,85000002230,Music - Bass,Purwokerto,Completed,Completed,Completed,Completed,Completed,2019,No,,,
Participant 2236,Participant 2236,Wanita,28/01/1971,85000002236,Vocal - Lead,Solo (Open Class),Completed,Completed,Completed,Completed,Completed,2019,No,,,
Participant 2237,Participant 2237,Wanita,07/08/1980,85000002237,Vocal - Lead,Solo (Open Class),Completed,Completed,Completed,Completed,Completed,2019,Yes,,,
Participant 2239,Participant 2239,Pria,27/07/2003,85000002239,Music - Guitar,Yogyakarta (Open Class),Not Completed,Completed,Completed,Completed,Completed,2019,Yes,,,
Participant 2240,Participant 2240,Wanita,17/05/2006,85000002240,Arts - Percussion,Solo (Open Class),Completed,Not Completed,Completed,Completed,Completed,2019,Yes,,,
Participant 2241,Participant 2241,Pria,26/05/1996,85000002241,Music - Guitar,Solo  (Open Class),Not Completed,Not Completed,Not Completed,Completed,Completed,2019,No,,,
Participant 2243,Participant 2243,Pria,10/01/1994,85000002243,Audio - Engineer,Jakarta (Open Class),Completed,Completed,Completed,Completed,Completed,2019,No,,,
Participant 2244,Participant 2244,Pria,01/06/2003,85000002244,Vocal - Singer,Yogyakarta (Open Class),Completed,Completed,Completed,Completed,Completed,2019,No,,,
Participant 2245,Participant 2245,Wanita,04/03/1999,85000002245,Visual - Makeup,Yogyakarta (Open Class),Completed,Not Completed,Completed,Completed,Completed,2019,No,,,
Participant 2246,Participant 2246,Wanita,09/10/2007,85000002246,Arts - Movement,Solo (Open Class),Not Completed,Completed,Completed,Completed,Completed,2019,Yes,,,
Participant 2247,Participant 2247,Pria,12/04/2005,85000002247,Music - Drum,Yogyakarta (Open Class),Completed,Completed,Completed,Completed,Completed,2019,Yes,,,
Participant 2248,Participant 2248,Wanita,20/05/1968,85000002248,Visual - Makeup,Solo (Open Class),Completed,Completed,Completed,Completed,Completed,2019,Yes,,,
Participant 2249,Participant 2249,Wanita,12/04/2004,85000002249,Music - Guitar,Solo (Open Class),Completed,Completed,Completed,Not Completed,Completed,2019,No,,,
Participant 2251,Participant 2251,Pria,03/04/2001,85000002251,Music - Drum,Yogyakarta (Open Class),Completed,Completed,Completed,Completed,Completed,2019,No,,,
Participant 2252,Participant 2252,Wanita,04/05/2005,85000002252,Arts - Percussion,Jakarta (Open Class),Completed,Completed,Completed,Completed,Not Completed,2019,No,,,
Participant 2253,Participant 2253,Wanita,19/12/1997,85000002253,Vocal - Singer,Solo (Open Class),Completed,Completed,Completed,Completed,Completed,2019,No,,,
Participant 2254,Participant 2254,Wanita,13/08/2002,85000002254,Vocal - Singer,Yogyakarta (Open Class),Completed,Completed,Completed,Not Completed,Completed,2019,Yes,,,
Participant 2255,Participant 2255,Pria,12/03/1985,85000002255,Music - Guitar,Solo (Open Class),Completed,Not Completed,Completed,Completed,Completed,2019,Yes,,,
Participant 2256,Participant 2256,Pria,08/09/2004,85000002256,Music - Keyboard,Jakarta (Open Class),Completed,Not Completed,Completed,Completed,Completed,2019,Yes,,,
Participant 2257,Participant 2257,Pria,28/11/1973,85000002257,Vocal - Singer,Jakarta (Open Class),Completed,Not Completed,Completed,Completed,Completed,2019,No,,,
Participant 2258,Participant 2258,Pria,11/03/1997,85000002258,Arts - Movement,Jakarta (Open Class),Completed,Completed,Completed,Completed,Completed,2019,No,,,
Participant 2260,Participant 2260,Wanita,16/06/2005,85000002260,Arts - Movement,Solo (Open Class),Completed,Completed,Completed,Completed,Not Completed,2019,No,,,
Participant 2262,Participant 2262,Pria,17/06/1991,85000002262,Music - Guitar,Jakarta (Open Class),Not Completed,Completed,Not Completed,Completed,Completed,2019,No,,,
PARTICIPANT 2263,PARTICIPANT 2263,Wanita,23/12/1993,85000002263,Vocal - Singer,Jakarta (Open Class),Not Completed,Not Completed,Completed,Not Completed,Completed,2019,Yes,,,
PARTICIPANT 2265,PARTICIPANT 2265,Pria,10/02/1978,85000002265,Vocal - Singer,Jakarta (Open Class),Not Completed,Completed,Completed,Completed,Completed,2019,Yes,,,
PARTICIPANT 2266,PARTICIPANT 2266,Wanita,29/08/1999,85000002266,Vocal - Lead,Tangerang,Completed,Completed,Completed,Completed,Completed,2019,Yes,,,
Participant 2267,Participant 2267,Pria,10/05/1989,85000002267,Vocal - Singer,Tangerang,Completed,Not Completed,Completed,Not Completed,Completed,2019,No,,,
Participant 2268,Participant 2268,Pria,05/02/1999,85000002268,Music - Keyboard,Purwokerto,Completed,Completed,Completed,Not Completed,Completed,2019,No,,,
Participant 2269,Participant 2269,Wanita,05/11/2006,85000002269,Arts - Movement,Tangerang,Completed,Completed,Completed,Completed,Completed,2019,No,,,
Participant 2270,Participant 2270,Wanita,14/11/2007,85000002270,Arts - Percussion,Jakarta (Open Class),Completed,Completed,Completed,Completed,Completed,2019,No,,,
Participant 2271,Participant 2271,Wanita,30/03/1984,85000002271,Vocal - Singer,Jakarta (Open Class),Not Completed,Completed,Not Completed,Completed,Completed,2019,Yes,,,
Participant 2272,Participant 2272,Wanita,09/06/1998,85000002272,Arts - Percussion,Jakarta (Open Class),Completed,Not Completed,Not Completed,Not Completed,Not Completed,2019,Yes,,,
PARTICIPANT 2273,PARTICIPANT 2273,Pria,23/01/1980,85000002273,Music - Guitar,Tangerang,Completed,Completed,Completed,Completed,Not Completed,2019,Yes,,,
participant 2274,participant 2274,Pria,07/07/1978,85000002274,Vocal - Singer,Solo (Open Class),Completed,Completed,Not Completed,Completed,Completed,2019,No,,,
Participant 2275,Participant 2275,Pria,28/08/1977,85000002275,Music - Drum,Tangerang,Completed,Completed,Completed,Completed,Completed,2019,No,,,
Participant 2276,Participant 2276,Wanita,19/07/2005,85000002276,Arts - Percussion,Tangerang,Completed,Not Completed,Completed,Completed,Not Completed,2019,No,,,
Participant 2277,Participant 2277,Wanita,23/08/1995,85000002277,Arts - Percussion,Tangerang,Completed,Completed,Completed,Completed,Completed,2019,No,,,
Participant 2279,Participant 2279,Wanita,14/08/2006,85000002279,Arts - Movement,Purwokerto,Completed,Completed,Completed,Completed,Not Completed,2019,Yes,,,
Participant 2280,Participant 2280,Wanita,11/10/2006,85000002280,Vocal - Choir,Solo (Open Class),Completed,Completed,Completed,Completed,Completed,2019,Yes,,,
Participant 2281,Participant 2281,Pria,18/07/2002,85000002281,Music - Keyboard,Solo (Open Class),Completed,Completed,Completed,Completed,Completed,2019,Yes,,,
Participant 2282,Participant 2282,Pria,25/08/2004,85000002282,Vocal - Singer,Solo (Open Class),Completed,Completed,Completed,Completed,Completed,2019,No,,,
Participant 2284,Participant 2284,Wanita,07/02/2000,85000002284,Vocal - Singer,Yogyakarta (Open Class),Completed,Completed,Completed,Not Completed,Completed,2019,Yes,,,
Participant 2287,Participant 2287,Pria,07/03/1996,85000002287,Arts - Movement,Jakarta (Open Class),Completed,Completed,Completed,Not Completed,Completed,2019,No,,,
Participant 2288,Participant 2288,Pria,06/04/2005,85000002288,Vocal - Choir,Yogyakarta (Open Class),Completed,Completed,Completed,Completed,Completed,2019,Yes,,,
Participant 2289,Participant 2289,Pria,15/12/2000,85000002289,Music - Bass,Yogyakarta (Open Class),Completed,Completed,Completed,Completed,Completed,2019,Yes,,,
Participant 2290,Participant 2290,Wanita,01/01/1981,85000002290,Vocal - Lead,Solo (Open Class),Completed,Completed,Completed,Completed,Completed,2019,Yes,,,
Participant 2291,Participant 2291,Wanita,28/10/2002,85000002291,Vocal - Singer,Solo (Open Class),Completed,Completed,Not Completed,Not Completed,Completed,2019,Yes,,,
Participant 2292,Participant 2292,Wanita,29/08/1986,85000002292,Vocal - Singer,Solo (Open Class),Completed,Completed,Completed,Not Completed,Completed,2019,No,,,
Participant 2294,Participant 2294,Wanita,19/10/2006,85000002294,Vocal - Singer,Jakarta (Open Class),Completed,Completed,Completed,Completed,Not Completed,2019,Yes,,,
Participant 2295,Participant 2295,Wanita,29/05/1994,85000002295,Arts - Percussion,Solo (Open Class),Completed,Completed,Completed,Not Completed,Not Completed,2019,Yes,,,
Participant 2297,Participant 2297,Wanita,27/12/1989,85000002297,Vocal - Singer,Jakarta (Open Class),Completed,Completed,Completed,Completed,Completed,2019,Yes,,,
Participant 2298,Participant 2298,Pria,30/01/1989,85000002298,Music - Drum,Yogyakarta (Open Class),Completed,Completed,Completed,Completed,Completed,2019,Yes,,,
Participant 2301,Participant 2301,Pria,13/05/2006,85000002301,Music - Keyboard,Yogyakarta (Open Class),Completed,Completed,Completed,Completed,Not Completed,2019,Yes,,,
PARTICIPANT 2302,PARTICIPANT 2302,Pria,18/10/2007,85000002302,Music - Drum,Purwokerto,Not Completed,Not Completed,Completed,Completed,Not Completed,2019,Yes,,,
Participant 2303,Participant 2303,Pria,31/01/1999,85000002303,Vocal - Singer,Jakarta (Open Class),Completed,Completed,Completed,Completed,Completed,2019,Yes,,,
Participant 2304,Participant 2304,Wanita,21/03/2000,85000002304,Arts - Percussion,Solo (Open Class),Not Completed,Completed,Completed,Completed,Not Completed,2019,Yes,,,
Participant 2305,Participant 2305,Wanita,01/12/2003,85000002305,Vocal - Singer,Yogyakarta (Open Class),Completed,Completed,Completed,Completed,Completed,2019,No,,,
Participant 2306,Participant 2306,Wanita,30/11/2003,85000002306,Music - Keyboard,Yogyakarta (Open Class),Completed,Completed,Completed,Completed,Not Completed,2019,Yes,,,
Participant 2307,Participant 2307,Pria,25/09/2002,85000002307,Vocal - Singer,Yogyakarta (Open Class),Completed,Not Completed,Completed,Completed,Completed,2019,Yes,,,
Participant 2308,Participant 2308,Wanita,16/10/2003,85000002308,Arts - Percussion,Solo (Open Class),Completed,Completed,Completed,Completed,Completed,2019,Yes,,,
PARTICIPANT 2309,PARTICIPANT 2309,Wanita,28/10/1992,85000002309,Visual - Makeup,Solo (Open Class),Completed,Completed,Completed,Completed,Completed,2019,Yes,,,
Participant 2310,Participant 2310,Pria,02/05/1984,85000002310,Music - Keyboard,Solo (Open Class),Not Completed,Completed,Completed,Completed,Completed,2019,Yes,,,
PARTICIPANT 2311,PARTICIPANT 2311,Wanita,21/03/1987,85000002311,Arts - Percussion,Solo (Open Class),Completed,Completed,Completed,Not Completed,Completed,2019,Yes,,,
Participant 2312,Participant 2312,Pria,14/03/1993,85000002312,Music - Drum,Purwokerto,Completed,Not Completed,Completed,Completed,Completed,2019,No,,,
Participant 2313,Participant 2313,Wanita,02/10/1968,85000002313,Vocal - Lead,Solo (Open Class),Completed,Completed,Not Completed,Completed,Completed,2019,No,,,
Participant 2314,Participant 2314,Pria,02/05/1991,85000002314,Music - Guitar,Jakarta (Open Class),Completed,Completed,Completed,Completed,Completed,2019,No,,,
Participant 2315,Participant 2315,Pria,09/11/2002,85000002315,Music - Guitar,Jakarta (Open Class),Completed,Completed,Completed,Completed,Completed,2019,No,,,
Participant 2316,Participant 2316,Pria,16/07/2003,85000002316,Music - Guitar,Yogyakarta (Open Class),Completed,Completed,Completed,Completed,Completed,2019,Yes,,,
Participant 2318,Participant 2318,Wanita,28/06/1996,85000002318,Arts - Percussion,Solo (Open Class),Completed,Completed,Completed,Completed,Completed,2019,Yes,,,
Participant 2320,Participant 2320,Wanita,04/05/1968,85000002320,Vocal - Choir,Jakarta (Open Class),Completed,Not Completed,Not Completed,Completed,Completed,2019,Yes,,,
Participant 2321,Participant 2321,Wanita,25/02/1977,85000002321,Vocal - Singer,Purwokerto,Completed,Completed,Completed,Completed,Not Completed,2019,No,,,
Participant 2322,Participant 2322,Pria,30/07/2001,85000002322,Music - Guitar,Yogyakarta (Open Class),Completed,Completed,Completed,Completed,Completed,2019,No,,,
Participant 2323,Participant 2323,Pria,08/11/2000,85000002323,Music - Guitar,Solo (Open Class),Completed,Not Completed,Not Completed,Completed,Completed,2019,No,,,
Participant 2324,Participant 2324,Wanita,14/08/2001,85000002324,Arts - Percussion,Jakarta (Open Class),Completed,Not Completed,Completed,Not Completed,Completed,2019,No,,,
Participant 2325,Participant 2325,Pria,,85000002325,Music - Keyboard,Yogyakarta (Open Class),Completed,Not Completed,Completed,Completed,Completed,2019,Yes,,,
Participant 2326,Participant 2326,Pria,,85000002326,Vocal - Singer,Yogyakarta (Open Class),Not Completed,Completed,Completed,Completed,Completed,2019,Yes,,,
Participant 2330,Participant 2330,Pria,,85000002330,Music - Guitar,Yogyakarta (Open Class),Completed,Completed,Completed,Completed,Completed,2019,Yes,,,
Participant 2331,Participant 2331,Pria,,85000002331,Music - Keyboard,Yogyakarta (Open Class),Completed,Completed,Completed,Completed,Completed,2019,No,,,
Participant 2334,Participant 2334,Pria,05/05/2005,85000002334,Audio - Engineer,Yogyakarta (Open Class),Completed,Completed,Not Completed,Completed,Completed,2019,No,,,
Participant 2336,Participant 2336,Pria,,85000002336,Vocal - Singer,Yogyakarta (Open Class),Completed,Completed,Completed,Not Completed,Completed,2019,No,,,
Participant 2335,Participant 2335,Wanita,06/06/1999,85000002335,Vocal - Singer,Bali,Completed,Completed,Not Completed,Not Completed,Completed,2019,No,,,
Participant 863,Participant 863,Wanita,12/10/1994,85000000863,Music - Keyboard,Bandung,Completed,Completed,Completed,Completed,Not Completed,2019,Yes,,,
PARTICIPANT 2338,PARTICIPANT 2338,Wanita,31/01/2003,85000002338,Arts - Flag,Magelang,Completed,Completed,Completed,Completed,Completed,2019,Yes,,,
Participant 2339,Participant 2339,Pria,07/06/2003,85000002339,Music - Keyboard,Jakarta (Open Class),Completed,Completed,Completed,Not Completed,Completed,2019,Yes,,,
Participant 2340,Participant 2340,Pria,29/04/1994,85000002340,Vocal - Choir,Solo (Open Class),Completed,Completed,Completed,Not Completed,Completed,2019,No,,,
Participant 2341,Participant 2341,Wanita,24/10/2003,85000002341,Music - Keyboard,Purwokerto,Not Completed,Not Completed,Completed,Completed,Completed,2019,No,,,
Participant 2342,Participant 2342,Wanita,21/11/1992,85000002342,Arts - Movement,Tangerang,Completed,Completed,Completed,Completed,Completed,2019,No,,,
Participant 2344,Participant 2344,Wanita,03/06/2005,85000002344,Arts - Percussion,Purwokerto,Completed,Completed,Not Completed,Completed,Completed,2019,No,,,
Participant 2346,Participant 2346,Wanita,13/02/2002,85000002346,Vocal - Singer,Jakarta (Open Class),Completed,Not Completed,Completed,Not Completed,Completed,2019,Yes,,,
Participant 2347,Participant 2347,Pria,08/03/2000,85000002347,Music - Drum,Yogyakarta (Open Class),Completed,Completed,Completed,Completed,Completed,2019,Yes,,,
Participant 2348,Participant 2348,Pria,07/02/2006,85000002348,Music - Keyboard,Yogyakarta (Open Class),Completed,Completed,Completed,Completed,Completed,2019,Yes,,,
participant 2349,participant 2349,Wanita,06/08/2002,85000002349,Vocal - Singer,Solo  (Open Class),Completed,Completed,Completed,Completed,Completed,2019,No,,,
Participant 2350,Participant 2350,Wanita,19/08/2002,85000002350,Arts - Percussion,Jakarta (Open Class),Completed,Completed,Completed,Completed,Completed,2019,No,,,
Participant 87,Participant 87,Wanita,29/09/2005,85000000087,Vocal - Singer,Solo,Not Completed,Completed,Completed,Completed,Completed,2019,No,,,
PARTICIPANT 2351,PARTICIPANT 2351,Pria,10/10/1987,85000002351,Vocal - Lead,Jakarta (Open Class),Completed,Completed,Completed,Completed,Completed,2019,No,,,
Participant 2352,Participant 2352,Pria,31/01/1999,85000002352,Vocal - Singer,Jakarta (Open Class),Completed,Completed,Completed,Completed,Completed,2019,Yes,,,
Participant 2353,Participant 2353,Wanita,02/09/1991,85000002353,Arts - Percussion,Jakarta (Open Class),Completed,Completed,Completed,Completed,Completed,2019,Yes,,,
PARTICIPANT 2354,PARTICIPANT 2354,Pria,10/10/1999,85000002354,Vocal - Singer,Jakarta (Open Class),Completed,Completed,Completed,Completed,Completed,2019,Yes,,,
Participant 2355,Participant 2355,Wanita,18/12/1997,85000002355,Arts - Movement,Jakarta (Open Class),Completed,Completed,Not Completed,Not Completed,Not Completed,2019,No,,,
PARTICIPANT 2356,PARTICIPANT 2356,Pria,02/11/2004,85000002356,Vocal - Singer,Yogyakarta (Open Class),Completed,Not Completed,Completed,Completed,Completed,2019,No,,,
Participant 2357,Participant 2357,Wanita,15/10/1997,85000002357,Vocal - Singer,Yogyakarta (Open Class),Completed,Completed,Completed,Completed,Completed,2019,No,,,
Participant 2359,Participant 2359,Wanita,31/08/2000,85000002359,Vocal - Singer,Yogyakarta (Open Class),Completed,Completed,Completed,Not Completed,Not Completed,2019,No,,,
Participant 2360,Participant 2360,Wanita,07/10/1991,85000002360,Visual - Makeup,Yogyakarta (Open Class),Completed,Completed,Completed,Completed,Completed,2019,Yes,,,
Participant 2361,Participant 2361,Pria,18/11/2006,85000002361,Music - Bass,Yogyakarta (Open Class),Completed,Completed,Completed,Completed,Completed,2019,Yes,,,
Participant 2362,Participant 2362,Pria,12/05/1997,85000002362,Music - Drum,Yogyakarta (Open Class),Completed,Completed,Not Completed,Completed,Not Completed,2019,Yes,,,
Participant 3070,Participant 3070,Pria,26/09/1999,85000003070,Music - Keyboard,Yogyakarta,Completed,Completed,Not Completed,Completed,Not Completed,2019,No,,,
Participant 3039,Participant 3039,Wanita,11/02/2002,85000003039,Arts - Percussion,Yogyakarta,Completed,Completed,Completed,Not Completed,Completed,2019,No,,,
Participant 3097,Participant 3097,Wanita,23/11/1993,85000003097,Vocal - Choir,Yogyakarta,Completed,Completed,Completed,Completed,Completed,2019,No,,,
Participant 3060,Participant 3060,Pria,01/01/2001,85000003060,Music - Drum,Yogyakarta,Completed,Completed,Not Completed,Completed,Completed,2019,No,,,
Participant 3103,Participant 3103,Wanita,15/06/1993,85000003103,Vocal - Choir,Yogyakarta,Completed,Not Completed,Completed,Completed,Completed,2019,Yes,,,
Participant 3081,Participant 3081,Wanita,20/10/1999,85000003081,Vocal - Choir,Yogyakarta,Completed,Not Completed,Completed,Completed,Completed,2019,Yes,,,
Participant 3093,Participant 3093,Wanita,16/06/1997,85000003093,Vocal - Choir,Yogyakarta,Completed,Completed,Not Completed,Completed,Completed,2019,Yes,,,
Participant 3072,Participant 3072,Wanita,01/06/1996,85000003072,Music - Keyboard,Yogyakarta,Completed,Completed,Completed,Completed,Completed,2019,No,,,
Participant 3050,Participant 3050,Wanita,13/07/2001,85000003050,Arts - Percussion,Yogyakarta,Completed,Completed,Completed,Completed,Not Completed,2019,No,,,
Participant 3051,Participant 3051,Wanita,15/07/2001,85000003051,Arts - Percussion,Yogyakarta,Completed,Completed,Completed,Completed,Completed,2019,No,,,
Participant 3092,Participant 3092,Wanita,19/03/1999,85000003092,Vocal - Choir,Yogyakarta,Completed,Completed,Not Completed,Not Completed,Completed,2019,No,,,
Participant 3078,Participant 3078,Wanita,08/12/1983,85000003078,Vocal - Lead,Yogyakarta,Not Completed,Completed,Not Completed,Completed,Not Completed,2019,Yes,,,
Participant 3037,Participant 3037,Wanita,09/04/2004,85000003037,Arts - Percussion,Yogyakarta,Completed,Not Completed,Completed,Completed,Completed,2019,Yes,,,
PARTICIPANT 2363,PARTICIPANT 2363,Pria,10/10/1987,85000002363,Vocal - Singer,Jakarta (Open Class),Not Completed,Completed,Completed,Completed,Completed,2019,Yes,,,
Participant 2364,Participant 2364,Wanita,02/09/1991,85000002364,Arts - Percussion,Jakarta (Open Class),Completed,Completed,Completed,Completed,Completed,2019,No,,,
Participant 3089,Participant 3089,Wanita,24/07/2000,85000003089,Vocal - Choir,Yogyakarta,Completed,Completed,Completed,Not Completed,Not Completed,2019,No,,,
Participant 3100,Participant 3100,Wanita,17/07/1997,85000003100,Vocal - Choir,Yogyakarta,Completed,Completed,Not Completed,Not Completed,Completed,2019,No,,,
Participant 3052,Participant 3052,Wanita,23/09/1999,85000003052,Arts - Percussion,Yogyakarta,Completed,Completed,Completed,Completed,Completed,2019,No,,,
Participant 3104,Participant 3104,Pria,27/07/1998,85000003104,Vocal - Choir,Yogyakarta,Completed,Not Completed,Completed,Completed,Completed,2019,Yes,,,
Participant 3096,Participant 3096,Wanita,20/10/1999,85000003096,Vocal - Choir,Yogyakarta,Completed,Completed,Not Completed,Completed,Completed,2019,Yes,,,
Participant 3085,Participant 3085,Wanita,08/09/1997,85000003085,Vocal - Choir,Yogyakarta,Completed,Completed,Not Completed,Not Completed,Not Completed,2019,Yes,,,
Participant 3076,Participant 3076,Wanita,23/11/1984,85000003076,Vocal - Lead,Yogyakarta,Completed,Completed,Not Completed,Not Completed,Completed,2019,No,,,
Participant 3080,Participant 3080,Wanita,21/10/1976,85000003080,Vocal - Lead,Yogyakarta,Completed,Completed,Not Completed,Completed,Completed,2019,No,,,
Participant 3074,Participant 3074,Wanita,02/09/1992,85000003074,Vocal - Lead,Yogyakarta,Completed,Completed,Completed,Completed,Completed,2019,No,,,
Participant 3061,Participant 3061,Pria,06/01/2001,85000003061,Music - Drum,Yogyakarta,Not Completed,Completed,Completed,Not Completed,Not Completed,2019,No,,,
Participant 3027,Participant 3027,Wanita,10/03/1990,85000003027,Arts - Flag,Yogyakarta,Completed,Completed,Not Completed,Completed,Completed,2019,Yes,,,
Participant 3067,Participant 3067,Pria,24/02/1990,85000003067,Music - Guitar,Yogyakarta,Completed,Completed,Completed,Completed,Completed,2019,Yes,,,
Participant 3079,Participant 3079,Pria,03/05/2000,85000003079,Vocal - Lead,Yogyakarta,Completed,Completed,Completed,Completed,Completed,2019,Yes,,,
PARTICIPANT 3101,PARTICIPANT 3101,Wanita,01/10/2000,85000003101,Vocal - Choir,Yogyakarta,Completed,Completed,Completed,Completed,Completed,2019,No,,,
Participant 3049,Participant 3049,Wanita,20/01/1992,85000003049,Arts - Percussion,Yogyakarta,Completed,Completed,Not Completed,Completed,Completed,2019,No,,,
Participant 3045,Participant 3045,Wanita,26/01/1999,85000003045,Arts - Percussion,Yogyakarta,Completed,Completed,Completed,Completed,Completed,2019,No,,,
Participant 3084,Participant 3084,Wanita,24/02/2001,85000003084,Vocal - Choir,Yogyakarta,Completed,Completed,Not Completed,Completed,Completed,2019,No,,,
Participant 3082,Participant 3082,Wanita,14/03/2000,85000003082,Vocal - Choir,Yogyakarta,Completed,Completed,Completed,Completed,Completed,2019,Yes,,,
Participant 3032,Participant 3032,Wanita,03/04/1996,85000003032,Arts - Percussion,Yogyakarta,Completed,Not Completed,Completed,Completed,Completed,2019,Yes,,,
Participant 3054,Participant 3054,Wanita,12/02/2001,85000003054,Arts - Flag,Yogyakarta,Completed,Completed,Completed,Completed,Completed,2019,Yes,,,
Participant 3091,Participant 3091,Pria,02/02/1999,85000003091,Vocal - Choir,Yogyakarta,Completed,Completed,Completed,Completed,Completed,2019,No,,,
Participant 3073,Participant 3073,Pria,16/11/1997,85000003073,Audio - Engineer,Yogyakarta,Completed,Completed,Completed,Completed,Completed,2019,No,,,
Participant 3068,Participant 3068,Pria,25/08/1996,85000003068,Music - Guitar,Yogyakarta,Completed,Completed,Completed,Not Completed,Completed,2019,No,,,
Participant 3088,Participant 3088,Wanita,24/01/1968,85000003088,Vocal - Choir,Yogyakarta,Not Completed,Completed,Completed,Completed,Completed,2019,No,,,
PARTICIPANT 3055,PARTICIPANT 3055,Wanita,05/12/1980,85000003055,Visual - Makeup,Yogyakarta,Completed,Not Completed,Completed,Completed,Completed,2019,Yes,,,
Participant 3090,Participant 3090,Pria,23/10/1985,85000003090,Vocal - Choir,Yogyakarta,Completed,Completed,Completed,Completed,Completed,2019,Yes,,,
PARTICIPANT 3087,PARTICIPANT 3087,Wanita,02/07/1999,85000003087,Vocal - Choir,Yogyakarta,Not Completed,Completed,Completed,Completed,Completed,2019,Yes,,,
Participant 3083,Participant 3083,Wanita,04/11/2000,85000003083,Vocal - Choir,Yogyakarta,Completed,Completed,Completed,Not Completed,Not Completed,2019,No,,,
Participant 3029,Participant 3029,Wanita,04/02/2001,85000003029,Arts - Movement,Yogyakarta,Not Completed,Completed,Completed,Completed,Completed,2019,No,,,
Participant 3030,Participant 3030,Wanita,04/12/2001,85000003030,Arts - Percussion,Yogyakarta,Completed,Completed,Not Completed,Completed,Completed,2019,No,,,
Participant 3056,Participant 3056,Pria,05/03/1999,85000003056,Music - Bass,Yogyakarta,Completed,Completed,Completed,Completed,Not Completed,2019,No,,,
Participant 3034,Participant 3034,Wanita,20/06/2001,85000003034,Arts - Percussion,Yogyakarta,Not Completed,Completed,Completed,Completed,Not Completed,2019,Yes,,,
Participant 3062,Participant 3062,Pria,10/11/2001,85000003062,Music - Drum,Yogyakarta,Completed,Completed,Completed,Not Completed,Completed,2019,Yes,,,
Participant 3065,Participant 3065,Wanita,17/08/2000,85000003065,Music - Guitar,Yogyakarta,Not Completed,Completed,Completed,Completed,Completed,2019,Yes,,,
Participant 3066,Participant 3066,Pria,16/11/2001,85000003066,Music - Guitar,Yogyakarta,Completed,Completed,Completed,Not Completed,Not Completed,2019,No,,,
Participant 3048,Participant 3048,Wanita,21/09/1998,85000003048,Arts - Percussion,Yogyakarta,Completed,Completed,Not Completed,Completed,Completed,2019,No,,,
participant 3057,participant 3057,Pria,28/05/2002,85000003057,Music - Bass,Yogyakarta,Not Completed,Not Completed,Completed,Completed,Completed,2019,No,,,
Participant 3063,Participant 3063,Pria,20/09/1997,85000003063,Music - Drum,Yogyakarta,Completed,Completed,Completed,Completed,Completed,2019,No,,,
Participant 3075,Participant 3075,Wanita,27/11/1984,85000003075,Vocal - Lead,Yogyakarta,Completed,Not Completed,Completed,Not Completed,Completed,2019,Yes,,,
Participant 893,Participant 893,Pria,26/04/1999,85000000893,Vocal - Singer,Solo  (Open Class),Completed,Not Completed,Completed,Completed,Completed,2019,Yes,,,
Participant 3077,Participant 3077,Wanita,01/06/1978,85000003077,Vocal - Lead,Yogyakarta,Completed,Not Completed,Completed,Completed,Not Completed,2019,Yes,,,
Participant 3064,Participant 3064,Pria,23/12/2001,85000003064,Music - Guitar,Yogyakarta,Completed,Completed,Completed,Completed,Completed,2019,No,,,
Participant 903,Participant 903,Wanita,23/05/1997,85000000903,Vocal - Singer,Solo (Open Class),Not Completed,Completed,Completed,Completed,Completed,2019,No,,,
Participant 3053,Participant 3053,Wanita,04/12/2000,85000003053,Arts - Percussion,Yogyakarta,Completed,Completed,Completed,Completed,Completed,2019,No,,,
Participant 3028,Participant 3028,Wanita,09/08/2006,85000003028,Arts - Movement,Yogyakarta,Completed,Completed,Completed,Completed,Not Completed,2019,No,,,
Participant 3059,Participant 3059,Pria,08/02/2001,85000003059,Music - Drum,Yogyakarta,Completed,Completed,Completed,Completed,Completed,2019,Yes,,,
Participant 3046,Participant 3046,Wanita,02/11/1998,85000003046,Arts - Percussion,Yogyakarta,Completed,Not Completed,Completed,Completed,Not Completed,2019,Yes,,,
Participant 3071,Participant 3071,Pria,21/01/1998,85000003071,Music - Keyboard,Yogyakarta,Completed,Completed,Not Completed,Not Completed,Completed,2019,Yes,,,
Participant 3099,Participant 3099,Wanita,13/06/1997,85000003099,Vocal - Choir,Yogyakarta,Not Completed,Completed,Completed,Not Completed,Not Completed,2019,No,,,
Participant 2365,Participant 2365,Wanita,04/12/2003,85000002365,Music - Bass,Yogyakarta (Open Class),Not Completed,Not Completed,Completed,Not Completed,Completed,2019,No,,,
Participant 3086,Participant 3086,Wanita,11/03/1998,85000003086,Vocal - Choir,Yogyakarta,Completed,Completed,Completed,Completed,Completed,2019,No,,,
Participant 3095,Participant 3095,Wanita,05/03/1996,85000003095,Vocal - Choir,Yogyakarta,Completed,Not Completed,Completed,Completed,Not Completed,2019,No,,,
Participant 2366,Participant 2366,Pria,15/11/1980,85000002366,Music - Bass,Yogyakarta (Open Class),Completed,Completed,Completed,Completed,Completed,2019,Yes,,,
Participant 2368,Participant 2368,Wanita,07/05/2006,85000002368,Vocal - Singer,Jakarta (Open Class),Completed,Completed,Completed,Completed,Completed,2019,Yes,,,
Participant 3041,Participant 3041,Wanita,04/03/2001,85000003041,Arts - Percussion,Yogyakarta,Completed,Completed,Completed,Completed,Not Completed,2019,Yes,,,
Participant 3044,Participant 3044,Wanita,02/12/2003,85000003044,Arts - Percussion,Yogyakarta,Completed,Completed,Completed,Completed,Completed,2019,No,,,
Participant 3033,Participant 3033,Wanita,29/10/1999,85000003033,Arts - Percussion,Yogyakarta,Completed,Completed,Completed,Completed,Not Completed,2019,No,,,
Participant 3038,Participant 3038,Wanita,21/04/2004,85000003038,Arts - Percussion,Yogyakarta,Completed,Completed,Completed,Not Completed,Completed,2019,No,,,
Participant 3042,Participant 3042,Wanita,29/11/1998,85000003042,Arts - Percussion,Yogyakarta,Completed,Completed,Completed,Completed,Completed,2019,No,,,
Participant 2369,Participant 2369,Wanita,05/08/1996,85000002369,Vocal - Lead,Solo (Open Class),Completed,Completed,Completed,Completed,Completed,2019,Yes,,,
Participant 3035,Participant 3035,Wanita,10/03/1998,85000003035,Arts - Percussion,Yogyakarta,Completed,Completed,Completed,Completed,Completed,2019,Yes,,,
Participant 2370,Participant 2370,Pria,06/11/2000,85000002370,Vocal - Singer,Yogyakarta (Open Class),Completed,Completed,Completed,Completed,Completed,2019,Yes,,,
Participant 3098,Participant 3098,Wanita,23/11/1997,85000003098,Vocal - Choir,Yogyakarta,Completed,Completed,Not Completed,Completed,Completed,2019,No,,,
Participant 2371,Participant 2371,Pria,22/03/1998,85000002371,Vocal - Choir,Yogyakarta (Open Class),Completed,Completed,Completed,Completed,Completed,2019,No,,,
Participant 2372,Participant 2372,Pria,21/12/2000,85000002372,Music - Keyboard,Yogyakarta (Open Class),Completed,Completed,Not Completed,Completed,Completed,2019,No,,,
Participant 2373,Participant 2373,Pria,18/12/1995,85000002373,Music - Drum,Yogyakarta (Open Class),Completed,Not Completed,Not Completed,Not Completed,Completed,2019,No,,,
Participant 3069,Participant 3069,Pria,15/01/2005,85000003069,Music - Keyboard,Yogyakarta,Completed,Completed,Completed,Completed,Completed,2019,Yes,,,
Participant 3031,Participant 3031,Wanita,07/09/2000,85000003031,Arts - Percussion,Yogyakarta,Not Completed,Completed,Completed,Completed,Completed,2019,Yes,,,
Participant 2374,Participant 2374,Pria,13/08/2004,85000002374,Music - Drum,Yogyakarta (Open Class),Completed,Completed,Completed,Completed,Completed,2019,Yes,,,
Participant 3058,Participant 3058,Pria,12/07/1999,85000003058,Music - Saxophone,Yogyakarta,Completed,Completed,Completed,Completed,Completed,2019,No,,,
Participant 3043,Participant 3043,Wanita,19/04/1995,85000003043,Arts - Percussion,Yogyakarta,Completed,Completed,Completed,Completed,Not Completed,2019,No,,,
Participant 2375,Participant 2375,Wanita,05/08/2001,85000002375,Vocal - Singer,Solo (Open Class),Completed,Completed,Not Completed,Completed,Completed,2019,No,,,
Participant 2376,Participant 2376,Pria,08/03/2000,85000002376,Music - Drum,Yogyakarta (Open Class),Completed,Completed,Not Completed,Not Completed,Not Completed,2019,No,,,
Participant 3102,Participant 3102,Wanita,25/10/1991,85000003102,Vocal - Choir,Yogyakarta,Completed,Completed,Completed,Completed,Completed,2019,Yes,,,
Participant 3036,Participant 3036,Wanita,13/01/1999,85000003036,Arts - Percussion,Yogyakarta,Completed,Completed,Completed,Completed,Completed,2019,Yes,,,
Participant 3040,Participant 3040,Wanita,13/09/2000,85000003040,Arts - Percussion,Yogyakarta,Completed,Completed,Completed,Completed,Completed,2019,Yes,,,
Participant 3094,Participant 3094,Wanita,10/01/1995,85000003094,Vocal - Choir,Yogyakarta,Completed,Completed,Completed,Not Completed,Completed,2019,No,,,
Participant 2378,Participant 2378,Wanita,21/10/2002,85000002378,Arts - Percussion,Jakarta (Open Class),Completed,Completed,Completed,Not Completed,Completed,2019,No,,,
Participant 2380,Participant 2380,Wanita,07/09/2002,85000002380,Vocal - Singer,Yogyakarta (Open Class),Completed,Completed,Completed,Completed,Completed,2019,No,,,
Participant 3047,Participant 3047,Wanita,24/04/1995,85000003047,Arts - Percussion,Yogyakarta,Completed,Not Completed,Completed,Completed,Not Completed,2019,No,,,
Participant 2382,Participant 2382,Wanita,07/01/1999,85000002382,Visual - Makeup,Jakarta (Open Class),Completed,Completed,Completed,Completed,Completed,2019,Yes,,,
Participant 2383,Participant 2383,Pria,04/02/2006,85000002383,Music - Drum,Yogyakarta (Open Class),Completed,Completed,Completed,Not Completed,Completed,2019,Yes,,,
Participant 2384,Participant 2384,Wanita,09/03/2007,85000002384,Arts - Movement,Jakarta (Open Class),Completed,Not Completed,Completed,Completed,Completed,2019,Yes,,,
Participant 2385,Participant 2385,Pria,28/06/2005,85000002385,Music - Guitar,Yogyakarta (Open Class),Completed,Completed,Completed,Completed,Completed,2019,No,,,
Participant 2386,Participant 2386,Pria,07/01/1967,85000002386,Music - Drum,Jakarta (Open Class),Not Completed,Completed,Completed,Completed,Completed,2019,No,,,
Participant 2387,Participant 2387,Wanita,12/09/2000,85000002387,Vocal - Singer,Yogyakarta (Open Class),Completed,Not Completed,Completed,Completed,Completed,2019,No,,,
participant 2388,participant 2388,Wanita,09/09/2006,85000002388,Vocal - Singer,Solo (Open Class),Yes,Completed,Completed,Completed,Completed,2019,No,,,
Participant 2389,Participant 2389,Pria,23/02/1990,85000002389,Music - Guitar,Solo (Open Class),Yes,Completed,Completed,Completed,Not Completed,2019,Yes,,,
Participant 2390,Participant 2390,Pria,06/02/1982,85000002390,Vocal - Singer,Solo (Open Class),Yes,Completed,Not Completed,Completed,Completed,2019,Yes,,,
Participant 3105,Participant 3105,Wanita,03/11/1999,85000003105,Music - Keyboard,Yogyakarta,Completed,Not Completed,Completed,Completed,Completed,2019,Yes,,,
Participant 2391,Participant 2391,Wanita,19/08/2005,85000002391,Arts - Percussion,Yogyakarta (Open Class),No,Completed,Completed,Completed,Not Completed,2019,No,,,
PARTICIPANT 3106,PARTICIPANT 3106,Wanita,10/05/2001,85000003106,Vocal - Lead,Yogyakarta,Completed,Completed,Completed,Completed,Completed,2019,No,,,
PARTICIPANT 960,PARTICIPANT 960,Pria,11/05/2002,85000000960,Vocal - Singer,Yogyakarta (Open Class),Completed,Not Completed,Completed,Completed,Completed,2019,No,,,
Participant 2393,Participant 2393,Wanita,21/12/2005,85000002393,Vocal - Singer,Solo (Open Class),No,Not Completed,Not Completed,Completed,Completed,2019,No,,,
Participant 3107,Participant 3107,Wanita,20/02/1968,85000003107,Vocal - Choir,Yogyakarta,Completed,Completed,Not Completed,Completed,Completed,2019,Yes,,,
Participant 3108,Participant 3108,Wanita,03/05/1991,85000003108,Visual - Makeup,Yogyakarta,Completed,Completed,Not Completed,Not Completed,Completed,2019,No,,,
Participant 998,Participant 998,Pria,24/05/1998,85000000998,Vocal - Singer,Jakarta (Open Class),Not Completed,Completed,Not Completed,Completed,Not Completed,2019,No,,,
Participant 3109,Participant 3109,Pria,30/12/1981,85000003109,Vocal - Lead,Yogyakarta,Completed,Completed,Not Completed,Completed,Completed,2019,No,,,
Participant 2395,Participant 2395,Wanita,05/09/2004,85000002395,Vocal - Singer,Jakarta (Open Class),No,Completed,Not Completed,Completed,Not Completed,2019,No,,,
Participant 3110,Participant 3110,Pria,22/07/2004,85000003110,Music - Saxophone,Yogyakarta,Completed,Completed,Completed,Completed,Completed,2019,Yes,,,
Participant 2396,Participant 2396,Pria,11/04/1995,85000002396,Music - Guitar,Solo (Open Class),Yes,Completed,Completed,Not Completed,Not Completed,2019,Yes,,,
Participant 3111,Participant 3111,Pria,22/07/2004,85000003111,Music - Saxophone,Yogyakarta,Not Completed,Completed,Completed,Completed,Completed,2019,Yes,,,
Participant 2397,Participant 2397,Pria,23/04/1975,85000002397,Vocal - Singer,Solo (Open Class),Yes,Completed,Completed,Completed,Completed,2019,No,,,
Participant 3112,Participant 3112,Wanita,17/02/1994,85000003112,Visual - Makeup,Yogyakarta,Completed,Completed,Completed,Completed,Completed,2019,No,,,
Participant 2399,Participant 2399,Pria,05/02/2007,85000002399,Music - Drum,Solo (Open Class),No,Completed,Completed,Completed,Completed,2019,No,,,
Participant 3113,Participant 3113,Pria,22/02/2002,85000003113,Music - Bass,Yogyakarta,Completed,Not Completed,Completed,Completed,Completed,2019,No,,,
Participant 3114,Participant 3114,Pria,04/11/1987,85000003114,Vocal - Choir,Yogyakarta,Completed,Completed,Completed,Not Completed,Not Completed,2019,Yes,,,
Participant 3115,Participant 3115,Wanita,23/10/1988,85000003115,Vocal - Choir,Yogyakarta,Completed,Completed,Not Completed,Completed,Completed,2019,Yes,,,
Participant 2401,Participant 2401,Wanita,26/05/1979,85000002401,Vocal - Lead,Solo (Open Class),No,Completed,Completed,Completed,Completed,2019,Yes,,,
Participant 2402,Participant 2402,Pria,20/05/2006,85000002402,Music - Drum,Solo  (Open Class),No,Not Completed,Completed,Completed,Completed,2019,No,,,
Participant 3116,Participant 3116,Wanita,30/08/1998,85000003116,Vocal - Choir,Yogyakarta,Completed,Completed,Completed,Completed,Completed,2019,No,,,
Participant 3117,Participant 3117,Pria,22/11/2001,85000003117,Music - Drum,Yogyakarta,Completed,Completed,Completed,Completed,Completed,2019,No,,,
Participant 3118,Participant 3118,Wanita,21/03/2001,85000003118,Arts - Percussion,Yogyakarta,Completed,Completed,Completed,Completed,Completed,2019,No,,,
Participant 2404,Participant 2404,Wanita,09/07/1976,85000002404,Vocal - Lead,Solo (Open Class),Yes,Not Completed,Completed,Completed,Not Completed,2019,Yes,,,
Participant 2405,Participant 2405,Pria,16/10/1992,85000002405,Music - Drum,Solo (Open Class),No,Completed,Completed,Completed,Completed,2019,Yes,,,
Participant 2406,Participant 2406,Wanita,10/01/2007,85000002406,Arts - Percussion,Solo (Open Class),No,Completed,Completed,Completed,Completed,2019,Yes,,,
Participant 2407,Participant 2407,Wanita,02/02/2005,85000002407,Vocal - Singer,Yogyakarta (Open Class),No,Completed,Completed,Not Completed,Completed,2019,No,,,
Participant 3119,Participant 3119,Wanita,05/07/1993,85000003119,Vocal - Choir,Yogyakarta,Not Completed,Completed,Completed,Not Completed,Completed,2019,No,,,
Participant 3120,Participant 3120,Pria,02/09/2001,85000003120,Music - Keyboard,Yogyakarta,Not Completed,Completed,Completed,Completed,Completed,2019,No,,,
Participant 3121,Participant 3121,Wanita,24/08/1997,85000003121,Vocal - Choir,Yogyakarta,Not Completed,Completed,Completed,Completed,Completed,2019,No,,,
Participant 3122,Participant 3122,Wanita,13/07/2000,85000003122,Vocal - Choir,Yogyakarta,Completed,Completed,Not Completed,Completed,Completed,2019,Yes,,,
Participant 3123,Participant 3123,Pria,28/10/1995,85000003123,Music - Keyboard,Yogyakarta,Completed,Not Completed,Completed,Completed,Not Completed,2019,Yes,,,
Participant 3124,Participant 3124,Wanita,15/05/2000,85000003124,Visual - Makeup,Yogyakarta,Completed,Completed,Completed,Completed,Completed,2019,Yes,,,
Participant 3125,Participant 3125,Wanita,13/11/1999,85000003125,Arts - Percussion,Yogyakarta,Completed,Completed,Completed,Not Completed,Completed,2019,No,,,
Participant 2409,Participant 2409,Wanita,13/12/1978,85000002409,Vocal - Lead,Solo (Open Class),Yes,Completed,Completed,Completed,Completed,2019,No,,,
Participant 2411,Participant 2411,Wanita,26/11/2006,85000002411,Arts - Percussion,Solo (Open Class),No,Completed,Completed,Not Completed,Not Completed,2019,No,,,
Participant 2412,Participant 2412,Wanita,16/02/1999,85000002412,Arts - Percussion,Solo (Open Class),Yes,Completed,Completed,Completed,Not Completed,2019,No,,,
